name,ABNT NBR 15965,
version,2023,
source,ABNT,
description,Sistema de classificação da informação da construção,
CODE,SUBJECT,DESCRIPTION
0M,Materiais,Materiais de construção
0M.10,Elementos químicos,
0M.10.10,Elementos sólidos,
0M.10.10.01,Carbono,
0M.10.10.03,Silício,
0M.10.10.05,Fósforo,
0M.10.10.07,Enxofre,
0M.10.10.09,Cálcio,
0M.10.10.11,Iodo,
0M.10.10.13,Boro,
0M.10.10.15,Magnésio,
0M.10.10.17,Alumínio,
0M.10.10.19,Potássio,
0M.10.10.21,Titânio,
0M.10.10.23,Vanádio,
0M.10.10.25,Crômio,
0M.10.10.27,Manganês,
0M.10.10.29,Ferro,
0M.10.10.31,Cobalto,
0M.10.10.33,Níquel,
0M.10.10.35,Cobre,
0M.10.10.37,Zinco,
0M.10.10.39,Arsênio,
0M.10.10.41,Molibdênio,
0M.10.10.43,Prata,
0M.10.10.45,Cádmio,
0M.10.10.47,Estanho,
0M.10.10.49,Antimônio,
0M.10.10.51,Tungstênio,
0M.10.10.53,Ouro,
0M.10.10.55,Chumbo,
0M.10.10.57,Bismuto,
0M.10.30,Elementos Líquidos,
0M.10.30.01,Mercúrio,
0M.10.40,Elementos gasosos,
0M.10.40.01,Hidrogênio,
0M.10.40.03,Hélio,
0M.10.40.05,Nitrogênio,
0M.10.40.07,Oxigênio,
0M.10.40.09,Flúor,
0M.10.40.11,Neônio,
0M.10.40.13,Cloro,
0M.10.40.15,Argônio,
0M.10.40.17,Criptônio,
0M.10.40.19,Xenônio,
0M.10.40.21,Radônio,
0M.20,Compostos sólidos,
0M.20.10,Compostos minerais,
0M.20.10.01,Rochas,
0M.20.10.01.01,Granitos,
0M.20.10.01.03,Mármores,
0M.20.10.01.05,Pedra-luminária,
0M.20.10.01.07,Pedra Mineira,
0M.20.10.01.09,Pedra Goiás,
0M.20.10.01.11,Pedra Miracema,
0M.20.10.01.13,Pedra-madeira,
0M.20.10.01.15,Pedra-sabão,
0M.20.10.01.17,Pedra Lagoa Santa,
0M.20.10.01.19,Pedra Cariri,
0M.20.10.01.50,Rochas à base de quartzo,
0M.20.10.01.50.01,Quartzo,
0M.20.10.01.50.03,Arenito,
0M.20.10.01.50.05,Areia,
0M.20.10.03,Argilas,
0M.20.10.03.01,Argila,
0M.20.10.03.03,Argila refratária (queimada),
0M.20.10.03.05,Bentonita,
0M.20.10.03.07,Argila expandida,
0M.20.10.03.09,Cerâmica,
0M.20.10.03.09.01,Barro,
0M.20.10.03.09.03,Terracota,
0M.20.10.03.09.05,Xisto refratário (queimado),
0M.20.10.03.09.07,Porcelana,
0M.20.10.03.09.09,Louças,
0M.20.10.05,Outros materiais cimentícios,
0M.20.10.05.01,Solos,
0M.20.10.05.03,Cimentos,
0M.20.10.05.03.01,Cimento comum,
0M.20.10.05.03.01.01,Cimento Portland comum CP-I,
0M.20.10.05.03.01.02,Cimento Portland comum CP-I-S,
0M.20.10.05.03.03,Cimento composto CP-II,
0M.20.10.05.03.03.01,Cimento escória CP-II-E,
0M.20.10.05.03.03.02,Cimento Filler CP-II-F,
0M.20.10.05.03.03.03,Cimento pozolânico CP-II-Z,
0M.20.10.05.03.05,Cimento alto forno CP-III,
0M.20.10.05.03.07,Cimento pozolânico CP-IV,
0M.20.10.05.03.09,Cimento de alta resistência inicial CP-V-ARI,
0M.20.10.05.03.11,Cimento branco CP-B,
0M.20.10.05.05,Cales,
0M.20.10.05.05.01,Cal,
0M.20.10.05.05.02,Cal virgem,
0M.20.10.05.05.03,Cal extinta,
0M.20.10.05.05.04,Cal hidratada,
0M.20.10.05.05.05,Cal hidráulica,
0M.20.10.05.07,Gesso,
0M.20.10.05.09,Silicato de cálcio,
0M.20.10.05.11,Magnésia,
0M.20.10.07,Betuminosas e minerais petroquímicos,
0M.20.10.07.01,Asfaltos,
0M.20.10.07.01.01,Asfalto,
0M.20.10.07.01.02,Asfalto modificado por polímero,
0M.20.10.07.03,Alcatrão de carvão,
0M.20.10.07.03.01,Breu de alcatrão de carvão,
0M.20.10.07.05,Parafinas,
0M.20.10.09,Outros minerais não metálicos naturais,
0M.20.10.09.01,Crisotila,
0M.20.10.09.03,Grafite,
0M.20.10.09.05,Preto de carbono,
0M.20.10.09.07,Sal (cloreto de sódio),
0M.20.10.11,Outros minerais que não ocorrem naturalmente,
0M.20.10.11.01,Vidros e materiais como o vidro,
0M.20.10.11.01.01,Vidro,
0M.20.10.11.01.02,Porcelana esmaltada,
0M.20.10.11.03,Outros minerais,
0M.20.10.11.03.01,Cinzas,
0M.20.10.11.03.02,Fibra de carbono,
0M.20.10.11.03.03,Carboneto de silício,
0M.20.10.11.03.04,Cermet,
0M.20.20,Compostos metálicos,
0M.20.20.01,Ferro ligas,
0M.20.20.01.01,Aços carbono,
0M.20.20.01.03,Aços inoxidáveis,
0M.20.20.01.05,Outros aços,
0M.20.20.01.07,Outras ligas de ferro,
0M.20.20.01.07.01,Ferro fundido,
0M.20.20.01.07.02,Ferro forjado,
0M.20.20.01.07.03,Ferro fundido dúctil,
0M.20.20.01.07.04,Ferro maleável,
0M.20.20.03,Ligas de alumínio,
0M.20.20.03.01,Ligas de alumínio-zinco,
0M.20.20.05,Ligas de cobre,
0M.20.20.05.01,Latões,
0M.20.20.05.03,Bronzes,
0M.20.20.07,Ligas de zinco,
0M.20.20.07.01,Ligas de zinco-chumbo,
0M.20.20.07.01.01,Zamac,
0M.20.20.07.03,0M-20-20-07-01,
0M.20.20.07.03.01,Mazac,
0M.20.20.09,Ligas de chumbo,
0M.20.20.09.01,Ligas de chumbo e estanho,
0M.20.20.09.01.01,Terne,
0M.20.20.11,Outras ligas,
0M.20.30,Vegetação,
0M.20.30.01,Materiais de vegetais em geral,
0M.20.30.01.01,Celulose,
0M.20.30.01.03,Papel,
0M.20.30.01.05,Têxteis,
0M.20.30.01.07,Resíduos de combustão,
0M.20.30.03,Materiais de árvores,
0M.20.30.03.01,Madeira,
0M.20.30.03.01.01,Madeiras resinosas,
0M.20.30.03.01.01.01,Pinus,
0M.20.30.03.01.01.02,Peroba,
0M.20.30.03.01.01.03,Mogno,
0M.20.30.03.01.01.04,Cedro vermelho ocidental,
0M.20.30.03.01.01.05,Angelim-pedra (Hymenolobium),
0M.20.30.03.01.01.06,Cedro (Cedrela Odorata),
0M.20.30.03.01.01.07,Cerejeira (Amburana Cearensis),
0M.20.30.03.01.01.08,Pau-marfim (Agonandra Brasiliensis),
0M.20.30.03.01.01.09,Pequiá (Caryocar Villosum),
0M.20.30.03.01.01.10,Sucupira (Bowdichia Nitida),
0M.20.30.03.01.03,Madeira de lei,
0M.20.30.03.01.03.01,Carvalho branco,
0M.20.30.03.01.03.02,Carvalho vermelho,
0M.20.30.03.01.03.03,Bordo,
0M.20.30.03.01.03.04,Curupixá (Micropholis Venulosa),
0M.20.30.03.01.03.05,Goiabão (Pouteria Pachycarpa),
0M.20.30.03.01.03.06,Ipê (Tabebuia),
0M.20.30.03.01.03.07,Jatobá (Hymenaea Courbaril),
0M.20.30.03.01.03.08,Cerejeira (Amburana Cearensis),
0M.20.30.03.01.03.09,Marupá (Simarouba Amara),
0M.20.30.03.01.03.10,Massaranduba (Manilkara Elata),
0M.20.30.03.01.03.11,Muiracatiara (Astronium Lecointei),
0M.20.30.03.01.03.12,Pau-amarelo (Euxylophora Paraensis),
0M.20.30.03.01.03.13,Cumarú (Dipteryx Odorata),
0M.20.30.03.01.03.14,Jacarandá,
0M.20.30.03.03,Outras partes da árvore,
0M.20.30.03.03.01,Casca de árvore,
0M.20.30.05,Materiais de gramíneas,
0M.20.30.05.01,Bambu,
0M.20.30.05.02,Grama,
0M.20.30.05.03,Linho,
0M.20.30.05.04,Vime,
0M.20.30.05.05,Palha,
0M.20.40,Materiais de outras plantas,
0M.20.40.01,Borracha natural,
0M.20.40.03,Algodão,
0M.20.40.05,Juta,
0M.20.40.07,Cortiça,
0M.20.50,Outros materiais orgânicos,
0M.20.50.01,Materiais de origem animal,
0M.20.50.01.01,Materiais de pelo animal,
0M.20.50.01.01.01,Lã,
0M.20.50.01.01.02,Crina,
0M.20.50.01.03,Outros materiais de origem animal,
0M.20.50.01.03.01,Couro,
0M.20.50.01.03.02,Sebo,
0M.20.50.03,Materiais de insetos,
0M.20.50.03.01,Seda,
0M.20.50.03.02,Cera de abelha,
0M.20.60,Compostos sintéticos sólidos,
0M.20.60.01,Ácidos,
0M.20.60.03,Bases (álcalis),
0M.20.60.05,Sais,
0M.20.60.07,Plásticos,
0M.20.60.07.01,Acrilonitrila-butadieno-estireno (ABE),
0M.20.60.07.02,"Acrílico, polimetilmetacrilato",
0M.20.60.07.03,Epóxi,
0M.20.60.07.04,Poliamida,
0M.20.60.07.05,Polibutileno (PB),
0M.20.60.07.06,Fenólicos,
0M.20.60.07.07,Policarbonato,
0M.20.60.07.08,Poliéster,
0M.20.60.07.09,Polietileno (PE),
0M.20.60.07.10,Polietileno reticulado (PE-X),
0M.20.60.07.11,Poli-isocianurato,
0M.20.60.07.12,Polipropileno,
0M.20.60.07.13,Polipropileno copolímero random (PP-R),
0M.20.60.07.14,Poliestireno,
0M.20.60.07.15,Poliuretano,
0M.20.60.07.16,Cloreto de polivinil (PVC),
0M.20.60.07.17,"Cloreto de polivinil, não plastificado (U-PVC)",
0M.20.60.07.18,Policloreto de vinila clorado (CPVC),
0M.20.60.07.19,Fluoreto de polivinilideno,
0M.20.60.07.20,Ureia formaldeído,
0M.20.60.07.21,Vinil,
0M.20.60.09,Borrachas,
0M.20.60.09.01,Borracha butílica,
0M.20.60.09.02,Neoprene,
0M.20.60.09.03,Silicone,
0M.20.60.09.04,Polisulfato,
0M.20.60.11,Outros compostos petroquímicos,
0M.20.60.11.01,Parafina,
0M.20.60.11.02,Ceras,
0M.20.60.13,Outros compostos sintéticos sólidos,
0M.30,Lı́quidos,
0M.30.10,Águas,
0M.30.10.01,Água doce,
0M.30.10.01.01,Água da chuva,
0M.30.10.01.02,Água mineral,
0M.30.10.01.03,Água destilada,
0M.30.10.01.04,Água deionizada,
0M.30.10.01.05,Água dura,
0M.30.10.01.06,Água de reuso,
0M.30.10.03,Águas salgadas,
0M.30.10.03.01,Água do mar,
0M.30.20,Soluções à base de água,
0M.30.20.01,Soluções ácidas à base de água,
0M.30.20.03,Soluções básicas (alcalinas) à base de água,
0M.30.20.05,Outras soluções à base de água,
0M.30.30,Minerais líquidos,
0M.30.30.01,Produtos de petróleo,
0M.30.30.01.01,Gasolina,
0M.30.30.01.02,Óleos diesel,
0M.30.30.01.03,Óleos combustíveis,
0M.30.30.01.04,Querosene,
0M.30.30.03,Óleos minerais,
0M.30.40,Líquidos derivados de plantas,
0M.30.40.01,Óleos vegetais,
0M.30.40.03,Outros líquidos derivados de plantas,
0M.30.50,Líquidos de origem animal,
0M.30.50.01,Óleos de peixe,
0M.30.50.03,Outros líquidos de origem animal,
0M.30.60,Líquidos sintéticos,
0M.30.60.01,Alcoóis,
0M.30.60.03,Lubrificantes,
0M.30.60.05,Amônia,
0M.30.70,Outros líquidos,
0M.40,Gases,
0M.40.10,Gases naturais,
0M.40.10.01,Ar natural,
0M.40.10.03,Dióxido de carbono,
0M.40.10.05,Monóxido de carbono,
0M.40.10.07,Vapor de água,
0M.40.20,Gases de hidrocarbonetos,
0M.40.20.01,Propano,
0M.40.20.03,Gás butano,
0M.40.20.05,GLP,
0M.40.30,Gases refrigerantes,
0M.40.30.01,Gases refrigerantes,
0M.40.30.01.01,Triclorofluorometano (CFC-11),
0M.40.30.01.02,Diclorodifluorometano (CFC-12),
0M.40.30.01.03,Clorotrifluormetano (CFC-13),
0M.40.30.01.04,Clorodifluorometano (HCFC-22),
0M.40.30.01.05,Trifluorometano (HFC-23),
0M.40.30.01.06,Triclorotrifluoretano (CFC-113),
0M.40.30.01.07,Diclorotetrafluoretano (CFC-114),
0M.40.30.01.08,Cloropentafluoretano (CFC-115),
0M.40.30.01.09,Hexacloroetano (CFC-116),
0M.40.30.01.10,Tetrafluoroetano (HFC-134a),
0M.40.30.01.11,Heptafluorpropano (HFC-227ea),
0M.40.40,Outros gases,
0M.40.40.01,Halon,
0M.40.40.01.01,Bromoclorodifluorometano (Halon 1211),
0M.40.40.01.02,Bromotrifluorometano (Halon 1301),
0P.10,Propriedades de identificação,
0P.10.10,Códigos de identificação das edificações,
0P.10.10.01,Código de identificação do local,
0P.10.10.03,Tipo de local,
0P.10.10.05,Código de identificação do marco,
0P.10.10.07,Grupo da edificação,
0P.10.10.09,Nome da edificação,
0P.10.10.11,Número da edificação,
0P.10.10.13,Endereço,
0P.10.10.13.01,Tipo de logradouro,
0P.10.10.13.02,Nome do logradouro,
0P.10.10.13.03,Número no logradouro,
0P.10.10.13.04,Complemento do logradouro,
0P.10.10.13.05,Código de Endereçamento Postal,
0P.10.20,Identificação de ambientes,
0P.10.20.01,Número do pavimento,
0P.10.20.03,Nome designado do ambiente,
0P.10.20.05,Nome padrão do ambiente,
0P.10.20.07,Número designado do ambiente,
0P.10.20.09,Número do ambiente,
0P.10.20.11,Rota de fuga,
0P.10.30,Identificações de ocupação,
0P.10.30.01,Classe de ocupação,
0P.10.30.03,Grupo funcional dos ocupantes,
0P.10.30.05,Demografia dos ocupantes,
0P.10.30.07,Ocupantes animais,
0P.10.40,Identificações de resultados de serviço de construção,
0P.10.40.01,Categoria,
0P.10.40.01.01,Subcategoria,
0P.10.40.03,Versão,
0P.10.40.05,Atributo Material ID Ref (padrão gbXML),
0P.10.40.07,Atributo Object ID (padrão gbXML),
0P.10.40.09,Classe IFC (Industry Foundation Classes - ISO/PAS 16739),
0P.10.40.11,IFD (International Framework for Dictionaries - ISO 16-3),
0P.10.40.13,Tipo de etiqueta,
0P.10.40.15,RFID (Radio Frequency ID),
0P.10.40.17,Código de barras,
0P.10.40.19,Número de rastreamento,
0P.10.40.21,Fonte dos dados,
0P.10.40.21.01,Número da posição,
0P.10.40.21.02,Referência do detalhe,
0P.10.40.21.03,Revisão atual,
0P.10.40.21.04,Certificado por,
0P.10.40.21.05,Aprovado por,
0P.10.40.21.06,Projetado por,
0P.10.40.21.07,Verificado por,
0P.10.40.21.08,Desenhado por,
0P.10.40.21.09,Caminho do arquivo,
0P.10.40.21.10,Emitido para,
0P.10.40.21.11,Emitido por,
0P.10.50,Identificação do produto,
0P.10.50.01,Nome da marca,
0P.10.50.03,Nome do fabricante,
0P.10.50.05,Número SKU (Stock-Keeping Unit),
0P.10.50.07,Número EAN (European Article Number),
0P.10.50.09,Marca registrada,
0P.10.50.11,Código UPC (Universal Product Code),
0P.10.60,Identificações de comunicação,
0P.10.60.01,URL (Uniform Resource Locator),
0P.10.60.03,Código do país na Internet,
0P.10.60.05,Número de telefone,
0P.10.60.07,Número de fax,
0P.10.60.09,Endereço de email,
0P.10.60.11,Endereço IP,
0P.20,Propriedades de localização,
0P.20.10,Localização geográfica,
0P.20.10.01,Latitude,
0P.20.10.02,Longitude,
0P.20.10.03,Altitude,
0P.20.10.05,Posição GPS,
0P.20.10.06,WGS84,
0P.20.10.07,Orientação na bússola,
0P.20.20,Divisão geopolítica,
0P.20.20.01,País,
0P.20.20.02,Região,
0P.20.20.03,Estado,
0P.20.20.04,Região metropolitana,
0P.20.20.05,Município,
0P.20.20.06,Divisão municipal,
0P.20.20.07,Autoridade com jurisdição,
0P.20.20.08,Distrito para zoneamento,
0P.20.20.09,Distrito para planejamento,
0P.20.20.10,Descrição legal,
0P.20.20.11,Lote/terreno,
0P.20.30,Localização de fabricantes e produtos,
0P.20.30.01,Local da fabricação,
0P.20.30.02,Local da montagem,
0P.20.30.03,Local da armazenagem,
0P.20.30.04,Local da colheita,
0P.30,Propriedades de tempo e custo,
0P.30.10,Propriedades de prazo e programação,
0P.30.10.01,Idade,
0P.30.10.02,Faixa de idade,
0P.30.10.03,Intervalo de tempo,
0P.30.10.04,Incremento de tempo,
0P.30.10.05,Tempo decorrido,
0P.30.10.06,Tempo de vida,
0P.30.10.07,Tempo de vida estimado,
0P.30.10.08,Data da compra,
0P.30.10.09,Data da extração,
0P.30.10.10,Data da colheita,
0P.30.10.11,Data da fabricação,
0P.30.10.12,Data da atualização,
0P.30.10.13,Atributo DayType (padrão gbXML),
0P.30.10.14,Tempo de aprovisionamento,
0P.30.10.15,Tempo de preparação,
0P.30.10.16,Tempo de execução,
0P.30.10.17,Tempo do processo,
0P.30.10.18,Tempo de espera/ inativo,
0P.30.10.19,Tempo de ciclo,
0P.30.10.20,Tempo de fluxo,
0P.30.10.21,Data de envio,
0P.30.10.22,Horário do envio,
0P.30.10.23,Horário da entrega,
0P.30.10.24,Data da entrega,
0P.30.10.25,Data de início de instalação,
0P.30.10.26,Data de término de instalação,
0P.30.10.26.01,Tempo de pega,
0P.30.10.26.02,Prazo de consumo,
0P.30.10.26.03,Prazo de validade,
0P.30.10.26.04,Tempo de secagem ao toque,
0P.30.10.26.05,Tempo de recobrimento,
0P.30.10.26.06,Tempo de cura,
0P.30.10.27,Data de inspeção no local,
0P.30.10.28,Data de teste no local,
0P.30.10.29,Data do aceite,
0P.30.10.30,Data do comissionamento,
0P.30.10.31,Fase do projeto,
0P.30.10.31.01,Fase de criação,
0P.30.10.31.02,Fase de demolição,
0P.30.10.32,Tempo de resposta do serviço,
0P.30.10.33,Data de armazenamento,
0P.30.10.34,Tempo máximo de armazenamento,
0P.30.10.35,Operações e manutenção,
0P.30.10.35.01,Cronograma de depreciação,
0P.30.10.35.02,Cronograma de manutenção,
0P.30.10.36,Data de descomissionamento,
0P.30.10.37,Data de demolição,
0P.30.10.38,Data de descarte,
0P.30.10.39,Data de reciclagem,
0P.30.10.40,Data de remoção,
0P.30.10.41,Propriedades de custo,
0P.30.10.41.01,Tipo de moeda,
0P.30.10.41.02,Preço unitário,
0P.30.10.41.03,Custo de atacado,
0P.30.10.41.04,Custo de varejo,
0P.30.10.41.05,Preço de venda sugerido pelo fabricante,
0P.30.10.41.06,Desconto de custo,
0P.30.10.41.07,Custo de frete,
0P.30.10.41.08,Custo de Instalação,
0P.30.10.41.09,Condições de compra,
0P.40,Propriedades do fornecimento,
0P.40.10,Propriedades do fabricante,
0P.40.10.01,Limitações do fabricante,
0P.40.10.02,Identificação do fabricante,
0P.40.10.03,Experiência do fabricante,
0P.40.10.04,Taxa de produção do fabricante,
0P.40.10.04.01,Nível de gerenciamento,
0P.40.10.04.02,Nível dos operadores,
0P.40.10.04.03,Nível dos controladores,
0P.40.10.04.04,Nível de campo,
0P.40.10.05,Nome do projetista,
0P.40.10.06,Método de fabricação,
0P.40.10.07,Certificação do fabricante,
0P.40.20,Propriedades do produto,
0P.40.20.01,Nome do produto,
0P.40.20.02,De linha ou customizado,
0P.40.20.03,Em estoque,
0P.40.20.04,Pré-montado,
0P.40.20.05,Certificação de produto,
0P.40.20.06,Embalagem,
0P.40.20.07,Nível de qualidade,
0P.40.20.08,Grau,
0P.40.20.08.01,Residencial,
0P.40.20.08.02,Comercial,
0P.40.20.08.03,Pesado,
0P.40.20.08.04,Extra pesado,
0P.40.20.09,Espécie,
0P.40.20.10,Construção do produto,
0P.40.20.10.01,Tipo de superfície,
0P.40.20.10.02,Tipo de substrato,
0P.40.20.11,Estilo,
0P.40.20.12,Padrão,
0P.40.20.13,Padrão de Relevo,
0P.40.20.13.01,Altura do padrão de relevo,
0P.40.20.13.02,Escala do padrão de relevo,
0P.40.20.14,Perfurações,
0P.40.20.15,Capa do produto,
0P.40.20.16,Modificações do produto,
0P.40.20.17,Configurações de fábrica,
0P.40.20.18,Acesso para manutenção,
0P.40.20.19,Características do produto,
0P.40.20.20,Acessórios,
0P.40.20.21,Opções,
0P.40.20.22,Cor,
0P.40.20.22.01,Cor interna,
0P.40.20.22.02,Cor externa,
0P.40.20.22.03,Codificação de cores,
0P.40.20.22.04,Lote da tinta,
0P.40.20.22.05,Cor integral,
0P.40.20.23,Orientação,
0P.40.20.24,Acabamento,
0P.40.20.24.01,Acabamento aplicado,
0P.40.20.24.02,Acabamento integral,
0P.40.20.24.03,Acabamento da face,
0P.40.20.24.04,Material de acabamento em campo,
0P.40.20.24.05,Método de acabamento em campo,
0P.40.20.24.06,Textura,
0P.40.20.24.07,Arremate,
0P.40.20.24.08,Acabamento de teto,
0P.40.20.24.09,Acabamento de parede,
0P.40.20.24.10,Acabamento de piso,
0P.40.20.24.11,Brilho,
0P.40.20.24.12,Polimento,
0P.40.20.24.13,Pátina,
0P.40.20.25,Tratamento,
0P.40.20.25.01,Tratamento anti-microbiano,
0P.40.20.25.02,Tratamento de pressão,
0P.40.20.25.03,Tratamento fogo-retardante,
0P.40.20.25.04,Tratamento com herbicida,
0P.40.20.25.05,Tratamento com pesticida,
0P.40.20.25.06,Tratamento anti-corrosivo,
0P.40.30,Propriedades da garantia,
0P.40.30.01,Tipo de garantia do fabricante,
0P.40.30.02,Termos de garantia do fabricante,
0P.40.30.03,Tipo de garantia dos instaladores,
0P.40.30.04,Termos de garantia dos instaladores,
0P.40.30.05,Localização do serviço de garantia,
0P.40.30.06,Período de garantia,
0P.40.30.06.01,Data de início da garantia,
0P.40.30.06.02,Data de término da garantia,
0P.40.40,,
0P.40.40.01,Modo de transporte,
0P.40.40.02,Tipo de transportador,
0P.40.40.03,Embalagem para transporte,
0P.40.40.04,Protocolo de entrega,
0P.40.40.05,Termos de entrega,
0P.40.50,Propriedades de instalação,
0P.40.50.01,Configuração de instalação,
0P.40.50.02,Preparação da superfície,
0P.40.50.03,Método de instalação,
0P.40.50.03.01,Método mecânico de conexão,
0P.40.50.03.02,Método por aderência,
0P.40.50.03.03,Método por sobreposição,
0P.40.50.03.04,Método por lastro,
0P.40.50.03.05,Método por adesivo,
0P.40.50.04,Método de fixação,
0P.40.50.05,Tipo de fixador,
0P.40.50.06,Propriedades do instalador,
0P.40.50.06.01,Experiência do instalador,
0P.40.50.06.02,Qualificação do instalador,
0P.40.50.07,Taxa de aplicação,
0P.40.50.07.01,Taxa de aplicação teórica,
0P.40.50.07.02,Taxa de aplicação real,
0P.40.50.08,Cobertura,
0P.40.50.08.01,Cobertura teórica,
0P.40.50.08.02,Cobertura real,
0P.40.50.09,Método de montagem,
0P.40.50.10,Método de união,
0P.40.50.10.01,Tipo Junta/ conexão,
0P.40.50.10.02,Tipo Costura,
0P.40.50.11,Temperatura ambiente durante a instalação,
0P.40.50.12,Método de limpeza,
0P.50,Propriedades fı́sicas,
0P.50.10,Propriedades de quantidade,
0P.50.10.01,Unidade de Medida,
0P.50.10.01.01,Métrica,
0P.50.10.01.02,Imperial,
0P.50.10.01.03,Único,
0P.50.10.01.04,Conjunto,
0P.50.10.01.05,Par,
0P.50.10.01.06,Número,
0P.50.10.01.07,Quantidade de substância,
0P.50.10.01.08,Concentração,
0P.50.10.01.09,Distribuição,
0P.50.10.01.10,Capacidade,
0P.50.10.01.11,Rendimento,
0P.50.10.01.12,Tamanho médio,
0P.50.10.01.13,Tamanho do lote,
0P.50.10.01.14,Requisitos de espaço Livre,
0P.50.20,Propriedades de forma,
0P.50.20.01,Forma,
0P.50.20.02,Contorno,
0P.50.20.03,Geometria,
0P.50.20.04,Modular,
0P.50.20.05,Lado – esquerdo ou direito,
0P.50.20.06,Perfil,
0P.50.20.07,Face,
0P.50.20.08,Aresta,
0P.50.20.09,Borda,
0P.50.20.10,Vértice,
0P.50.20.11,Ponto,
0P.50.30,Dimensões simples,
0P.50.30.01,Tamanho padrão ou personalizado,
0P.50.30.02,Comprimento,
0P.50.30.03,Largura,
0P.50.30.04,Distância,
0P.50.30.05,Vão,
0P.50.30.06,Altura,
0P.50.30.06.01,Altura do peitoril,
0P.50.30.06.02,Altura de topo,
0P.50.30.07,Profundidade,
0P.50.30.08,Espessura,
0P.50.30.08.01,Espessura da cobertura,
0P.50.30.08.02,Espessura do produto,
0P.50.30.08.03,Espessura de filme seco,
0P.50.30.09,Bitola,
0P.50.30.10,Raio,
0P.50.30.11,Espaçamento,
0P.50.40,Dimensões de área,
0P.50.40.01,Dimensões angulares,
0P.50.40.02,Dimensão arbitrária,
0P.50.40.03,Área de locação líquida,
0P.50.40.04,Área de piso por ocupante,
0P.50.40.05,Área de piso equivalente,
0P.50.40.06,Diâmetro interno,
0P.50.40.07,Diâmetro externo,
0P.50.40.08,Circunferência,
0P.50.40.09,Perímetro,
0P.50.40.10,Ângulo no plano,
0P.50.40.11,Elevação,
0P.50.40.12,Caimento,
0P.50.40.13,Ângulo de inclinação,
0P.50.40.14,Ângulo sólido,
0P.50.50,Volumes,
0P.50.50.01,Volume de líquido,
0P.50.50.02,Volume seco,
0P.50.50.03,Volume específico,
0P.50.50.04,Volume por unidade de tempo,
0P.50.50.05,Volume de infiltração de ar,
0P.50.50.06,Volume específico do ar,
0P.50.50.07,Volume de infiltração de água,
0P.50.50.08,Módulo de seção,
0P.50.50.09,Momento de inércia de área,
0P.50.60,Medidas relacionais,
0P.50.60.01,Aceleração,
0P.50.60.02,Aceleração angular,
0P.50.60.03,Razão de aspecto,
0P.50.60.04,Variável dependente,
0P.50.60.05,Valor dependente,
0P.50.60.06,Frequência,
0P.50.60.07,Idade relativa,
0P.50.60.08,Umidade relativa,
0P.50.60.09,Potência relativa,
0P.50.60.10,Variação relativa,
0P.50.60.11,Som relativo,
0P.50.60.12,Tempo relativo,
0P.50.60.13,Frequência rotacional,
0P.50.60.14,Velocidade,
0P.50.60.15,Unidade de análise,
0P.50.60.16,Vetor de velocidade,
0P.50.60.16.01,Velocidade angular,
0P.50.60.16.02,Velocidade relativa,
0P.50.70,Propriedades de sustentabilidade,
0P.50.70.01,Reutilização de materiais e da edificação,
0P.50.70.01.01,Materiais recuperados,
0P.50.70.01.02,Materiais renovados,
0P.50.70.01.03,Materiais reutilizados,
0P.50.70.01.04,Reutilização de paredes existentes,
0P.50.70.01.05,Reutilização pavimentos existentes,
0P.50.70.01.06,Reutilização de telhado existente,
0P.50.70.02,Método de colheita,
0P.50.70.03,Método de extração,
0P.50.70.04,Conteúdo de reciclados,
0P.50.70.04.01,Conteúdo de reciclado por massa,
0P.50.70.04.02,Conteúdo de reciclado pós-industrial,
0P.50.70.04.03,Conteúdo de reciclado pré-consumo,
0P.50.70.04.04,Conteúdo de reciclado pós-consumo,
0P.50.70.05,Materiais rapidamente renováveis,
0P.50.70.06,Materiais não-renováveis,
0P.50.70.07,Certificação de produtos sustentáveis,
0P.50.70.08,Certificação de fabricação Sustentável,
0P.50.70.08.01,Índice de consumo de água,
0P.50.70.08.02,Emissões de COV (compostos orgânicos voláteis),
0P.50.70.08.03,Resíduos reciclados,
0P.50.70.08.04,Resíduos líquidos,
0P.50.70.08.05,Poluição do ar,
0P.50.70.08.06,Emissões tóxicas,
0P.50.70.08.07,Poluição particulada,
0P.50.70.09,Análise do ciclo de vida (ACV),
0P.50.70.09.01,Inventário do ciclo de vida,
0P.50.70.09.02,Análise do custo do ciclo de vida,
0P.50.70.09.03,Avaliação de impacto do ciclo de vida (AICV),
0P.50.70.09.04,Impacto ambiental,
0P.50.70.09.05,Emissões de gases de efeito estufa,
0P.50.70.10,Declaração ambiental do produto,
0P.50.70.11,Pegada ecológica da cadeia de suprimentos,
0P.50.70.12,Manejo ambiental,
0P.50.70.13,Relocabilidade,
0P.50.80,Propriedades da composição química,
0P.50.80.01,"Liga, Têmpera",
0P.50.80.02,Biodegradabilidade,
0P.50.80.03,Envelhecimento químico,
0P.50.80.03.01,Taxa de corrosão,
0P.50.80.03.02,Energia de ativação,
0P.50.80.03.03,Taxa de hidratação,
0P.50.80.03.04,Taxa de difusão,
0P.50.80.04,Composição química,
0P.50.80.05,Compatibilidade,
0P.50.80.06,Materiais constituintes,
0P.50.80.07,Maleabilidade,
0P.50.80.08,Solubilidade,
0P.50.80.09,Expansão,
0P.50.80.10,Encolhimento,
0P.50.80.11,Constante dielétrica,
0P.50.80.12,Constante galvânica,
0P.50.80.13,Matéria-prima,
0P.50.80.14,Odor,
0P.50.90,Propriedades de conteúdo regulamentado,
0P.50.90.01,Teor de COV,
0P.50.90.02,Conformidade de COV,
0P.50.90.03,Conteúdo de amianto,
0P.50.90.04,Conteúdo de formaldeído,
0P.50.90.05,Conteúdo de chumbo,
0P.50.90.06,Resistência à radiação,
0P.50.90.07,Conteúdo agressivo ao ozônio,
0P.50.90.08,"Poluentes persistentes, bioacumulativos e tóxicos",
0P.50.90.09,Emissões de clorofluorcarbono (CFC),
0P.50.90.10,Emissões de hidroclorofluorcarbonos (HCFC),
0P.50.90.11,Conteúdos tóxicos,
0P.50.90.12,Toxicidade ecológica,
0P.50.91,Propriedades de temperatura,
0P.50.91.01,Temperatura absoluta,
0P.50.91.02,Temperatura ambiente,
0P.50.91.02.01,Temperatura ambiente exterior,
0P.50.91.02.02,Temperatura ambiente para a instalação,
0P.50.91.03,Temperatura de fragilidade,
0P.50.91.04,Temperatura de projeto,
0P.50.91.05,Tipos de temperatura,
0P.50.91.05.01,Temperatura de condensação,
0P.50.91.05.02,Temperatura de deflexão,
0P.50.91.05.03,Temperatura no solo,
0P.50.91.05.04,Temperatura média,
0P.50.91.05.05,Temperatura de radiação,
0P.50.91.05.06,Temperatura do ar interno,
0P.50.91.05.07,Temperatura do ar externo,
0P.50.91.05.08,Temperatura de fornecimento do ar,
0P.50.91.05.09,Temperatura da superfície,
0P.50.91.05.10,Temperatura de bulbo seco no verão,
0P.50.91.05.11,Temperatura de bulbo seco no inverno,
0P.50.91.05.12,Temperatura de bulbo úmido,
0P.50.91.05.13,Temperatura de bulbo úmido no verão,
0P.50.91.05.14,Pontos de temperatura,
0P.50.91.06,Temperatura mínima,
0P.50.91.06.01,Temperatura máxima,
0P.50.91.06.02,Temperatura do ponto de ebulição,
0P.50.91.06.03,Temperatura do ponto de orvalho,
0P.50.91.06.04,Temperatura do ponto de ignição,
0P.50.91.06.05,Temperatura do ponto de congelamento,
0P.50.91.06.06,Temperatura do ponto de fusão,
0P.50.91.06.07,Valor alvo do resfriamento,
0P.50.91.06.08,Valor alvo do aquecimento,
0P.50.91.07,Faixas de temperatura,
0P.50.91.07.01,Faixa de temperatura aceitável,
0P.50.91.07.02,Faixa de temperatura do ciclo,
0P.50.91.07.03,Faixa de temperatura de serviço,
0P.50.91.07.04,Faixa de média diária,
0P.50.91.07.05,Delta T,
0P.50.91.08,Temperaturas das fases (estado),
0P.50.91.08.01,Temperatura de transição de fase,
0P.50.91.08.02,Pressão de transição de fase,
0P.50.91.08.03,Temperatura de transição do vidro,
0P.50.91.08.04,Temperatura de Curie,
0P.50.91.08.05,Temperatura de Néel,
0P.50.91.08.06,Temperatura do Ponto Triplo,
0P.50.91.09,Aumento de temperatura,
0P.50.91.10,Intervalo de temperatura,
0P.50.91.11,Temperatura diferencial,
0P.50.91.12,Índice de calor,
0P.50.92,Propriedades de carga estrutural,
0P.50.92.01,Cargas estáticas,
0P.50.92.01.01,Método de ensaio de dureza,
0P.50.92.02,Cargas dinâmicas,
0P.50.92.02.01,Carga de projeto,
0P.50.92.02.02,Carga de vento,
0P.50.92.02.03,Carga de neve,
0P.50.92.02.04,Carga viva horizontal,
0P.50.92.02.05,Carga de impacto,
0P.50.92.02.06,Carga sísmica,
0P.50.92.02.07,Carregamento móvel,
0P.50.93,Propriedades do ar e de outros gases,
0P.50.93.01,Qualidade do ar interno,
0P.50.93.02,Transmissão de vapor,
0P.50.93.03,Poluentes critério (criteria air pollutants),
0P.50.93.04,Nível de dióxido de carbono,
0P.50.93.05,Nível de metano,
0P.50.93.06,Nível óxido nitroso,
0P.50.93.07,Nível de smog,
0P.50.93.08,Visibilidade,
0P.50.94,Propriedades dos líquidos,
0P.50.94.01,Concentração líquida,
0P.50.94.02,Taxa de evaporação dos líquidos,
0P.50.94.03,pH dos líquidos,
0P.50.94.04,Expansão higrométrica,
0P.50.94.05,Higroscopicidade,
0P.50.94.06,Viscosidade do fluido,
0P.50.94.07,Densidade do fluido,
0P.50.95,Propriedades de massa,
0P.50.95.01,Massa,
0P.50.95.01.01,Massa por unidade de comprimento,
0P.50.95.01.02,Massa por unidade de área,
0P.50.95.01.03,Massa por unidade de tempo,
0P.50.95.01.04,Massa molar,
0P.50.95.02,Peso,
0P.50.95.02.01,Classificação de peso,
0P.50.95.02.02,Peso do frete,
0P.50.95.03,Densidade,
0P.50.95.03.01,Densidade da massa,
0P.50.95.03.02,Densidade da gravidade específica,
0P.50.95.03.03,Densidade do momento angular,
0P.50.95.03.04,Densidade do momento de inércia,
0P.50.95.03.05,Densidade do momento,
0P.50.95.04,Gravidade específica,
0P.50.95.05,Momento,
0P.50.95.05.01,Momento angular,
0P.50.95.06,Eficiência da troca,
0P.50.95.07,Teor de umidade inicial,
0P.50.95.08,Teor de umidade final,
0P.50.96,Propriedades da força,
0P.50.96.01,"Força, propriedades gerais",
0P.50.96.02,Forças aplicadas,
0P.50.96.03,Força por unidade de comprimento,
0P.50.96.04,Tensão superficial,
0P.50.96.05,Impulso em relação à massa,
0P.50.96.06,Viscosidade,
0P.50.96.06.01,Viscosidade dinâmica,
0P.50.96.06.02,Viscosidade cinemática,
0P.50.96.07,Momento de força,
0P.50.96.08,Momento de Inércia,
0P.50.96.09,Torque,
0P.50.96.10,Força eletromotriz,
0P.50.97,Propriedades da pressão,
0P.50.97.01,Pressão absoluta,
0P.50.97.02,Pressão do ar,
0P.50.97.02.01,Pressão estática de ar cíclica,
0P.50.97.02.02,Pressão estática de ar uniforme,
0P.50.97.03,Pressão ambiente,
0P.50.97.04,Pressões aplicadas,
0P.50.97.05,Pressão atmosférica,
0P.50.97.06,Pressão calibrada,
0P.50.97.07,Pressão projetada,
0P.50.97.08,Pressão do medidor,
0P.50.97.09,Vazamento sob pressão,
0P.50.97.10,Pressão residual,
0P.50.97.11,Pressão estática,
0P.50.97.12,Diferencial de pressão estática,
0P.50.97.13,Queda de pressão,
0P.50.97.14,Pressão de vácuo,
0P.50.97.15,Pressão de vapor,
0P.50.97.16,Pressão de vento,
0P.50.98,Propriedades do magnetismo,
0P.50.98.01,Fluxo magnético,
0P.50.98.02,Potencial vetorial magnético,
0P.50.98.03,Permeância magnética,
0P.50.98.04,Indutância mútua,
0P.50.98.05,Diferença de potencial magnético,
0P.50.98.06,Força magnetomotriz,
0P.50.98.07,Indução magnética,
0P.50.99,Propriedades ambientais,
0P.50.99.01,Classificação sísmica,
0P.50.99.02,Critérios de projeto,
0P.50.99.03,Velocidade do vento,
0P.50.99.04,Classe climática,
0P.50.99.05,Concentração de ozônio,
0P.50.99.06,Características do terreno,
0P.50.99.07,Tipo de corpo d’água,
0P.60,Propriedades de desempenho,
0P.60.10,Propriedades de ensaio,
0P.60.10.01,Método de ensaio,
0P.60.10.02,Autoridade de ensaio,
0P.60.10.03,Condições de ensaio,
0P.60.10.04,Padrão de referência,
0P.60.10.05,Protocolo de inspeção,
0P.60.10.06,Ensaio de fábrica,
0P.60.10.06.01,Método de inspeção de fábrica,
0P.60.10.06.02,Data do ensaio de fábrica,
0P.60.10.06.03,Método de ensaio de fábrica,
0P.60.10.06.04,Nível de conformidade da fábrica,
0P.60.10.06.05,Grau de referência da fábrica,
0P.60.10.07,Ensaio de campo,
0P.60.10.07.01,Método de inspeção de campo,
0P.60.10.07.02,Método de teste de campo,
0P.60.10.07.03,Nível de conformidade em campo,
0P.60.10.07.04,Grau de referência em campo,
0P.60.20,Propriedades de tolerância,
0P.60.20.01,Tolerância à deflexão,
0P.60.20.02,Tolerância dimensional,
0P.60.20.02.01,Tolerância de planicidade,
0P.60.20.02.02,Tolerância de comprimento,
0P.60.20.02.03,Tolerância de espessura,
0P.60.20.02.04,Tolerância à deformação,
0P.60.20.02.05,Tolerância de largura,
0P.60.20.02.06,Inclinação,
0P.60.20.03,Tolerância da forma,
0P.60.20.04,Tolerância de instalação,
0P.60.20.05,Aprumamento,
0P.60.20.06,Esquadrejamento,
0P.60.20.07,Nivelamento,
0P.60.20.08,Tolerância da textura,
0P.60.30,Propriedades de função e de uso,
0P.60.30.01,Eficiência funcional,
0P.60.30.02,Limitações funcionais,
0P.60.30.03,Método de operação,
0P.60.30.03.01,Operação manual,
0P.60.30.03.02,Operação elétrica,
0P.60.30.03.03,Operação pneumática,
0P.60.30.04,Capacidade Funcional,
0P.60.30.04.01,Ocupação máxima,
0P.60.30.04.02,Capacidade operacional,
0P.60.30.04.03,Capacidade avaliada,
0P.60.30.04.04,Capacidade de interrupção,
0P.60.30.04.05,Capacidade cíclica,
0P.60.30.05,Desempenho em conformidade,
0P.60.30.06,Taxa de cobertura,
0P.60.30.07,Facilidade de,
0P.60.30.07.01,Facilidade de acrescentar em,
0P.60.30.07.02,Facilidade de aplicação,
0P.60.30.07.03,Facilidade de montagem,
0P.60.30.07.04,Facilidade de instalação,
0P.60.30.07.05,Facilidade de movimentação,
0P.60.30.07.06,Facilidade de colocação,
0P.60.30.07.07,Facilidade de relocação,
0P.60.30.07.08,Facilidade de remoção,
0P.60.30.07.09,Facilidade de armazenamento,
0P.60.30.08,Manutenabilidade,
0P.60.30.09,Adequação,
0P.60.30.09.01,Adequado para exposição externa,
0P.60.30.09.02,Adequado para imersão contínua,
0P.60.30.09.03,Adequado para contato com o solo,
0P.60.30.09.04,Adequado para uso marítimo,
0P.60.30.10,Trabalhabilidade,
0P.60.30.11,Resistência às intempéries,
0P.60.30.12,Resíduos produzidos com o uso,
0P.60.40,Propriedades de resistência,
0P.60.40.01,Força de adesão,
0P.60.40.02,Flexibilidade,
0P.60.40.03,Momento de flexão,
0P.60.40.04,Raio de dobra,
0P.60.40.05,Resistência à dobra,
0P.60.40.06,Força de união,
0P.60.40.07,Compressibilidade,
0P.60.40.08,Resistência compressiva,
0P.60.40.09,Força compressiva,
0P.60.40.10,Resistência à deformação,
0P.60.40.11,Ductilidade,
0P.60.40.12,Elasticidade,
0P.60.40.13,Alongamento,
0P.60.40.13.01,Alongamento no escoamento,
0P.60.40.13.02,Alongamento final,
0P.60.40.14,Resistência ao desprendimento,
0P.60.40.15,Resistência à fadiga,
0P.60.40.16,Resistência da fibra,
0P.60.40.17,Resistência à flexão,
0P.60.40.17.01,"Resistência à flexão, paralela",
0P.60.40.17.02,"Resistência à flexão, perpendicular",
0P.60.40.18,Energia de fratura,
0P.60.40.19,Resistência à fratura,
0P.60.40.20,Fricção,
0P.60.40.21,Dureza,
0P.60.40.22,Resistência ao impacto,
0P.60.40.23,Resistência ao ataque intencional,
0P.60.40.23.01,Resistência a roubo,
0P.60.40.23.02,Resistência balística,
0P.60.40.23.03,Resistência ao estouro,
0P.60.40.23.04,Resistência a projétil,
0P.60.40.24,Força do campo magnético,
0P.60.40.25,Módulo de elasticidade,
0P.60.40.26,Resistência à descamação,
0P.60.40.27,Limite proporcional,
0P.60.40.28,Resistência à punção,
0P.60.40.28.01,Resistência à perfuração estática,
0P.60.40.28.02,Resistência à perfuração dinâmica,
0P.60.40.29,Força de lançamento,
0P.60.40.30,Resistência ao cisalhamento,
0P.60.40.31,Rigidez,
0P.60.40.32,Tensão mecânica,
0P.60.40.33,Fadiga,
0P.60.40.34,Avaliação de fadiga,
0P.60.40.35,Tensão de superfície,
0P.60.40.36,Resistência ao rasgo,
0P.60.40.37,Força de rasgo,
0P.60.40.38,Força de tração,
0P.60.40.39,Força máxima,
0P.60.40.40,Resistência à carga do vento uniforme,
0P.60.40.41,Vibração,
0P.60.40.42,Resistência à pressão do vento ascendente,
0P.60.40.43,Tensão de escoamento,
0P.60.50,Propriedades de durabilidade,
0P.60.50.01,Resistência à abrasão,
0P.60.50.02,Resistência ao mal uso,
0P.60.50.03,Resistência aos ácidos,
0P.60.50.04,Resistência aos álcoois,
0P.60.50.05,Resistência a animais,
0P.60.50.06,Resistência a bactérias,
0P.60.50.07,Resistência química,
0P.60.50.08,Resistência à corrosão,
0P.60.50.09,Resistência à rachadura,
0P.60.50.10,Resistência ao apodrecimento,
0P.60.50.11,Resistência à degradação,
0P.60.50.12,Taxa de delaminação,
0P.60.50.13,Resistência ao desbotamento,
0P.60.50.14,Resistência à fadiga,
0P.60.50.15,Coeficiente de atrito,
0P.60.50.16,Resistência a fungos,
0P.60.50.17,Resistência à colisão,
0P.60.50.18,Resistência a entalhes,
0P.60.50.19,Resistência ao infravermelho,
0P.60.50.20,Resistência aos Insetos,
0P.60.50.21,Lubrificação,
0P.60.50.22,Durabilidade da manutenção,
0P.60.50.23,Durabilidade mecânica,
0P.60.50.24,Resistência a microorganismos,
0P.60.50.25,Resistência ao mofo,
0P.60.50.26,Resistência ao ozônio,
0P.60.50.27,Resistência ao crescimento de plantas,
0P.60.50.28,Resistência a manchas,
0P.60.50.29,Resistência a cupim,
0P.60.50.30,Resistência ao choque térmico,
0P.60.50.31,Resistência ultravioleta (UV),
0P.60.50.32,Coeficiente de desgaste,
0P.60.50.33,Taxa de desgaste,
0P.60.60,Propriedades de combustão,
0P.60.60 01,Fonte de calor artificial,
0P.60.60 02,Combustibilidade,
0P.60.60 03,Índice de resistência ao fogo,
0P.60.60 04,Severidade do fogo,
0P.60.60 05,Fonte do fogo,
0P.60.60 06,Tipo de fogo,
0P.60.60 07,Propagação da chama,
0P.60.60 08,Índice de propagação da chama,
0P.60.60 09,Inflamabilidade,
0P.60.60 10,Ignitabilidade,
0P.60.60 11,Taxa de liberação de calor,
0P.60.60 12,Densidade da fumaça,
0P.60.60 13,Índice de emissão de fumaça,
0P.60.60 14,Fumaça produzida,
0P.60.60 15,Características de queima da superfície,
0P.60.60 16,Resistência à explosão,
0P.60.60 17,Resistência ao fogo,
0P.60.60 18,Resistência à ignição,
0P.60.60 19,Fluxo crítico radiante,
0P.60.70,Propriedades da envoltória,
0P.60.70.01,Absortância,
0P.60.70.02,Infiltração de ar,
0P.60.70.03,Estanqueidade ao ar,
0P.60.70.04,Vazamento de ar,
0P.60.70.05,Penetração da água,
0P.60.70.06,Fator de resistência de condensação,
0P.60.70.07,Valor R,
0P.60.70.08,Valor R no Sistema Internacional (RSI),
0P.60.70.09,Valor U,
0P.60.70.10,USI,
0P.60.70.11,Densidade de isolamento,
0P.60.70.12,Perfil de isolamento,
0P.60.70.12.01,Inclinado,
0P.60.70.12.02,Plano,
0P.60.70.13,Propriedades das aberturas,
0P.60.70.13.01,Tipo de abertura,
0P.60.70.13.02,Número da abertura,
0P.60.70.13.03,Transmitância da abertura,
0P.60.70.13.04,Reflectância da abertura,
0P.60.70.13.05,Emitância da abertura,
0P.60.70.13.06,Condutividade da Abertura,
0P.60.70.14,Coeficiente de ganho de calor solar,
0P.60.70.15,Coeficiente de sombreamento,
0P.60.70.16,Coeficiente de transferência de calor,
0P.60.70.17,Calor específico,
0P.60.70.18,Energia térmica interna,
0P.60.70.19,Coeficiente de expansão térmica linear,
0P.60.70.20,Resistência térmica de longo prazo,
0P.60.70.21,Entrada de calor específico,
0P.60.70.22,Ruptura térmica,
0P.60.70.23,Condutância térmica,
0P.60.70.24,Condutividade térmica,
0P.60.70.25,Difusividade Térmica,
0P.60.70.26,Isolamento térmico,
0P.60.80,Propriedades de permeabilidade e de resistência à umidade,
0P.60.80.01,Resistência à condensação,
0P.60.80.02,Resistência ao congelamento e descongelamento,
0P.60.80.03,Resistência ao gelo,
0P.60.80.04,Permeabilidade do gás,
0P.60.80.05,Permeabilidade percentual,
0P.60.80.06,Permeabilidade magnética,
0P.60.80.07,Resistência à absorção de umidade,
0P.60.80.08,Teor de umidade,
0P.60.80.09,Permeabilidade dos poluentes,
0P.60.80.10,Porosidade,
0P.60.80.11,Resistência à umidade ascendente,
0P.60.80.12,Permeabilidade ao vapor,
0P.60.80.13,Resistência ao vapor,
0P.60.80.14,Permeabilidade,
0P.60.80.15,Absorção de água,
0P.60.80.16,Resistência à absorção de água,
0P.60.80.17,Resistência à água,
0P.60.80.18,Resistência permeabilidade à água,
0P.60.80.19,Absorção de água pela superfície,
0P.60.90,Propriedades acústicas,
0P.60.90.01,Impedância acústica,
0P.60.90.02,Tempo de reverberação,
0P.60.90.03,Nível de ruído,
0P.60.90.04,Coeficiente de redução de ruído,
0P.60.90.05,Absorção acústica,
0P.60.90.06,Absorção do som,
0P.60.90.07,Média de absorção sonora,
0P.60.90.08,Atenuação do som,
0P.60.90.09,Densidade de energia sonora,
0P.60.90.10,Fluxo de energia sonora,
0P.60.90.11,Frequência do som,
0P.60.90.12,Isolação acústica,
0P.60.90.13,Isolação sonora,
0P.60.90.14,Intensidade do som,
0P.60.90.15,Isolamento do som,
0P.60.90.16,Potência sonora,
0P.60.90.17,Pressão sonora,
0P.60.90.18,Velocidade do som,
0P.60.90.19,Reflectância do som,
0P.60.90.20,Classe de transmissão sonora,
0P.60.90.21,Inteligibilidade da fala,
0P.70,Propriedades dos servic¸os prediais,
0P.70.02,Propriedades gerais dos serviços prediais,
0P.70.02.01,Precisão,
0P.70.02.02,Área de cobertura,
0P.70.02.03,Capacidade do sistema,
0P.70.02.04,Componentes,
0P.70.02.05,Conexões,
0P.70.02.06,Constituintes,
0P.70.02.07,Peças,
0P.70.02.08,Equipamentos do sistema,
0P.70.02.09,Tipo de equipamento,
0P.70.02.10,Nome do sistema,
0P.70.02.11,Controles,
0P.70.02.12,Fator de vazão,
0P.70.02.13,Configuração do fluxo,
0P.70.02.14,Direção do fluxo,
0P.70.02.15,Método de conversão do fluxo,
0P.70.02.16,Vazão projetada,
0P.70.02.17,Instrumentação,
0P.70.02.18,Entradas,
0P.70.02.19,Saídas,
0P.70.02.20,Método de perda,
0P.70.02.21,Modo,
0P.70.02.22,Número de elementos,
0P.70.02.23,Conexões de manutenção,
0P.70.02.24,Tipo de sensor,
0P.70.02.25,Zona do sensor,
0P.70.02.26,Texto de detalhes do sensor,
0P.70.02.27,Localização do sensor,
0P.70.02.28,Tipo de sistema,
0P.70.02.29,Tipo de serviço,
0P.70.02.30,Limitações do sistema,
0P.70.02.31,Zona,
0P.70.04,Propriedades dos sistemas de proteção contra incêndios,
0P.70.04.01,Classe de proteção contra incêndios,
0P.70.04.02,Tipo de sprinkler,
0P.70.06,Propriedades de sistemas de tubulação,
0P.70.06.01,Doméstico de água fria,
0P.70.06.02,Doméstico de água quente,
0P.70.06.03,Esgoto,
0P.70.06.04,Água residual,
0P.70.06.05,Água pluvial,
0P.70.06.06,Água dos bombeiros,
0P.70.06.07,Volume total de líquido na tubulação,
0P.70.06.08,Número de terminações hidráulicas,
0P.70.08,Propriedades dos sistemas de climatização,
0P.70.08.01,Tipo de sistema de climatização,
0P.70.08.02,Eficiência do sistema de climatização,
0P.70.08.03,Cargas do sistema de climatização,
0P.70.08.03.01,"Carga projetada do sistema de climatização, por área",
0P.70.08.03.02,Carga efetiva do sistema de climatização,
0P.70.08.03.03,"Outras cargas projetadas do sistema de climatização, por área",
0P.70.08.03.04,Outras cargas efetivas do sistema de climatização,
0P.70.08.03.05,Carga de aquecimento calculada,
0P.70.08.03.06,Carga de aquecimento projetada,
0P.70.08.03.07,Carga de resfriamento calculada,
0P.70.08.03.08,Carga de resfriamento projetada,
0P.70.08.03.09,Carga de resfriamento da zona,
0P.70.08.04,Fluxo de ar do ar-condicionado,
0P.70.08.04.01,Fluxo de fornecimento de ar especificado,
0P.70.08.04.02,Fluxo de fornecimento de ar calculado,
0P.70.08.04.03,Fluxo de fornecimento de ar real,
0P.70.08.04.04,Fluxo de ar do retorno,
0P.70.08.04.05,Fluxo de ar do insuflamento (exaustor) especificado,
0P.70.08.04.06,Fluxo de ar do insuflamento (exaustor) efetivo,
0P.70.08.05,Tipo de cálculo de volume de ar,
0P.70.08.06,Capacidade do ar-condicionado,
0P.70.08.06.01,Unidade de capacidade,
0P.70.08.06.02,Capacidade de aquecimento,
0P.70.08.06.03,Capacidade total de refrigeração,
0P.70.08.06.04,Capacidade sensível de refrigeração,
0P.70.08.06.05,Refrigeração latente,
0P.70.08.06.06,Taxa de refrigeração de calor sensível,
0P.70.08.07,Condicionamento do ar,
0P.70.08.07.01,Unidade de condicionamento,
0P.70.08.07.02,Condicionamento com aquecimento,
0P.70.08.07.03,Condicionamento com refrigeração,
0P.70.08.07.04,Condicionamento com aquecimento e refrigeração,
0P.70.08.07.05,Sem condicionamento,
0P.70.08.07.06,Ventilado,
0P.70.08.07.07,Naturalmente ventilado,
0P.70.08.08,Controles do ar-condicionado,
0P.70.08.08.01,Controle de ventilador de ar-condicionado,
0P.70.08.08.02,Controle de bomba de ar-condicionado,
0P.70.08.08.03,Controle de válvula de ar-condicionado,
0P.70.08.09,Coeficiente K,
0P.70.08.10,Resultados calculados do ar-condicionado,
0P.70.08.10.01,Carga total de pico de refrigeração,
0P.70.08.10.02,Mês e hora de pico de refrigeração,
0P.70.08.10.03,Carga de pico de resfriamento sensível,
0P.70.08.10.04,Máxima capacidade de refrigeração,
0P.70.08.10.05,Pico do fluxo de ar de arrefecimento,
0P.70.08.10.06,Pico da carga de aquecimento,
0P.70.08.10.07,Pico do fluxo de ar de aquecimento,
0P.70.08.11,Verificação de cálculos do ar-condicionado,
0P.70.08.11.01,Densidade de carga de refrigeração,
0P.70.08.11.02,Densidade de fluxo de refrigeração,
0P.70.08.11.03,Fluxo/carga de refrigeração,
0P.70.08.11.04,Área/carga de refrigeração,
0P.70.08.11.05,Densidade de carga de aquecimento,
0P.70.08.11.06,Densidade de fluxo de aquecimento,
0P.70.08.12,Classe MERV (Minimum Efficiency Reporting Value),
0P.70.08.13,Fator de coil bypass do fabricante,
0P.70.10,Propriedades dos sistemas de automação integrada,
0P.70.10.01,Standard Network Variable Type (SNVT),
0P.70.10.02,Atributo control type(gbXML),
0P.70.10.03,Unidades de engenharia esperadas,
0P.70.10.04,Identificação do nó,
0P.70.10.05,Endereço de domínio,
0P.70.10.06,Endereço de sub-rede,
0P.70.20,Propriedades dos Sistemas Elétricos,
0P.70.20.01,Amperagem,
0P.70.20.02,Tensão elétrica,
0P.70.20.03,Queda de tensão,
0P.70.20.04,Fonte elétrica,
0P.70.20.05,Fator de potência elétrica,
0P.70.20.06,Estado do fator de potência elétrica,
0P.70.20.07,Propriedades de correntes elétricas,
0P.70.20.07.01,Consumo de corrente,
0P.70.20.07.02,Densidade de corrente elétrica,
0P.70.20.07.03,Corrente verdadeira,
0P.70.20.07.04,Fase e corrente verdadeiras,
0P.70.20.08,Propriedades de cargas elétricas,
0P.70.20.08.01,Classificação de carga,
0P.70.20.08.02,Carga verdadeira,
0P.70.20.08.03,Carga equilibrada,
0P.70.20.09,Propriedades de painéis elétricos,
0P.70.20.09.01,Nome do Painel,
0P.70.20.09.02,Número do Painel,
0P.70.20.09.03,Número de Pólos,
0P.70.20.09.04,Número máximo de disjuntores,
0P.70.20.09.05,Classificações principais,
0P.70.20.09.06,Carga e fase aparentes,
0P.70.20.10,Propriedades de circuitos,
0P.70.20.10.01,Nome do circuito,
0P.70.20.10.02,Número do circuito,
0P.70.20.10.03,Nome da carga do circuito,
0P.70.20.10.04,Circuito dedicado,
0P.70.20.10.05,Tipo de fio,
0P.70.20.10.06,Bitola do fio,
0P.70.20.10.07,Número de condutores,
0P.70.20.10.08,Número de condutores vivos,
0P.70.20.10.09,Número de condutores neutros,
0P.70.20.10.10,Número de condutores de aterramento,
0P.70.20.11,Demandas estimadas e conectadas,
0P.70.20.11.01,Demanda estimada total do ar-condicionado,
0P.70.20.11.02,Potência de ar-condicionado total conectado,
0P.70.20.11.03,Demanda estimada total de Iluminação,
0P.70.20.11.04,Potência total de iluminação conectada,
0P.70.20.11.05,Demanda estimada total de potência,
0P.70.20.11.06,Potência total conectada,
0P.70.20.11.07,Outras demandas totais estimadas,
0P.70.20.11.08,Outros totais conectados,
0P.70.20.11.09,Demanda total estimada,
0P.70.20.11.10,Total conectado,
0P.70.20.12,Constante dielétrica relativa,
0P.70.20.13,Resistência de aterramento,
0P.70.20.14,Admitância elétrica,
0P.70.20.15,Capacitância elétrica,
0P.70.20.16,Carga elétrica,
0P.70.20.17,Densidade de carga elétrica,
0P.70.20.18,Condutância elétrica,
0P.70.20.19,Condutividade elétrica,
0P.70.20.20,Intensidade de campo elétrico,
0P.70.20.21,Densidade de fluxo elétrico,
0P.70.20.22,Frequência elétrica,
0P.70.20.23,Indutância elétrica,
0P.70.20.24,Isolamento elétrico,
0P.70.20.25,Diferença de potencial elétrico,
0P.70.20.26,Relutância elétrica,
0P.70.20.27,Resistência Elétrica,
0P.70.20.28,Susceptância elétrica,
0P.70.20.29,Permissividade elétrica,
0P.70.20.30,Fase elétrica,
0P.70.20.31,Impedância de entrada,
0P.70.20.32,Impedância de saída,
0P.70.20.33,Auto-indutância,
0P.70.20.34,Estado sólido,
0P.70.20.35,Conteúdo de surto,
0P.70.30,Propriedades dos Sistemas de Iluminação,
0P.70.30.01,Níveis de iluminação IEEE,
0P.70.30.02,Iluminação estimada média,
0P.70.30.03,Lux,
0P.70.30.04,Ofuscamento,
0P.70.30.05,Índice de ofuscamento,
0P.70.30.07,Iluminância,
0P.70.30.08,Absorção da luz,
0P.70.30.09,Brilho luminoso,
0P.70.30.10,Plano de trabalho para cálculo de iluminação,
0P.70.30.11,Emissão luminosa,
0P.70.30.12,Exposição luminosa,
0P.70.30.13,Iluminância da Luz,
0P.70.30.14,Polarização da luz,
0P.70.30.15,Reflectância da luz,
0P.70.30.16,Índice de refração da luz,
0P.70.30.17,Fonte de luz,
0P.70.30.18,Transmissão de luz,
0P.70.30.19,Controles de iluminação,
0P.70.30.19.01,Identificação do controle de iluminação,
0P.70.30.20,Luminância,
0P.70.30.20.01,Lumens por lâmpada,
0P.70.30.20.02,Eficiência luminosa,
0P.70.30.20.03,Fluxo luminoso,
0P.70.30.20.04,Intensidade luminosa,
0P.70.30.21,Refletância,
0P.70.30.21.01,Refletância do teto,
0P.70.30.21.02,Refletância da parede,
0P.70.30.21.03,Refletância do piso,
0P.70.30.21.04,Refletância solar,
0P.70.30.21.05,Índice de refletância solar,
0P.70.30.22,Razão da cavidade do recinto (RCR),
0P.70.30.23,Translucência,
0P.70.30.24,Transparência,
0P.70.30.25,Opacidade,
0P.70.30.26,Luz ultravioleta,
0P.70.30.27,Luz visível,
0P.70.30.28,Transmitância de luz visível,
0P.70.40,Propriedades de sistemas de comunicação,
0P.70.40.01,Categoria do cabo,
0P.70.40.02,Classificação do cabo,
0P.70.40.03,Certificação do cabo,
0P.70.40.04,Material do cabo,
0P.70.40.05,Especificação do cabo,
0P.70.40.06,Terminações do cabo,
0P.70.40.07,Tipo de cabo,
0P.70.40.07.01,Par trançado sem blindagem (UTP),
0P.70.40.07.02,Par trançado,
0P.70.40.08,Número de fibras,
0P.70.40.09,Tipo de fibra,
0P.70.40.09.01,Fibra óptica,
0P.70.40.09.02,Não condutiva,
0P.70.40.09.03,Uso geral,
0P.70.40.09.04,Pleno de comunicação,
0P.70.40.09.05,pleno vertical de comunicação,
0P.70.40.10,Blindagem,
0P.70.40.11,Escolha do conjunto de sinais,
0P.70.40.12,Tipo de sinal,
0P.70.40.12.01,Banda larga,
0P.70.40.12.02,Modulado,
0P.70.40.13,Relação sinal-ruído,
0P.70.40.14,Especificação de desempenho de transmissão,
0P.70.50,Propriedades de sistemas de segurança física e patrimonial,
0P.70.50.01,Tipo de alarme,
0P.70.50.03,Trilha de auditagem,
0P.70.50.04,Estado do sistema,
0P.70.50.05,Capacidade da bateria de reserva,
0P.70.50.06,Ponto de controle,
0P.70.50.07,Tipo de mostrador,
0P.70.50.08,Capacidade falha segura,
0P.70.50.09,Pontos lógicos,
0P.70.50.10,Tipo de relatório,
0P.70.50.11,Área reportada,
0P.70.50.12,Ponto de terminação,
0P.70.50.13,Registro de horário,
0P.70.60,Propriedades de sistemas de energia,
0P.70.60.01,Consumo de energia,
0P.70.60.02,Demanda de energia,
0P.70.60.03,Unidade de energia,
0P.70.60.04,Energia por unidade área tempo,
0P.70.60.05,Densidade de energia,
0P.70.60.06,Eficiência energética,
0P.70.60.06.01,Medição de eficiência energética,
0P.70.60.06.02,Verificação da eficiência energética,
0P.70.60.06.03,Eficiência de água,
0P.70.60.06.04,Eficiência de combustível,
0P.70.60.07,Densidade de fluxo de calor,
0P.70.60.08,Absorção de energia de impacto,
0P.70.60.09,Energia potencial,
0P.70.60.10,Potência de saída,
0P.70.60.11,Radiância,
0P.70.60.12,Intensidade radiante,
0P.70.60.13,Irradiação,
0P.70.60.14,Energia específica,
0P.70.60.15,Energia solar total,
0P.70.60.16,Reflectância da energia solar total,
1F,Fases da construção
1F.10,Estágio de concepção,
1F.10.11,Fase de identificação de necessidades,
1F.10.11.14,Fase de descrição do projeto,
1F.10.11.17,Fase de criação,
1F.10.11.21,Fase de incepção,
1F.10.14,Fase de conceituação,
1F.10.14.14,Fase de análise de mercado,
1F.10.14.15,Fase de pesquisa,
1F.10.14.17,Fase de estudo de viabilidade de projeto,
1F.10.14.21,Fase de programação de projeto,
1F.10.27,Fase de pré-projeto/estudo de massa,
1F.10.31,Fase de estimativa de orçamento,
1F.10.37,Fase de estudos conceituais,
1F.10.37.11,Fase de coletas de dados,
1F.10.37.14,Fase de levantamento topográfico,
1F.10.37.21,Fase de investigação geotécnica,
1F.10.37.25,Fase de definição de produto,
1F.10.39,Fase de aquisição de propriedade,
1F.10.41,Fase de estudo preliminar,
1F.10.41.11,Fase de projeto esquemático,
1F.10.41.21,Fase de desenvolvimento de projeto,
1F.10.41.31,Fase de estimativa preliminar de custos,
1F.10.41.34,Fase de estudos técnicos,
1F.10.41.37,Fase de consulta pública,
1F.10.41.41,Fase de análise,
1F.10.41.47,Fase de estudos ambientais,
1F.10.41.51,Fase de investigação e averiguação de riscos de negócio,
1F.10.41.54,Fase de seleção de terreno,
1F.10.41.61,Fase de planejamento,
1F.10.43,Fase de programação,
1F.10.45,Fase de orçamentação,
1F.15,Estágio de defnição de entrega de projetos,
1F.15.10,Fase de avaliação do método de entrega dos projetos,
1F.15.20,Fase de montagem de equipe,
1F.15.20.11,Fase de seleção de equipe de projeto,
1F.15.20.14,Fase de seleção de equipe de planejamento,
1F.15.20.17,Fase de seleção de projetista/construtor,
1F.15.20.21,Fase de seleção de gerente da construção,
1F.15.20.24,Fase de requisição para qualificação(RFQ),
1F.15.20.27,Fase de avaliação de requisição para qualificação (RFQ),
1F.15.20.31,Fase de Requisição de Proposta (RFP),
1F.15.20.34,Fase de Avaliação de Requisição de Proposta (RFP),
1F.15.20.37,Fase de Entrevista,
1F.15.20.39,Fase de contratação de equipe,
1F.20,Estágio de projeto,
1F.20.10,Fase de descrição preliminar do projeto,
1F.20.10.11,Fase de engenharia preliminar,
1F.20.10.14,Fase de projeto conceitual,
1F.20.10.17,Fase de projeto esquemático,
1F.20.10.21,Fase de estudo preliminar,
1F.20.20,Fase de desenvolvimento de projeto,
1F.20.20.11,Fase de detalhamento de projeto,
1F.20.20.14,Fase de projeto executivo,
1F.20.20.17,Fase de protótipo e testes,
1F.20.20.21,Fase de análise de engenharia,
1F.20.20.24,Fase de seleção de produto,
1F.20.20.27,Fase de seleção de materiais,
1F.20.20.31,Fase de seleção de equipamentos,
1F.20.20.34,Fase de estimativa de valores,
1F.20.20.37,Fase de análise de valor,
1F.25,Estágio de documentação de construção,
1F.25.10,Fase de preparação da documentação de construção,
1F.25.10.11,Fase de preparação de dados de construção,
1F.25.10.14,Fase de preparação de desenhos,
1F.25.10.17,Fase de preparação de detalhes,
1F.25.10.21,Fase de preparação de desenhos de fabricação,
1F.25.10.24,Fase de preparação de desenhos coordenação,
1F.25.10.27,Fase de preparação de especificações,
1F.25.10.31,Fase de preparação de manual de projeto,
1F.25.20,Fase de produção de documentos de construção,
1F.25.30,Fase de estimativas de custos de construção,
1F.30,Estágios de compras e contratações,
1F.30.10,Fase de solicitações,
1F.30.20,Fase de pré-qualificação,
1F.30.30,Fase de edital de licitação,
1F.30.30.11,Fase de escopo de edital de licitação,
1F.30.30.14,Fase de precificação,
1F.30.30.17,Fase de preparação da licitação,
1F.30.30.21,Fase de preparação de propostas,
1F.30.40,Fase de seleção,
1F.30.40.11,Fase de seleção de construtor,
1F.30.40.14,Fase de avaliação de proposta,
1F.30.40.17,Fase de avaliação da licitação,
1F.30.50,Fase de contratação,
1F.30.50.11,Fase de negociação,
1F.30.50.14,Fase de adjudicação da proposta vencedora,
1F.30.50.17,Fase de execução de contrato,
1F.40,Estágio de execução,
1F.40.10,Fase de administração do contrato de construção,
1F.40.20,Fase de preparação de construção,
1F.40.20.11,Fase de mobilização,
1F.40.20.14,Fase de subcontratação,
1F.40.20.17,Fase de licenciamentos,
1F.40.20.21,Fase de revisão de regulamentação,
1F.40.20.24,Fase de aprovação de regulamentação,
1F.40.20.27,Fase de solicitação de licenças e aprovações,
1F.40.20.31,Fase de programação,
1F.40.20.34,Fase de Coordenação,
1F.40.20.37,Fase de transmissão de controle e responsabilidade,
1F.40.30,Fase de Desenvolvimento de produto,
1F.40.30.11,Fase de prototipação de produto,
1F.40.30.14,Fase de ensaios de produto,
1F.40.30.17,Fase de avaliação de produto,
1F.40.30.21,Fase de aquisição de produtos,
1F.40.30.24,Fase de pedidos de produtos,
1F.40.30.27,Fase de Entrega de produtos,
1F.40.40,Fase de construção,
1F.40.40.11,Fase de inicialização da construção,
1F.40.40.11.11,Fase de validação de processos de construção,
1F.40.40.11.14,Fase de mobilização,
1F.40.40.11.17,Fase de instalação,
1F.40.40.11.21,Fase de aplicação,
1F.40.40.11.24,Fase de produção,
1F.40.40.11.27,Fase de equipamentos e ferramentas,
1F.40.40.14,Fase de execução de projetos,
1F.40.40.14.11,Fase de ereção/elevação,
1F.40.40.14.14,Fase de montagem,
1F.40.40.14.17,Fase de manufatura,
1F.40.40.14.21,Fase de fabricação externa,
1F.40.40.14.24,Fase de fabricação,
1F.40.40.14.27,Fase de desmobilização,
1F.40.40.91,Fase de encerramento da construção,
1F.40.40.91.11,Fase de testes de edificações/instalações,
1F.40.40.91.14,Fase de ajustes e balanceamento,
1F.40.40.91.17,Fase de avaliação,
1F.40.40.91.21,Fase de limpeza,
1F.40.40.91.24,Fase de encerramento de contrato,
1F.40.40.91.27,Fase de equipação,
1F.40.40.91.31,Fase de entrega,
1F.40.50,Fase de comissionamento,
1F.40.50.11,Fase de inicialização do comissionamento,
1F.40.50.21,Fase de monitoração do comissionamento,
1F.40.50.31,Fase de certificação do comissionamento,
1F.40.50.41,Fase de demonstração de equipamentos das edificações/instalações,
1F.40.50.51,Fase de treinamento nos equipamentos das edificações/instalações,
1F.50,Estágio de utilização,
1F.50.10,Fase de ocupação,
1F.50.10.11,Fase de pré-inauguração,
1F.50.10.14,Fase de inauguração,
1F.50.10.17,Fase de utilização,
1F.50.10.19,Fase de implantação,
1F.50.20,Fase de gerenciamento da edificação/instalação,
1F.50.20.11,Fase de operação da edificação/instalação,
1F.50.20.21,Fase de inspeção da edificação/instalação,
1F.50.20.31,Fase de manutenção da edificação/instalação,
1F.50.30,Fase de reutilização da edificação/instalação,
1F.50.30.11,Fase de reforma da edificação/instalação,
1F.50.30.14,Fase de remodelagem da edificação/instalação,
1F.50.30.17,Fase de expansão da edificação/instalação,
1F.50.30.21,Fase de restauração da edificação/instalação,
1F.50.70,Fase de reparação da edificação/instalação,
1F.60,Fase de fechamento da edificação/instalação,
1F.60.10,Fase de adaptação,
1F.60.10.11,Fase de reequipação,
1F.60.10.14,Fase de recomissionamento,
1F.60.20,Fase de redesenvolvimento,
1F.60.25,Fase de realocação,
1F.60.30,Fase de desmontagem/desconstrução,
1F.60.35,Fase de reciclagem,
1F.60.40,Fase de descomissionamento,
1S,Fases da construção (serviços)
1S.10,Serviços transacionais,
1S.10.10,Marketing,
1S.10.15,Pré-qualificação,
1S.10.20,Proposta,
1S.10.25,Solicitação,
1S.10.30,Licitação,
1S.10.30.01,Apresentação de proposta,
1S.10.30.02,Recebimento de proposta,
1S.10.35,Entrevista,
1S.10.40,Seleção,
1S.10.45,seleção de vencedor,
1S.10.50,Contratação,
1S.10.50.01,Subcontratação,
1S.10.55,Terceirização,
1S.10.60,Leasing,
1S.10.65,Financiamento,
1S.10.70,Dotação orçamentária,
1S.10.75,Aquisições e contratações,
1S.10.75.01,Cotação,
1S.10.75.02,Compra,
1S.10.75.03,Venda,
1S.10.75.04,Devolução de mercadoria,
1S.10.80,Orçamentação,
1S.10.85,Estimativas de custos,
1S.10.90,Precificação,
1S.10.90.01,Preço máximo garantido,
1S.10.90.02,Preço unitário,
1S.20,Serviços administrativos,
1S.20.10,Gestão,
1S.20.10.01,Formação de equipe,
1S.20.10.02,Tomada de decisão,
1S.20.10.03,Autorização,
1S.20.10.04,Coordenação,
1S.20.10.05,Supervisão,
1S.20.20,Programação,
1S.20.20.01,Execução acelerada,
1S.20.20.02,Expedição,
1S.20.20.03,Adiamento,
1S.20.03.01,Alocação de atividades,
1S.20.03.02,Alocação de recursos,
1S.20.03.03,Alocação de tempo,
1S.20.30,Emprego,
1S.20.30.01,Recrutamento,
1S.20.30.02,Contratação,
1S.20.40.03,Conclusão,
1S.20.40,Contabilidade,
1S.20.40.01,Faturamento,
1S.20.40.02,Pagamento,
1S.20.40.03,Reembolso,
1S.30,Serviço de comunicação,
1S.30.10,Colaboração,
1S.30.10.01,Geração de ideias,
1S.30.10.02,Reunião,
1S.30.10.03,Rede de contatos,
1S.30.10.03.01,Rede social,
1S.30.15,Verbalização,
1S.30.15.01,Debate,
1S.30.15.02,Negociação,
1S.30.15.03,Apresentação,
1S.30.15.04,Discussão,
1S.30.15.05,Relatório,
1S.30.15.06,Comentário,
1S.30.15.07,Resposta,
1S.30.20,Apontamento,
1S.30.20.01,Anotação,
1S.30.20.02,Edição,
1S.30.20.03,Correio eletrônico,
1S.30.20.04,Correspondência,
1S.30.25,Participação,
1S.30.25.01,Comparecimento,
1S.30.30,Transmissão,
1S.40,Serviços de conceituação,
1S.40.10,Visualização,
1S.40.15,Previsão,
1S.40.20,Definição de estratégia,
1S.40.20.01,Definição de metas,
1S.40.25,Autoria,
1S.40.30,Definição,
1S.40.35,Interpretação,
1S.40.40,Assimilação,
1S.40.45,Tradução,
1S.40.50,Determinação,
1S.40.55,Formalização,
1S.40.60,Formulação,
1S.40.65,Definição de escopo,
1S.40.70,Coleta de dados,
1S.40.70.01,Estudo,
1S.40.70.02,Pesquisa,
1S.40.70.03,Busca,
1S.40.70.04,Leitura,
1S.40.70.05,Investigação,
1S.40.70.06,Identificação,
1S.40.70.07,Levantamento,
1S.40.70.08,Locação,
1S.40.75,Quantificação,
1S.40.75.01,Retratação de quantidades,
1S.40.75.02,Medição,
1S.40.75.03,Enumeração,
1S.40.80,Processamento de informação,
1S.40.80.01,Avaliação quantitativa,
1S.40.80.02,Análise,
1S.40.80.03,Resolução,
1S.40.80.04,Harmonização,
1S.40.80.05,Coordenação,
1S.40.80.06,Comparação,
1S.40.80.07,Avaliação qualitativa,
1S.40.80.08,Priorização,
1S.40.80.09,Classificação de valores,
1S.40.80.10,Comparação de valores,
1S.40.80.11,Prospecção de dados,
1S.40.80.12,Otimização,
1S.40.80.13,Refinamento,
1S.40.80.14,Desenvolvimento,
1S.40.80.15,Qualificação,
1S.40.80.16,Seleção,
1S.40.80.18,Cálculo,
1S.40.80.18,Alocação,
1S.40.85,Organização,
1S.40.85.01,Ordenação de valores,
1S.40.85.02,Classificação,
1S.40.85.03,Formatação,
1S.40.85.04,Preenchimento,
1S.40.85.05,Arquivamento,
1S.40.85.06,Recuperação,
1S.40.90,Revisão,
1S.40.90.01,Monitoramento,
1S.40.90.02,Verificação,
1S.40.90.03,Acompanhamento,
1S.40.95,Engenharia de valor,
1S.50,Serviços de projeto,
1S.50.10,Programação,
1S.50.20,Planejamento,
1S.50.20.01,Plano diretor,
1S.50.20.02,Planejamento de espaços,
1S.50.30,Sintetização do escopo de projeto,
1S.50.30.01,Resolução de problemas,
1S.50.40,Desenvolvimento de projeto,
1S.50.50,Validação de projeto,
1S.50.50.01,Verificação de projeto,
1S.50.50.02,Confirmação de projeto,
1S.50.50.03,Esclarecimento de projeto,
1S.60,Serviços de documentação,
1S.60.10,Modelagem,
1S.60.10.01,Inclusão de informação de projeto,
1S.60.10.02,Criação de conteúdo BIM,
1S.60.10.03,Montagem de conteúdo BIM,
1S.60.10.04,Anotação de conteúdo BIM,
1S.60.10.05,Criação de vistas BIM,
1S.60.10.06,Definição de folhas BIM,
1S.60.10.07,Criação de tabelas BIM,
1S.60.10.08,Ligação de arquivos BIM/CAD,
1S.60.20,Anotação,
1S.60.20.01,Atribuição,
1S.60.30,Delineação,
1S.60.30.01,Ilustração eletrônica,
1S.60.30.02,Ilustração,
1S.60.30.03,Desenho,
1S.60.30.04,Elevação,
1S.60.30.05,Diagramação,
1S.60.30.06,Rascunho,
1S.60.30.07,Desenho,
1S.60.30.08,Detalhamento,
1S.60.40,Especificação,
1S.60.50,Gravação,
1S.60.50.01,Fotografia,
1S.60.50.02,Filmagem,
1S.60.50.02.01,Processamento de imagens,
1S.60.60,Armazenamento de gravações,
1S.60.70,Preparação,
1S.60.80,Indexação,
1S.60.80.01,Listagem,
1S.60.90,Atualização,
1S.60.90.01,Revisão,
1S.60.90.02,Correção,
1S.60.90.03,Suplementação,
1S.70,Serviços de implementação,
1S.70.10,Execução,
1S.70.15,Prototipagem,
1S.70.15.01,Prototipagem rápida,
1S.70.20,Fornecimento,
1S.70.20.01,Abastecimento,
1S.70.20.02,Refino,
1S.70.20.03,Manufatura,
1S.70.20.04,Fabricação,
1S.70.20.04.01,Pré-fabricação,
1S.70.20.05,Definição de componentes,
1S.70.25,Distribuição,
1S.70.25.01,Transporte,
1S.70.25.02,Frete,
1S.70.25.03,Manuseio,
1S.70.25.04,Entrega,
1S.70.25.05,Armazenamento,
1S.70.25.06,Estrutura temporária,
1S.70.25.07,Inventário,
1S.70.30,Pré-construção,
1S.70.30.01,Levantamento,
1S.70.30.02,Mapeamento,
1S.70.30.03,Medição em campo,
1S.70.30.04,Digitalização,
1S.70.30.04.01,Digitalização de edificação/instalação,
1S.70.30.04.02,Digitalização de documento,
1S.70.30.05,Análise,
1S.70.30.06,Preparação,
1S.70.35,Construção,
1S.70.35.01,Edificação,
1S.70.35.02,Forma,
1S.70.35.03,Concretagem,
1S.70.35.04,Montagem,
1S.70.35.05,Ligação,
1S.70.35.06,Fixação,
1S.70.35.06.01,Fixação com pregos,
1S.70.35.06.02,Aparafusamento,
1S.70.35.07,Colagem,
1S.70.35.08,Colocação,
1S.70.35.09,Içamento,
1S.70.35.10,Instalação,
1S.70.35.11,Ereção/elevação,
1S.70.35.12,Enchimento,
1S.70.35.13,Preenchimento,
1S.70.35.14,Acabamento,
1S.70.40,Pós-construção,
1S.70.40.01,Limpeza,
1S.70.40.02,Proteção,
1S.70.40.03,Comissionamento,
1S.70.40.04,Ativação,
1S.70.40.05,Fechamento,
1S.70.45,Confirmação de qualidade,
1S.70.45.01,Observação,
1S.70.45.02,Inspeção,
1S.70.45.03,Certificação,
1S.70.45.04,Ensaio,
1S.70.45.05,Amostragem,
1S.70.45.06,Garantia,
1S.70.45.07,Garantia de desempenho,
1S.70.45.07,Monitoramento,
1S.70.50,Desconstrução,
1S.70.50.01,Desmontagem,
1S.70.50.02,Demolição,
1S.70.50.03,Escavação,
1S.70.50.04,Corte,
1S.70.50.05,Disposição,
1S.70.50.06,Recuperação,
1S.70.50.07,Reciclagem,
1S.80,Serviços de utilização,
1S.80.10,Seguro,
1S.80.10.01,Caução,
1S.80.15,Operação,
1S.80.20,Manutenção,
1S.80.25,Serviços,
1S.80.30,Reparos,
1S.80.35,Conservação,
1S.80.40,Melhoria,
1S.80.40.01,Renovação,
1S.80.40.02,Remodelagem,
1S.80.45,Customização,
1S.80.50,Mudança de uso,
1S.80.50.01,Conversão,
1S.80.55,Mudança,
1S.90,Serviços de suporte,
1S.90.10,Assessoramento,
1S.90.10.01,Recomendação,
1S.90.15,Representação,
1S.90.20,Aconselhamento,
1S.90.25,Testemunha,
1S.90.25.01,Depoimento de especialista em testemunha,
1S.90.30,Resolução,
1S.90.30.01,Mediação,
1S.90.30.02,Arbitramento,
1S.90.30.03,Litigação,
1S.90.35,Avaliação imobiliária,
1S.90.40,Exame/análise,
1S.90.45,Consultoria,
1S.90.45.01,Engenharia,
1S.90.50,Publicidade,
1S.90.55,Relações públicas,
1S.90.60,Reprodução de documentos,
1S.90.60.01,Impressão,
1S.90.60.02,Plotagem,
1S.90.65,Submissão/solicitação de aprovação,
1S.90.70,Suporte,
1S.90.70.01,Serviços relacionados ao inquilino,
1S.90.75,Viagem,
1S.90.80,Voluntariado,
1S.92,Serviços do governo,
1S.92.10,Licenciamento,
1S.92.10.01,Acreditação,
1S.92.10.02,Certificação,
1S.92.20,Revisão de plano,
1S.92.30,Permissão,
1S.92.40,Regulamento,
1S.92.50,Obrigação,
1S.92.60,Inspeção,
1S.94,Serviços adicionais,
1S.94.10,Escritório geral,
1S.94.20,Férias,
1S.94.30,Licença médica,
1S.94.40,Feriado,
1S.94.50,Dever cívico,
1S.94.60,Desenvolvimento profissional,
1S.94.60.01,Treinamento,
1S.94.60.02,Educação,
1S.94.60.03,Orientação,
1D,Disciplinas da construção
1D.11,Planejamento,
1D.11.11,Planejamento regional,
1D.11.21,Planejamento de desenvolvimento,
1D.11.31,Planejamento rural,
1D.11.41,Planejamento urbano,
1D.11.44,Planejamento de transportes,
1D.11.51,Planejamento ambiental,
1D.11.61,Planejamento de conservação de instalações perdidas,
1D.11.61.21,Planejamento de conservação de edifícios históricos,
1D.11.61.31,Planejamento de conservação de monumentos históricos,
1D.11.61.41,Planejamento de conservação de sítios arqueológicos,
1D.11.99,Planejamentos complementares,
1D.11.99.11,Plano diretor,
1D.11.99.14,Permissões,
1D.11.99.17,Avaliação de riscos,
1D.21,Projetos,
1D.21.11,Arquitetura,
1D.21.11.11,Arquitetura residencial,
1D.21.11.21,Arquitetura comercial,
1D.21.11.24,Arquitetura institucional,
1D.21.11.27,Arquitetura industrial,
1D.21.19,Estado preliminar,
1D.21.21,Paisagismo,
1D.21.23,Projeto de interiores,
1D.21.25,Especificações/Caderno de encargos,
1D.21.27,Projeto gráfico,
1D.21.27.11,Projeto de sinalização,
1D.21.31,Engenharia,
1D.21.31.11,Engenharia civil,
1D.21.31.11.11,Engenharia geotécnica,
1D.21.31.14,Engenharia de estruturas,
1D.21.31.14.11,Engenharia de fundações,
1D.21.31.14.21,Engenharia de arranha-céus,
1D.21.31.14.31,Engenharia de estruturas de grandes vãos,
1D.21.31.14.41,Engenharia de estruturas tensionadas,
1D.21.31.14.51,Engenharia de estruturas pneumáticas,
1D.21.31.14.54,Engenharia de estruturas hidráulicas,
1D.21.31.17,Engenharia mecânica,
1D.21.31.17.11,Engenharia de instalações hidráulicas,
1D.21.31.17.21,Engenharia de proteção contra incêndios,
1D.21.31.17.31,"Engenharia de calefação, ventilação e ar-condicionado",
1D.21.31.17.33,Engenharia de refrigeração,
1D.21.31.17.34,Engenharia de monitoramento e controle de energia,
1D.21.31.17.37,Hidrologia,
1D.21.31.21,Engenharia elétrica,
1D.21.31.21.11,Engenharia de alta tensão,
1D.21.31.21.21,Engenharia de média tensão,
1D.21.31.21.31,Engenharia de baixa tensão,
1D.21.31.23,Engenharia de comunicação,
1D.21.31.23.11,Engenharia de redes de informática,
1D.21.31.23.14,Engenharia de detecção e alarme,
1D.21.31.23.21,Engenharia audiovisual,
1D.21.31.24,Engenharia de processos,
1D.21.31.24.11,Engenharia de tubulações,
1D.21.31.24.21,Engenharia eólica,
1D.21.31.24.31,Engenharia de cogeração,
1D.21.31.24.41,Engenharia nuclear,
1D.21.31.24.51,Engenharia sanitária (inclui Engenharia de gestão de resíduos),
1D.21.31.27,Engenharia militar,
1D.21.31.99,Outras engenharias,
1D.21.31.99.11,Engenharia-acústica / Proteção contra irradiações,
1D.21.31.99.14,Engenharia de segurança física / antiterrorismo,
1D.21.31.99.17,Engenharia de valor,
1D.21.99,Outros projetos,
1D.21.99.11,Projetos de fontes,
1D.21.99.14,Projeto de ferramentas / equipamentos para acabamento,
1D.21.99.15,Especialista em projetos extraterrestres,
1D.21.99.22,Especialistas em projetos de serviços de saúde,
1D.21.99.22.11,Especialista em projetos de hospitais,
1D.21.99.22.21,Especialista em projetos de casas de repouso,
1D.21.99.24,Especialista em projetos de infraestrutura,
1D.21.99.25,Especialista em projetos de irrigação,
1D.21.99.26,Especialista em projetos de laboratórios,
1D.21.99.28,Especialista em projetos de iluminação,
1D.21.99.29,Especialista em projetos de marinas,
1D.21.99.31,Especialis em maquetes e modelos,
1D.21.99.39,Especialiste em projeto de sistema solares,
1D.21.99.45,Especialista em projetos de transporte,
1D.21.99.45.11,Especialistas em projetos de transporte aéreo,
1D.21.99.45.21,Especialista em projetos de transportes rodoviários,
1D.21.99.45.31,Especialista em projeto de transporte hidroviário,
1D.21.99.45.41,Especialista em projetos de transportes vertical,
1D.21.99.45.51,Especialista em projetos de tráfego / estacionamento,
1D.25,Gerenciamento de projetos,
1D.25.11,Estimativa de custos,
1D.25.14,Elaboração de propostas,
1D.25.17,Programa de necessidades,
1D.25.21,Programação / cronograma,
1D.25.31,Administração de contratos,
1D.25.41,Compras,
1D.25.41.11,Fabricação,
1D.25.41.11.11,Fabricação de produtos de construção,
1D.25.41.11.14,Processo de Fabricação,
1D.25.41.11.17,Fabricação de equipamentos de construção,
1D.25.41.14,Comercialização de produtos de construção,
1D.25.41.17,Marketing de produtos de construção,
1D.25.41.21,Aquisição de produtos de construção,
1D.25.51,Garantia de qualidade,
1D.25.54,Controle de qualidade,
1D.31,Levantamentos,
1D.31.11,Levantamentode e dificações,
1D.31.21,Levantamento topográfico,
1D.31.31,Sistema de informações geográficas (SIG),
1D.41,Construção,
1D.41.11,Contratação,
1D.41.11.11,Contratação global,
1D.41.11.14,Subcontratação,
1D.41.11.14.11,Subcontratação de alvenaria,
1D.41.11.14.14,Subcontratação de carpintaria,
1D.41.11.14.17,Subcontratação de serralheria,
1D.41.11.14.21,Subcontratação de instalaçõs hidráulicas,
1D.41.11.14.24,Subcontratação de proteção contra incêndios,
1D.41.11.14.27,Subcontratação de calefação, ventilação e ar-condicionado,
1D.41.11.14.28,Subcontratação de refrigeração,
1D.41.11.14.37,Subcontratação de instalações elétricas,
1D.41.11.14.51,Subcontrataçãodemonitoramento e control e de energia,
1D.41.11.14.54,Subcontratação de hidrologia,
1D.41.11.14.61,Subcontratação de pintura,
1D.41.11.14.64,Subcontratação de revestimentos cerâmicos,
1D.41.11.14.67,Subcontratação de argamassas*,
1D.41.11.14.71,Subcontratação de gesso*,
1D.41.14,Gerenciamento da construção,
1D.55,Disciplinas de uso e operação de edifcações e instalações,
1D.55.14,Merca do imobiliário,
1D.55.14.11,Vendas imóveis,
1D.55.14.14,avaliação de imóveis,
1D.55.14.17,Locações,
1D.55.21,Proprietário,
1D.55.24,Operação de edificações / instalações,
1D.55.24.11,Gerenciamento de espaços de edificações / instalações,
1D.55.24.14,Gerenciamento de edificações / instalações,
1D.55.24.17,Manutenção de edificações / instalações,
1D.55.24.21,Serviços de edificações / instalações,
1D.55.24.21.11,Operação e manutenção de instalações hidráulicas,
1D.55.24.21.14,Operação e manutenção de sistemas de proteção contra incêndios,
1D.55.24.21.17,Operação e manutenção de sistemas de calefação ventilação de ar-condicionado,
1D.55.24.21.21,Operação e manutenção de sistemas de refrigeração,
1D.55.24.21.24,Operação e manutenção de sistemas de monitoramento e controle de energia,
1D.55.24.21.27,Operação e manutenção de sistemas hidrológicos,
1D.55.24.21.31,Operação e manutenção de sistemas de proteção contra descargas atmosférica,
1D.55.24.21.34,Operação e manutenção de sistemas de proteção à vida,
1D.55.24.21.37,Operação e manutenção de sistemas de proteção contraradiação,
1D.55.24.21.41,Operação e manutenção de sistemas de proteção contra umidade,
1D.55.24.21.44,Avaliação e qualidade do ar interno,
1D.55.24.21.47,Operação e manutenção de sistemas de comunicação,
1D.55.24.21.47.11,Operação e manutenção de sistemas de telecomunicação,
1D.55.24.21.47.14,Operação e manutenção de sistemas de tecnologia da informação,
1D.55.24.21.51,Operação e manutenção de blindagem e proteção de edificações / instalações,
1D.55.24.21.51.11,Operação e manutenção de isolamento acústicode edificações / instalações,
1D.55.36,Restauração de edificações / instalações,
1D.55.36.11,Restauração de concreto,
1D.55.36.21,Restauração de alvenaria,
1D.55.36.31,Restauração de estacionamento,
1D.55.36.41,Restauração do patrimônio histórico,
1D.81,Disciplinas de apoio,
1D.81.11,Jurídico,
1D.81.11.11,Especialista em legislação e códigos,
1D.81.11.14,Perito judicial,
1D.81.13,Meio ambiente,
1D.81.13.11,Impacto ambiental,
1D.81.13.14,Descarte de materiais perigosos,
1D.81.13.44,Especialista em preservação forestal,
1D.81.31,Finanças,
1D.81.31.11,Transações bancárias,
1D.81.31.14,Contabilidade,
1D.81.31.17,Seguros,
1D.81.31.21,Garantias,
1D.81.34,Recursos humanos,
1D.99,Outras disciplinas,
1D.99.11,Ciências,
1D.99.13,Artes,
1D.99.13.11,Fotografia,
1D.99.41,Segurança,
1D.99.45,Relações públicas,
1D.99.61,Educação,
2C,Produtos (versão 1.0)
2C.02,Produtos relacionados ao terreno,
2C.02.02,Estabilização do solo,
2C.02.02.02,Sistema de estabilização e retenção do solo,
2C.02.02.02.02,Âncoras para retenção do solo,
2C.02.02.02.06,Grampos para retenção do solo,
2C.02.06,Produtos para melhoramento do solo,
2C.02.06.02,Produto para estabilização do solo,
2C.02.06.02.02,Injeção química,
2C.02.06.02.06,Grauteamento por pressão,
2C.02.06.02.10,Aterro para estabilização do solo,
2C.02.06.02.14,Drenagem por trincheira drenante,
2C.02.06.02.18,Dreno geocomposto,
2C.02.10,Mantas e revestimentos de contenção,
2C.02.10.02,Manta geossintética,
2C.02.10.02.02,Manta geotêxtil,
2C.02.10.02.06,Manta de geogrelha,
2C.02.10.02.10,Manta de geocélula,
2C.02.10.02.14,Manta de geomembrana,
2C.02.10.02.18,Manta de geocom posto,
2C.02.10.06,Contenção,
2C.02.10.06.02,Contenção de solo com manta,
2C.02.10.06.06,Contenção para piscina,
2C.02.10.06.10,Contenção para trincheira e vala,
2C.02.10.06.14,Contenção de rachão,
2C.02.10.06.18,Contenção com enrocamento,
2C.02.14,Estruturas de contenção,
2C.02.14.02,Estaca-prancha,
2C.02.14.06,Muro de arrimo,
2C.02.14.06.02,Parede diafragma,
2C.02.14.06.06,Muro de arrimo contínuo,
2C.02.14.06.10,Muro de arrimop ré-fabricado,
2C.02.14.10,Gabião,
2C.02.18,Proteção contra desmoronamentos,
2C.02.18.02,Tela para grampear,
2C.02.22,Pavimentação,
2C.02.22.02,Pavimentação permeável,
2C.02.22.06,Pavimentaçãoflexível,
2C.02.22.10,Pavimentação rígida,
2C.02.22.14,Pavimentação intertravada - Blocos,
2C.02.22.18,Drenagem do pavimento,
2C.02.22.18.02,Galeria,
2C.02.22.18.06,Poço de visita / caixa de inspeção e limpeza,
2C.02.26,Controle de estacionamento,
2C.02.26.02,Parquímetro,
2C.02.26.06,Emissor de tíquete de estacionamento,
2C.02.26.10,Cancela,
2C.02.26.14,Balizador,
2C.02.26.18,Sinalização de estacionamento,
2C.02.30,Produtos para a delimitação de espaços,
2C.02.30.02,Dispositivo delimitador de entradas,
2C.02.30.02.02,Barreira antichoque em cunha,
2C.02.30.06,Parede perimétrica / de divisa,
2C.02.30.10,Portão,
2C.02.30.14,Cercas,
2C.02.30.14.02,Cerca de arame farpado,
2C.02.30.14.06,Cerca em painel,
2C.02.30.14.10,Cerca de mourão,
2C.02.30.14.14,Cerca de grade,
2C.02.30.14.18,Cerca de madeira,
2C.02.34,Paisagismo,
2C.02.34.02,Produtos para manutenção e preparação de áreas verdes,
2C.02.34.02.02,Solo de cobertura,
2C.02.34.02.06,Adubo,
2C.02.34.02.10,Herbicida,
2C.02.34.02.14,Forração,
2C.02.34.02.18,Manta TNT,
2C.02.34.02.22,Tela para sombreamento,
2C.02.34.02.26,Estaca para paisagismo,
2C.02.34.02.30,Forração de solo para paisagismo,
2C.02.34.02.34,Estabilizador de solo para paisagismo,
2C.02.34.02.38,Calcário,
2C.02.34.02.42,Equipamento de corte,
2C.02.34.02.46,Equipamento de poda,
2C.02.34.02.50,Equipamento de rega,
2C.02.38.06,Acessórios para plantio e paisagismo,
2C.02.38.10,Equipamento de irrigação,
2C.02.38.10.02,Aspersor de irrigação,
2C.02.38.10.06,Mangueira de irrigação,
2C.02.38.14,Grama,
2C.02.38.14.02,Hidrossemeadura,
2C.02.38.14.06,Muda de grama,
2C.02.38.14.10,Semente de grama e suplemento do solo,
2C.02.38.14.14,Grama em placa,
2C.02.38.18,Vegetação,
2C.02.38.18.02,Arbusto,
2C.02.38.18.06,Árvore,
2C.02.38.18.10,Planta em geral,
2C.02.38.18.14,Bulbo de planta,
2C.02.38.18.18,Planta foral,
2C.02.38.18.22,Planta não foral,
2C.02.38.18.26,Filtro de lagoa,
2C.02.42,Mobiliário para área externa,
2C.02.42.02,Bicicletário e abrigo para bicicleta,
2C.02.42.02.02,Suportes para bicicleta,
2C.02.42.02.06,Abrigo para bicicleta,
2C.02.42.02.10,Armário com tranca para bicicleta,
2C.02.42.06,Assento para área pública,
2C.02.42.06.02,Banco para área pública,
2C.02.42.06.06,Cadeira para área pública,
2C.02.42.10,Mobiliário para área externa,
2C.02.42.10.02,Assento para área externa,
2C.02.42.10.06,Mesa para área externa,
2C.02.42.14,Lixeira para área externa,
2C.02.42.18,Elemento decorativo para área externa,
2C.02.42.22,Poste / mastro para bandeira,
2C.02.42.26,Fonte para área externa,
2C.02.42.30,Estátua e placa,
2C.02.42.34,Monumento,
2C.02.42.38,Comunicação visual para área externa,
2C.02.42.38.02,Placa direcional para área externa,
2C.02.42.38.06,Placa de identifcação de rua,
2C.02.42.38.10,Placa de sinalização iluminada,
2C.02.42.42,Pilarete,
2C.02.42.42.02,Pilarete de bloqueio ativo de acesso,
2C.02.42.42.06,Pilarete de bloqueio passivo de acesso,
2C.02.42.42.10,Pilarete ornamental,
2C.02.42.46,Poste de iluminação pública,
2C.02.46,Superfícies para prática de atividade física e recreativa,
2C.02.46.02,Superfícies para prática de esporte,
2C.02.46.06,Superfícies para playground,
2C.04,Produtos para a execução de estruturas e vedações,
2C.04.02,Concreto e argamassa,
2C.04.02.02,Concreto usinado,
2C.04.02.02.02,Concretousina do para uso convencional,
2C.04.02.02.06,Concreto usinado bombeável,
2C.04.02.02.10,Concreto usinado autoadensável,
2C.04.02.02.14,Concreto leve,
2C.04.02.06,Concreto preparado na obra,
2C.04.02.10,Concreto pré-moldado,
2C.04.02.14,Argamassa,
2C.04.02.14.02,Argamassas mistas de cal e cimento Portland,
2C.04.02.14.06,Argamassas de cimento para alvenaria,
2C.04.02.14.10,Argamassas de cimento,
2C.04.02.14.14,Argamassa resinosa,
2C.04.02.14.18,Argamassa resistente a agentes químicos,
2C.04.02.14.22,Argamassa refratária,
2C.04.02.14.26,Argamassa pré-misturada,
2C.04.02.14.30,Argamassa aderente à superfície,
2C.04.02.14.34,Argamassa à base de gesso,
2C.04.02.18,Graute,
2C.04.02.18.02,Graute para concreto,
2C.04.02.18.06,Graute para alvenaria,
2C.04.06,Blocos e tijolos,
2C.04.06.02,Bloco de concreto para alvenaria,
2C.04.06.06,Bloco sílico-calcário,
2C.04.06.10,Bloco de vidro,
2C.04.06.14,Tijolo de solo-cimento,
2C.04.06.18,Tijolo cerâmico,
2C.04.06.18.02,Tijolo cerâmico maciço,
2C.04.06.18.06,Tijolo aparente,
2C.04.06.18.10,Tijolo refratário,
2C.04.06.18.14,Tijolo de terracota,
2C.04.06.18.18,Tijolo cerâmico furado,
2C.04.06.22,Ancoragem e reforço de alvenaria,
2C.04.06.22.02,Reforço de alvenaria,
2C.04.06.22.04,Amarração de alvenaria,
2C.04.06.22.06,Ancoragem de alvenaria,
2C.04.06.26,Acessório para alvenaria,
2C.04.10,Produto para a proteção térmica e contra umidade,
2C.04.10.02,Produto à prova de fogo,
2C.04.10.02.02,Chapa à prova de fogo,
2C.04.10.02.06,Manta à prova de fogo,
2C.04.10.02.10,Revestimento à prova de fogo,
2C.04.10.06,Produto à prova de umidade,
2C.04.10.06.02,Membrana impermeável,
2C.04.10.06.06,Revestimento impermeável,
2C.04.10.10,Impermeabilização,
2C.04.10.10.02,Impermeabilização betuminosa,
2C.04.10.10.06,Manta de impermeabilização,
2C.04.10.10.10,Impermeabilizante de base cimentícia,
2C.04.10.14,Isolamentotérmico,
2C.04.10.14.02,Isolante térmico em placa,
2C.04.10.14.06,Manta de isolamento térmico,
2C.04.10.14.10,Revestimento para isolamento térmico,
2C.04.10.14.14,Isolante térmico de preenchimento solto,
2C.04.10.18,Isolamento acústico,
2C.04.10.18.02,Placa de isolamentoacústico,
2C.04.10.18.06,Manta de isolamentoacústico,
2C.04.10.18.10,Revestimento para isolamentoacústico,
2C.04.14,Produtosquímicos para amanut e nçãode e struturas,
2C.04.14.02,ProdutodeLimpeza em anut e nção,
2C.04.14.06,Produtoquímico para construção,
2C.04.14.06.02,Solv e nt e s,
2C.04.14.06.06,Ácidos,
2C.04.14.06.10,Álcalis,
2C.04.14.06.14,Sais,
2C.04.14.06.18,Cáusticos,
2C.04.18,Produtos para a e x e cuçãodefundaçõ e s,
2C.04.18.02,Estaca,
2C.04.18.02.02,Estacacravada,
2C.04.18.02.06,Estaca e scavada,
2C.04.18.06,Tubulão,
2C.04.18.10,Fun da çãorasa,
2C.04.22,Produtos paraexecuçãode estruturas de concr e to,
2C.04.22.02,Forma,
2C.04.22.02.02,Forma de aço,
2C.04.22.02.06,Forma de chapa com p e nsada,
2C.04.22.02.10,Forma de EPS,
2C.04.22.02.14,Formad emadeira,
2C.04.22.02.18,Forma de plástico,
2C.04.22.02.22,Forma de alumínio,
2C.04.22.06,Formap e rdida,
2C.04.22.10,Produtos paraacabamento de concr e to,
2C.04.22.10.02,Formaspara e stampag e m,
2C.04.26,Produtos paraaex e cução de armação e strutural,
2C.04.26.02,Armadura de aço,
2C.04.26.02.02,AçoCA-25embarra,
2C.04.26.02.06,AçoCA-50embarra,
2C.04.26.02.10,AçoCA-60embarra,
2C.04.26.02.12,AçoCA-60emrolo,
2C.04.26.02.14,Telasd e açosolda da s,
2C.04.26.02.18,Cor do alhasd e aço,
2C.04.26.06,Compon e nt e d e reforço e prot e nsão,
2C.04.26.06.02,Compon e nt e d e reforço,
2C.04.26.06.06,Bainhas para cabosd e prot e nsão,
2C.04.26.06.10,Ancorag e nsativas,
2C.04.26.06.14,Ancorag e nspassivas,
2C.04.26.10,Estruturam e tálica,
2C.04.26.10.02,Estrutura de p e rfsdeaço,
2C.04.26.10.06,Estrutura de p e rfsdealumínio,
2C.06,Produtos para e nvoltória,
2C.06.02,Produtos para a e x e cuçãodefacha da s,
2C.06.02.02,Sistemadeparede de vidro de corr e r,
2C.06.02.06,SistemadepaRede de vidro de abrirefechar,
2C.06.02.10,Vedação externa,
2C.06.02.14,Facha da v e ntilada,
2C.06.02.18,Fachada em concr e topré-fabricado,
2C.06.02.22,Entrada em vidro,
2C.06.02.26,Facha da sd e lojas/com e rciais,
2C.06.02.30,Pel e d e vidro,
2C.06.06,Produtos paraaex e cução de coberturas,
2C.06.06.02,Subcoberturas,
2C.06.06.06,Telhas,
2C.06.06.06.02,Telha de barro,
2C.06.06.06.06,Telha de concr e to,
2C.06.06.06.10,Telha de m e tal,
2C.06.06.06.14,Telhadefbrocimento,
2C.06.06.06.18,Telha de plástico,
2C.06.06.06.22,Telha de c e râmica,
2C.06.06.06.26,Telha de p e dranatural,
2C.06.06.06.30,Telhad emadeira,
2C.06.06.06.34,Telhasd e asfaltocomfbras e grânulosmin e rais,
2C.06.06.10,Revestimentos para t e lha do s,
2C.06.06.10.02,Revestimento de acabamento/Proteção do t e lhado,
2C.06.06.10.06,Produto para r e novação/Proteção de t e lhas,
2C.06.06.14,Equipamentoseacessórios para t e lha do s,
2C.06.06.14.02,Acabamentodebordaebeiraisd e t e lha do s,
2C.06.06.14.06,Calhas e rufosparat e lha do s,
2C.06.06.14.10,Ventilação de cobertura,
2C.06.06.14.14,Passarela para t e lha do s,
2C.06.06.14.18,Domo,
2C.06.06.14.22,Torre em cobertura,
2C.06.06.14.26,Claraboia,
2C.06.06.14.30,Alçapão/abertura em t e lha do s,
2C.06.06.14.34,Dreno de t e lhado,
2C.08,DivisóriaseParede smodular e s,
2C.08.02,Divisóriasfxas,
2C.08.02.02,Divisórias para sanitários e cubículos,
2C.08.02.06,Divisória de banh e iro em ictório,
2C.08.02.10,Divisória para chuv e iro,
2C.08.02.14,Cubículo,
2C.08.06,Divisóriasmóv e is,
2C.08.06.02,Divisória com d e sliz e horizontal,
2C.08.06.06,Divisóriasanfonada,
2C.08.06.10,Divisóriade e nrolar,
2C.08.06.14,Divisóriacomd e sliz e v e rtical,
2C.08.10,Parede smodular e s,
2C.08.10.02,Paredem odularm e tálica,
2C.08.10.06,Paredem odulard e plástico,
2C.08.10.10,Pared em odulard emadeira,
2C.08.10.14,Pared em odulard e g e sso,
2C.08.10.18,Paredem odulardefbrocimento,
2C.10,Produtos para acabamentosint e rnos,
2C.10.02,Component e smultiuso em acabamentos,
2C.10.02.02,Reboco,
2C.10.06,Revestimento de par e de,
2C.10.06.02,Rev e stimento de ladrilho,
2C.10.06.06,Painelderevestimento para par e de,
2C.10.06.10,Placaderevestimento de par e de,
2C.10.06.14,Lambri,
2C.10.06.18,Massast e xturiza da s,
2C.10.06.22,Acabamentoacústico de par e de,
2C.10.06.26,Produtopararestauraçãodeacabamento de par e de,
2C.10.06.30,Produtodeproteçãoes e gurança para par e de,
2C.10.10,Rev e stimento de piso,
2C.10.10.02,"Rev e stimento de piso,ladrilho e sol e ira",
2C.10.10.02.02,Pisod emadeira,
2C.10.10.02.06,Pisoc e râmico,
2C.10.10.02.10,Piso de granilite,
2C.10.10.02.14,Piso de alv e naria,
2C.10.10.02.18,Piso de m e tal,
2C.10.10.06,Pisoflexível,
2C.10.10.06.02,Piso de plástico,
2C.10.10.06.06,Piso de borracha,
2C.10.10.06.10,Piso de linól e o,
2C.10.10.06.14,Pisovinílico,
2C.10.10.10,Carp e te,
2C.10.10.10.02,Carp e te em placa,
2C.10.10.10.06,Carp e te em manta,
2C.10.10.14,Sist em a de pisopré-fabricado,
2C.10.10.14.02,Pisofutuante,
2C.10.10.14.06,Piso de ginásticaou da nça,
2C.10.14,Forroerevestimento de t e to,
2C.10.14.02,Forroeacabamento de t e to,
2C.10.14.02.02,Forrom e tálico,
2C.10.14.02.06,Forro de plástico,
2C.10.14.02.10,Forrod emadeira,
2C.10.14.02.14,Forro de g e sso,
2C.10.14.02.18,Forrot e xturizado,
2C.10.14.06,Produto para r e stauraçãodeforro,
2C.10.18,Produtos para pintura,
2C.10.18.02,Tintaacrílica em ulsionada em água,
2C.10.18.02.02,Tintaev e rnizd e usodiv e rso,
2C.10.18.02.06,Tintat e xturizada,
2C.10.18.06,Tinta para aplicaçõ e sparticular e s,
2C.10.18.06.02,Tintaparapr e v e nção de corrosão,
2C.10.18.06.06,Tintasolarr e f e xiva,
2C.10.18.06.10,Tintafuor e sc e nte,
2C.10.18.06.14,Tinta de sinalizaçãoviária,
2C.10.18.06.18,Tinta de piscina,
2C.10.18.06.22,Tintaparaconcr e to e alv e naria,
2C.10.18.06.26,Tintar e sist e nt e amofo/bolor,
2C.10.18.06.30,Tinta em mat e rialt e rmoplástico,
2C.10.18.06.34,Tintaplásticaafrio,
2C.10.18.06.38,Tinta para pintura em alto-rel e vo,
2C.10.18.06.42,Tintalaminada e lastoplástica,
2C.12,"Produtos para ab e rturas,portas e jan e las",
2C.12.02,Portas,
2C.12.02.02,Compon e nt e sd e portas,
2C.12.02.02.02,Requadro da porta,
2C.12.02.02.06,Porta e r e quadropré-monta do s,
2C.12.02.02.10,Band e ira da porta,
2C.12.02.02.14,Seção da porta,
2C.12.02.02.18,Forro e placa de porta,
2C.12.02.02.22,Conjunto de r e novação da porta,
2C.12.02.02.26,Vidrolat e ral da porta,
2C.12.02.02.30,Acessório da porta,
2C.12.02.06,Portam e tálica,
2C.12.02.06.02,Portaoca de m e tal,
2C.12.02.06.06,Porta de alumínio,
2C.12.02.06.10,Porta de aço,
2C.12.02.06.14,Porta de bronze,
2C.12.02.06.18,Portadeslizant e d em e tal,
2C.12.02.06.22,Porta do bráveld em e tal,
2C.12.02.06.26,Portagiratóriam e tálica,
2C.12.02.06.30,Portam e tálicabasculante,
2C.12.02.10,Portad emadeira,
2C.12.02.10.02,Portaesculpi da d emadeira,
2C.12.02.10.06,Portad emadeirafolh e ada,
2C.12.02.10.10,Portad emadeiras em iacabada,
2C.12.02.10.14,Degrauetrilho da portad emadeira,
2C.12.02.10.18,Portadet e lad emadeira,
2C.12.02.10.22,Portadecorr e rd emadeira,
2C.12.02.10.26,Porta de abrird emadeira,
2C.12.02.10.30,Portagiratóriad emadeira,
2C.12.02.10.34,Portabasculant e d emadeira,
2C.12.02.14,Porta de plástico/polím e ros,
2C.12.02.14.02,Porta de plásticolaminado,
2C.12.02.14.06,Porta de plásticosólido,
2C.12.02.14.10,Porta de t e laplástica,
2C.12.02.14.14,Porta de slizant e d e plástico,
2C.12.02.14.18,Porta de plástico,
2C.12.02.14.22,Portagiratória de plástico,
2C.12.02.14.26,Portabasculant e d e plástico,
2C.12.02.18,Portademat e riaisr e sina do s,
2C.12.02.18.02,Portadefbra de vidro,
2C.12.02.18.06,Portadeslizantedemat e riaisr e sina do s,
2C.12.02.18.10,Porta do bráveldemat e riaisr e sina do s,
2C.12.02.18.14,Portaarticuladademat e riaisr e sina do s,
2C.12.02.18.18,Portagiratóriademat e riaisr e sina do s,
2C.12.02.18.22,Portabasculantedemat e riaisr e sina do s,
2C.12.02.22,Porta e nvidraçada,
2C.12.02.22.02,Porta e nvidraça da articulada,
2C.12.02.26,Porta de vidro,
2C.12.02.26.02,Porta de abrird e vidro,
2C.12.02.26.06,Porta de slizant e d e vidro,
2C.12.02.26.10,Porta e gr e lha do bráveld e vidro,
2C.12.02.26.14,Portagiratória de vidro,
2C.12.02.26.18,Portabalanc e a da d e vidro,
2C.12.02.30,Portav e n e ziana,
2C.12.02.30.02,Grelha de passag em d e slizante,
2C.12.02.30.06,Grelha de passag em do brável,
2C.12.02.30.10,Grelhade e nrolar,
2C.12.02.34,Porta de acesso,
2C.12.02.34.02,Portatipoalçapão,
2C.12.02.34.06,Porta de acesso,
2C.12.02.34.10,Alçapão de piso,
2C.12.02.34.14,Alçapão de t e lhado,
2C.12.02.34.18,Alçapão de piso de s e gurança,
2C.12.02.34.22,Alçapãodetelha do d e s e gurança,
2C.12.02.34.26,Abertura para acessohumano,
2C.12.02.38,paineld e acesso,
2C.12.02.38.02,Paineldeac e ssode e quipamento,
2C.12.02.42,Portar e sist e nt e afogo,
2C.12.02.42.02,Portacorta-fogo,
2C.12.02.46,Porta de ambi e nt e controlado,
2C.12.02.46.02,Porta de Armazenamentoafrio,
2C.12.02.46.06,Porta de controle do som,
2C.12.02.46.10,Porta de Proteção contraradiação,
2C.12.02.50,Porta de d e t e nção,
2C.12.02.54,Porta de hangar,
2C.12.02.58,Porta de altotráfego,
2C.12.02.58.02,Portadepassagem com tirasf e xív e is,
2C.12.02.58.06,Porta de tirasf e xív e is,
2C.12.02.58.10,Porta de tráfego de painelrígido,
2C.12.02.58.14,Porta de ab e rturarápida,
2C.12.02.62,Portar e sist e nt e àpressão,
2C.12.02.62.02,Portah e rmética,
2C.12.02.62.06,Porta e stanque,
2C.12.02.66,Portablin da da,
2C.12.06,Jan e las,
2C.12.06.02,Component e sd e jan e las,
2C.12.06.02.02,Requadro da Jan e la,
2C.12.06.02.06,Jan e la e r e quadropré-monta do s,
2C.12.06.02.10,Band e ira da jan e la,
2C.12.06.02.14,Seção da jan e la,
2C.12.06.02.18,Forro e placa de jan e la,
2C.12.06.02.22,Conjuntoder e novação da jan e la,
2C.12.06.02.26,Vidrolat e ral da jan e la,
2C.12.06.02.30,Acessório da jan e la,
2C.12.06.06,Jan e la de m e tal,
2C.12.06.06.02,Jan e lafxa de m e tal,
2C.12.06.06.06,Janela de corr e rm e tálica,
2C.12.06.06.10,Jan e latipoguilhotinadefolhaúnicam e tálica,
2C.12.06.06.14,Jan e latipoguilhotinadefolhaduplam e tálica,
2C.12.06.06.18,Jan e latipoguilhotinadefolhatriplam e tálica,
2C.12.06.06.22,Jan e la de abrirm e tálica,
2C.12.06.06.26,Jan e lam e tálica,
2C.12.06.06.30,Jan e lam e tálicapivotant e v e rtical,
2C.12.06.10,Jan e lad emadeira,
2C.12.06.10.02,Jan e lafxad emadeira,
2C.12.06.10.06,Janeladecorr e rd emadeira,
2C.12.06.10.10,Jan e la de abrir com umafolhad emadeira,
2C.12.06.10.14,Jan e la de abrir com duasfolhasd emadeira,
2C.12.06.10.18,Jan e la de abrir com trêsfolhasd emadeira,
2C.12.06.10.22,Janela de abrird emadeira,
2C.12.06.10.26,Jan e lamaxim-ard emadeira,
2C.12.06.10.30,Janeladema de irapivotant e v e rtical,
2C.12.06.10.34,Janeladema de ira de p e rsiana,
2C.12.06.14,Jan e la de plástico/polím e ros,
2C.12.06.14.02,Jan e lafxa de plástico,
2C.12.06.14.06,Janela de corr e rd e plástico,
2C.12.06.14.10,Jan e la de abrir com umafolha de plástico,
2C.12.06.14.14,Jan e la de abrir com duasfolhasd e plástico,
2C.12.06.14.18,Jan e la de abrir com trêsfolhasd e plástico,
2C.12.06.14.22,Jan e labasculant e d e plástico,
2C.12.06.14.26,Jan e la de abrird e plástico,
2C.12.06.14.30,Jan e lamaxim-ard e plástico,
2C.12.06.14.34,Jan e laplásticapivotant e v e rtical,
2C.12.06.14.38,Janelav e n e ziana de plástico,
2C.12.06.14.42,Janelaven e zianabasculant e d e plástico,
2C.12.06.18,Janelad em at e riais com postos,
2C.12.06.18.02,Jan e lafxad em at e rial com posto,
2C.12.06.18.06,Janeladecorrerd em at e rial com posto,
2C.12.06.18.10,Jan e la de abrir com umafolhad em at e rial com posto,
2C.12.06.18.14,Jan e la de abrir com duasfolhasd em at e rial com posto,
2C.12.06.18.18,Jan e la de abrir com trêsfolhasd em at e rial com posto,
2C.12.06.18.22,Janelabasculanted em at e rial com posto,
2C.12.06.18.26,Janeladeabrird em at e rial com posto,
2C.12.06.18.30,Jan e lamaxim-ard em at e rial com posto,
2C.12.06.18.34,Janelapivotanteverticald em at e rial com posto,
2C.12.06.18.38,Janelavenezianad em at e rial com posto,
2C.12.06.18.42,Janelavenezianabasculanted em at e rial com posto,
2C.12.06.22,Jan e la para t e lhado,
2C.12.06.26,Jan e la e sp e cial,
2C.12.06.30.02,Jan e laanti-incêndio,
2C.12.06.30.06,Janela de d e t e nção,
2C.12.06.30.10,Jan e la de passag e m,
2C.12.06.30.14,Janela de ambi e nt e controlado,
2C.12.06.34,Jan e lablin da da,
2C.12.06.34.02,Jan e la de r e sistênciabalística,
2C.12.06.34.06,Jan e la de r e sistênciaagolpe,
2C.12.06.34.10,Janelablin da g em d e radiofrequência,
2C.12.06.34.14,Películades e gurança de jan e la,
2C.12.10,Fechamentos com vidro,
2C.12.10.02,Vidros,
2C.12.10.02.02,Vidrocurvo,
2C.12.10.02.06,Vidror e v e stido,
2C.12.10.02.10,Vidro com posto,
2C.12.10.02.14,Vidro de corativo,
2C.12.10.02.18,Vidror e sist e nt e aofogo,
2C.12.10.02.22,Vidroplano,
2C.12.10.02.26,Vidroreforça do acalor,
2C.12.10.02.30,Vidror e sist e nt e aimpacto,
2C.12.10.02.34,Vidroinsulado,
2C.12.10.02.38,Vidrolaminado,
2C.12.10.02.42,Vidro de baixa em issivi da de,
2C.12.10.02.46,Vidrofgurado,
2C.12.10.02.50,Vidro e sp e lhado,
2C.12.10.02.54,Vidrot em p e rado,
2C.12.10.02.58,Vidroaramado,
2C.12.10.06,Vedaçãoplástica,
2C.12.10.06.02,Vedaçãoplástica com r e sistênciabalística,
2C.12.10.06.06,Vedaçãoplástica de corativa,
2C.12.10.06.10,Vedaçãoplásticaisolante,
2C.12.10.06.14,Vedaçãoplásticatranslúcida,
2C.12.10.06.18,Vedaçãoplásticatranspar e nte,
2C.12.10.10,Vidroblin da do,
2C.12.10.10.02,Vidrolamina do d e s e gurança,
2C.12.10.14,Vidrocolorido,
2C.12.10.18,Vidro de uso e sp e cífco,
2C.12.10.18.02,Vidro de s e gurança,
2C.12.10.18.06,Envidraçamento com vidro de r e sistênciabalística,
2C.12.10.18.10,Envidraçamento com r e sistênciaàpressão,
2C.12.10.18.14,Envidraçamento com r e sistênciaàradiação,
2C.12.10.18.18,Vidro com variação de privaci da de,
2C.12.10.22,Component e do e nvidraçamento,
2C.12.10.26,Acessóriode e nvidraçamento,
2C.12.10.26.02,Selant e eftaparavidro,
2C.12.10.30,Películaseflmes,
2C.12.10.30.02,Película de control e solar,
2C.12.10.30.06,Película de Proteção,
2C.12.10.30.10,Película de s e gurança,
2C.12.10.30.14,Película de corativa,
2C.12.14,Ferragens para portas e jan e las,
2C.12.14.02,Ferrag em para porta,
2C.12.14.06,Ferrag em para jan e la,
2C.12.18,Proteção de ab e rtura,
2C.12.18.02,Proteçãoext e riord e ab e rtura,
2C.12.18.02.02,Ven e ziana externa,
2C.12.18.02.06,Grade externa,
2C.12.18.06,Jan e las-Cortinas e ve da çõ e s,
2C.12.18.06.02,Persiana de jan e la,
2C.12.18.06.06,Cortina e drap e ado,
2C.12.18.10,Telamosquit e ira,
2C.12.22,Component e sd e circulaçãoe e vacuação,
2C.12.22.02,Rampa,
2C.12.22.06,Passag e m/passar e la,
2C.12.22.10,Esca da móv e l,
2C.12.22.14,Escada,
2C.12.22.18,Saí da d e incêndio,
2C.12.22.22.02,Esca da de e scape,
2C.12.22.22.06,Escadade e scap e d e slizante,
2C.12.22.26,Equipamentode e vacuação,
2C.12.22.26.02,Dispositivopara e vacuação,
2C.12.22.26.06,Ca de irade e vacuação,
2C.12.26,ComponentesparaProteção de passant e s,
2C.12.26.02,Guarda-corpo,
2C.12.26.02.02,Compon e nt e d e guarda-corpo,
2C.12.26.06,Corrimão,
2C.12.26.06.02,Corrimão de corda,
2C.12.26.06.06,Niv e lamento,
2C.12.26.06.10,Corrimão de corr e nte,
2C.12.26.10,Produto de Proteção de impacto,
2C.12.26.10.02,Guarda-corpo de impacto,
2C.12.26.10.06,Prot e tord e canto,
2C.12.26.10.10,Prot e tord e coluna,
2C.12.26.10.14,Produtoprotetord e porta e par e de,
2C.14,Produtos paraserviçosd em anut e nçãopr e dial,
2C.14.02,Controleseinstrumentosd e usog e ral,
2C.14.02.02,Instrumentoecontroledemedição de t em p e ratura,
2C.14.02.02.02,Módulodealarme de t em p e ratura,
2C.14.02.02.06,Módulodecontrole de t em p e ratura,
2C.14.02.02.10,Controladord e t em p e ratura,
2C.14.02.02.14,Detectord e t em p e ratura,
2C.14.02.02.18,Indicadord e t em p e ratura,
2C.14.02.02.22,Gravadord e t em p e ratura,
2C.14.02.02.26,Sensord e t em p e ratura,
2C.14.02.06,Instrumentoecontrole de m e dirpr e ssão,
2C.14.02.06.02,Módulodealarm e d e pr e ssão,
2C.14.02.06.06,Módulodecontrol e d e pr e ssão,
2C.14.02.06.10,Controla do rd e pr e ssão,
2C.14.02.06.14,Det e ctord e pr e ssão,
2C.14.02.06.18,Indica do rd e pr e ssão,
2C.14.02.06.22,Registra do rd e pr e ssão,
2C.14.02.06.26,Sensord e pr e ssão,
2C.14.02.06.30,Módulodealarm e d e pr e ssãodiferencial,
2C.14.02.06.34,Módulodecontrol e d e pr e ssãodiferencial,
2C.14.02.06.38,Controla do rd e pr e ssãodiferencial,
2C.14.02.06.42,Det e ctord e pr e ssãodiferencial,
2C.14.02.06.46,Indica do rd e pr e ssãodiferencial,
2C.14.02.06.50,Registra do rd e pr e ssãodiferencial,
2C.14.02.06.54,Sensord e pr e ssãodiferencial,
2C.14.02.10,Controleeinstrumento de m e dição de fuxo,
2C.14.02.10.02,Módulo de alarm e d e fuxo,
2C.14.02.10.06,Módulo de control e d e fuxo,
2C.14.02.10.10,Controla do rd e fuxo,
2C.14.02.10.14,Det e ctord e fuxo,
2C.14.02.10.18,Indica do rd e vazão,
2C.14.02.10.22,Grava do rd e fuxo,
2C.14.02.10.26,Sensord e fuxo,
2C.14.02.14,Instrumentoecontroledem e dição de conc e ntração,
2C.14.02.14.02,Instrumentodemediçãodeconc e ntração de umi da de,
2C.14.02.14.06,Instrumentodemediçãodeconc e ntração de dióxi do de carbono,
2C.14.02.14.10,Instrumentodemedição de conc e ntração de ozônio,
2C.14.02.18,Instrumentoecontrole de m e dição de calor,
2C.14.02.18.02,Det e ctord e calor,
2C.14.02.18.06,Controladord e aqu e cimento,
2C.14.02.18.10,Programadord e aqu e cimento,
2C.14.02.18.14,Otimizadord e aqu e cimento,
2C.14.02.22,Instrumentoecontroledem e dição de nív e l,
2C.14.02.22.02,Módulo de nív e lalarme,
2C.14.02.22.06,Módulodecontrol e d e nív e l,
2C.14.02.22.10,Controla do rd e nív e l,
2C.14.02.22.14,Det e ctord e nív e l,
2C.14.02.22.18,Indica do rd e nív e l,
2C.14.02.22.22,Grava do rd e nív e l,
2C.14.02.22.26,Sensord e nív e l,
2C.14.02.26,Instrumentoecontrole de p e sag e m,
2C.14.02.26.02,Módulodealarm e d e p e so,
2C.14.02.26.06,Módulodecontrol e d e p e so,
2C.14.02.26.10,Det e ctord e p e so,
2C.14.02.26.14,Indica do rd e p e so,
2C.14.02.26.18,Grava do rd e p e so,
2C.14.02.26.22,Sensord e p e so,
2C.14.02.30,Instrumentoecontrole de conc e ntraçãom e tálica,
2C.14.02.30.02,Det e ctord em e tais,
2C.14.02.34,Instrumento e control e d e gás,
2C.14.02.34.02,Módulo de alarm e d e gás,
2C.14.02.34.06,Módulo de control e d e gás,
2C.14.02.34.10,Controla do rd e gás,
2C.14.02.34.14,Det e ctord e gás,
2C.14.02.34.18,Indica do rd e gás,
2C.14.02.34.22,Analisa do rd e gás,
2C.14.02.38,Instrumento e control e d e infrav e rm e lho,
2C.14.02.38.02,Célulafoto e létrica,
2C.14.02.38.06,Módulo de control e infrav e rm e lho,
2C.14.02.38.10,Controla do rd e infrav e rm e lho,
2C.14.06,Painéisdecontrole em onitoramento de informação,
2C.14.06.02,Paineldecontroleemonitoramento do climaint e rno,
2C.14.06.06,Sistema de control e pr e dial,
2C.14.06.06.02,Paineldecontrol e automatiza do pr e dial,
2C.14.06.06.06,Sist em aautomatiza do pr e dial,
2C.14.06.06.10,Paineldecontroledea com panhamentopr e dial,
2C.14.06.10,Paineldecontrol e d e proc e sso,
2C.14.06.10.02,Paineldecontroleedemonitoramento de r e síduogasoso,
2C.14.10,Equipamentosparaautomação e control e pr e dial,
2C.14.10.02,Controle de r e lógiopr e dial,
2C.14.10.06,Control e d e portapr e dial,
2C.14.10.10,Controleemonitoramentode e l e va do r,
2C.14.10.14,Controleemonitoramentode e n e rgia,
2C.14.10.18,Controledoambi e nt e pr e dial,
2C.14.10.22,Control e d e iluminaçãopr e dial,
2C.14.10.22.02,Paineldecontrol e d e iluminaçãopr e dial,
2C.14.10.22.06,Paineldecontrole do r e léd e iluminação,
2C.14.10.26,Control e d e ar-condicionado,
2C.14.10.26.02,paineld e controle do ar-condiciona do principal,
2C.14.10.26.06,paineld e controle do ar-condiciona do local,
2C.14.10.26.10,Relógio de controle do ar-condicionado,
2C.14.10.30,Paineldecontrol e do e quipamento,
2C.14.14,Bombas,
2C.14.14.02,Bombasplitaxial,
2C.14.14.06,Bombac e ntrífuga,
2C.14.14.10,Bomba de diafragma,
2C.14.14.14,Bombadúpl e x,
2C.14.14.18,Bombade e ngr e nag e m,
2C.14.14.22,Bomba de an e llíquido,
2C.14.14.26,Bomba de trituração,
2C.14.14.26.02,Bomba de trituração com binada,
2C.14.14.30,Bombadecavi da d e progr e ssiva,
2C.14.14.34,Bombaram,
2C.14.14.38,Bombar e cíproca,
2C.14.14.42,Bombarotativa,
2C.14.14.42.02,Bombarotativacam,
2C.14.14.42.06,Bombarotativa de lóbulo,
2C.14.14.42.10,Bombarotativa de parafuso,
2C.14.14.42.14,Bombarotativa de v e ntoinha,
2C.14.14.46,Bombarotativa de pistão,
2C.14.14.46,Ejetorde e sgoto,
2C.14.14.46.12,Ejetorde e sgotosubm e rsív e l,
2C.14.14.50,Bombasimpl e x,
2C.14.14.54,Bomba de v e ntoinha de slizante,
2C.14.14.58,Bomba de turbina,
2C.14.14.62,Bombadeengrenag em tipos e rp e ntina,
2C.14.14.66,Compon e nte da bomba,
2C.14.18,Motor e s,
2C.14.18.02,Motorr e cíproco,
2C.14.18.06,Motord e rotação,
2C.14.18.10,Turbina,
2C.14.22,Compr e ssor e s,
2C.14.22.02,Compr e ssord e fuxoaxial,
2C.14.22.06,Compr e ssorc e ntrífugo,
2C.14.22.10,Compr e ssorr e cíproco,
2C.14.22.10.02,Compr e ssord e diafragma,
2C.14.22.10.06,Compr e ssorr e cíproco de duplaação,
2C.14.22.10.10,Compr e ssorr e cíproco de açãoúnica,
2C.14.22.14,Compr e ssorgiratório,
2C.14.22.14.02,Compr e ssorgiratório de an e llíquido,
2C.14.22.14.06,Compr e ssorgiratório de lóbulo,
2C.14.22.14.10,Compr e ssord e parafuso,
2C.14.22.14.14,Compr e ssord e rolar,
2C.14.22.14.18,Compr e ssorrotativo,
2C.14.26,Troca do r e sd e calor,
2C.14.26.02,Trocadord e calor e conomiza do r,
2C.14.26.06,Trocadord e calor do tipoplaca e quadro,
2C.14.26.06.02,Trocadordecalordotipoplacaequadror e g e n e rativo,
2C.14.26.10,Trocadord e calord e concha e tubo,
2C.14.26.10.02,Trocadordecalordeconchaetubor e g e n e rativo,
2C.14.26.14,Trocadord e calord e tubo e barbatana,
2C.14.26.14,Troca do rd e calor e spiral,
2C.14.26.14.02,Trocadordecalor para v e ntilação do ar,
2C.14.26.18,Trocadord e calord e ro da sadiabáticas,
2C.14.26.22,Trocadord e calord e placa e barbatana,
2C.14.26.22.02,Trocadordecalord e placabarbatanadir e ta e barbatana,
2C.14.26.22.06,Trocadordecalord e placabarbatana de sloca da e barbatana,
2C.14.26.22.10,Trocadord e calord e placabarbatanaondula do e barbatana,
2C.14.26.26,Troca do rd e calord e fuido,
2C.14.30,Aquecedor e s para líqui do s,
2C.14.30.02,Aquece do r para líquido e létrico,
2C.14.30.06,Aquece do r para líqui do agás,
2C.14.30.10,Aquece do r para líqui do avapor,
2C.14.30.14,Aquecedorparalíquidoaól e o com bustív e l,
2C.14.30.14.02,Preaquecedoraól e o com bustív e l,
2C.14.34,Estaçõesr e dutorasd e pr e ssão,
2C.14.34.02,Estaçãoredutoradepr e ssãod em últiplo e stágio,
2C.14.34.06,Estaçãoredutora de pr e ssãode e stágiosimpl e s,
2C.14.38,Estruturasparaarmazenag em e tancag e m,
2C.14.38.02,Res e rvatório,
2C.14.38.06,Fun da ção de tanque,
2C.14.38.06.02,Estrutura de suport e d e tanque,
2C.14.38.06.06,Laj e defundação de tanque,
2C.14.38.10,Tanque e sp e cializado,
2C.14.38.10.02,Tanqu e criogênico,
2C.14.38.10.06,Tanqu e r e s e rvatório,
2C.14.38.10.10,Fossaséptica,
2C.14.38.10.14,Tanque do tiposifão,
2C.14.38.14,Construção de Armazenamento,
2C.14.38.14.02,Caixad’água,
2C.14.38.14.06,Silo,
2C.14.38.14.10,Obstáculo para Armazenamento,
2C.14.38.18,Tanque,
2C.14.38.18.02,Tanqued em últiplasParede s,
2C.14.38.18.06,Tanque de Parede única,
2C.14.38.22,Cont e ntord e tanque,
2C.14.38.22.02,Contentord e tanqu e aér e o,
2C.14.38.22.06,Contentordetanqu e subt e rrân e o,
2C.14.38.26,Rev e stimento de tanque,
2C.14.38.26.02,Bexiga de tanque,
2C.14.38.26.06,Revestimento de tanqu e d e borracha,
2C.14.38.30,Compon e nt e d e tanque,
2C.14.38.30.02,Reguladord e transbor da mento,
2C.14.38.30.06,Tampa de válvula e Preenchimento,
2C.14.38.30.10,Ventilação do tanque,
2C.14.42,Válvulas,
2C.14.42.02,Impedimento de r e fuxo,
2C.14.42.06,Válvulabalanc e ada,
2C.14.42.06.02,Válvulabalancea da d e gav e ta,
2C.14.42.06.06,Válvulabalancea da d e borbol e ta,
2C.14.42.06.10,Válvulabalanc e a da d e tomada,
2C.14.42.06.14,Válvulabalanc e a da d e globo,
2C.14.42.06.18,Válvulabalanceada de r e t e nção,
2C.14.42.06.22,Válvulabalanc e a da d e diafragma,
2C.14.42.10,Válvulade e sfera,
2C.14.42.14,Válvula-borbol e ta,
2C.14.42.14.02,Válvula-borbol e ta de arranqu e padrão,
2C.14.42.14.06,Válvula-borbol e ta de pastilhapadrão,
2C.14.42.18,Válvula de r e t e nção,
2C.14.42.18.02,Válvulader e t e nçãode e sfera,
2C.14.42.18.06,Válvulader e t e nção de chocalho,
2C.14.42.18.10,Válvula de r e t e nçãotipocone,
2C.14.42.18.14,Válvuladeret e nção de d em anda,
2C.14.42.18.18,Válvulader e t e nção do tipodiafragma,
2C.14.42.18.22,Válvuladeret e nção de l e vante,
2C.14.42.18.26,Válvula de r e t e nçãotipomola,
2C.14.42.18.30,Válvuladeret e nção de bloqu e io,
2C.14.42.18.34,Válvulader e t e nção de balanço,
2C.14.42.22,Válvula do tipodiafragma,
2C.14.42.26,Válvula de futuação,
2C.14.42.30,Válvula-gav e ta,
2C.14.42.34,Válvula-globo,
2C.14.42.38,Válvulad em istura,
2C.14.42.38.02,Válvulad em isturamanual,
2C.14.42.38.06,Válvulad em isturapr e ssãobalanc e ada,
2C.14.42.38.10,Válvulademisturat e rmostaticam e nt e controlada,
2C.14.42.42,Válvula-agulha,
2C.14.42.44,Válvula de orifício,
2C.14.42.48,Válvula de pr e ssão,
2C.14.42.52,Válvula de dr e notampão,
2C.14.42.56,Válvula de tampão,
2C.14.42.60,Válvula de gatilho,
2C.14.42.64,Válvula de pós-indica do r,
2C.14.42.68,Válvula de pré-ação,
2C.14.42.68.02,Válvula de pré-açãodeacionamento eletrônico,
2C.14.42.68.06,Válvula de pré-ação de s e lo de águaativado,
2C.14.42.72,Válvuladeregulag em d e pr e ssão,
2C.14.42.76,Válvula de alívio,
2C.14.42.76.02,Válvula de alívio de pr e ssão,
2C.14.42.76.06,Válvuladealívio de t em p e ratura,
2C.14.42.80,Disco de ruptura,
2C.14.42.84,Válvula de s e gurança,
2C.14.42.84.02,Válvulades e gurança de pr e ssão,
2C.14.42.84.06,Válvuladesegurançadatemp e ratura de pr e ssão,
2C.14.42.88,Válvula-sentin e la,
2C.14.42.92,Válvula de d e slizar,
2C.14.42.94,Válvula de lodo,
2C.14.42.96,Válvulade e xpansãot e rmostática,
2C.14.42.98,Caixa de válvula,
2C.14.46,Atua do rd e válvula,
2C.14.46.02,Atua do r e létrico,
2C.14.46.06.02,Atua do rd e válvulasol e noide,
2C.14.46.10,Atua do rd e válvulahidráulico,
2C.14.46.14,Atua do rd e válvulad em otorop e rado,
2C.14.46.18,Atua do rd e válvula de pn e umático,
2C.14.50,Variadoresd e v e loci da de,
2C.14.50.02,Variadordev e loci da d e hidráulico,
2C.14.50.02.02,Variadordev e loci da d e hidrodinâmico,
2C.14.50.02.06,Variadordev e loci da d e hidrostático,
2C.14.50.02.10,Variadordev e loci da d e hidroviscoso,
2C.14.50.06,Variadordeveloci da d e d e passo,
2C.14.50.06.02,Disco de polia de passovariável,
2C.14.50.06.06,Disco de tração de passovariável,
2C.14.50.10,Dispositivo de transmissão,
2C.14.50.10.02,Transmissãodemovim e ntação de fui do s,
2C.14.50.10.06,Caixade e ngr e nag e m,
2C.14.54,Retentor e sd e líqui do s,
2C.14.54.02,Armadilha de graxa,
2C.14.54.06,Armadilha de p e tról e o,
2C.14.54.10,Armadilha de vapor,
2C.14.54.10.02,Armadilha de disco de vapor,
2C.14.54.10.06,Armadilha de vaport e rmostático e boia,
2C.14.54.10.10,Armadilha de boia de vapor,
2C.14.54.10.14,Armadilhadec e sta de vaporinv e rtida,
2C.14.54.10.18,Armadilha de vapord e orifício,
2C.14.58,Tubulaçõ e s,
2C.14.58.02,Tubo de Parede dupla,
2C.14.58.02.02,TubodeParede duplaaér e o,
2C.14.58.02.06,Tubodepare de duplasubt e rrân e o,
2C.14.58.06,Tubo de Parede única,
2C.14.58.06.02,TubodeParede únicaaér e o,
2C.14.58.06.06,Tubodepare de únicasubt e rrân e o,
2C.14.60,Equipamentosparare para ção de tubulaçõ e s,
2C.14.60.02,Kitdefxação de tubo,
2C.14.62,Acessórios para tubulaçõ e s,
2C.14.62.02,Fixaçãom e cânica de tubo,
2C.14.62.06,Suport em e cânico de tubo,
2C.14.62.10,Juntade e xpansão da tubulação,
2C.14.62.14,Golp e d e arí e te,
2C.14.62.18,Compensa do rde e xpansão do tubo,
2C.14.64,Flang e s,
2C.14.64.02,Flang e d e tuboc e go,
2C.14.64.06,Flange de tubo de juntasobr e posta,
2C.14.64.10,Flang e d e tubo de orifício,
2C.14.64.14,Flang e d e tubo de prato,
2C.14.64.18,Flange de r e dução de tubo,
2C.14.64.22,Flange de tubo de d e slizar,
2C.14.64.26,Flang e d e tubo de solda,
2C.14.64.30,Flangedetuboc e gode e sp e táculo,
2C.14.64.34,Flang e d e tubo do tiporosca,
2C.14.64.38,Flangedetubo de p e scoço de solda,
2C.14.66,Adaptador e s para tubulaçõ e s,
2C.14.66.02,Adapta do rd e tubofeminino,
2C.14.66.06,Adapta do rd e tubomasculino,
2C.14.66.10,Adapta do rd e tubot e rminal,
2C.14.66.14,Adaptadord e tubo de conv e rsoralto-baixo,
2C.14.66.18,Adaptadord e tubo com bloqu e ioportorção,
2C.14.66.22,Adapta do rd e tuboautoconv e rsor,
2C.14.66.26,Adapta do rd e tubocondul e te,
2C.14.66.30,Adaptadordetuboder e dução da movim e ntação,
2C.14.66.34,Adaptadord e tubov e rm e lho,
2C.14.68,Acoplamentos para tubulaçõ e s,
2C.14.68.02,Acoplamentorígido para tubo,
2C.14.68.06,Acoplamentoflexível para tubo,
2C.14.68.10.02,Acoplamentofexíveldotipos e rp e ntina para tubo,
2C.14.68.10.06,Acoplamento para tubo de voltadupla,
2C.14.68.10.10,Acoplamento para tubo de pn e u,
2C.14.68.10.14,Acoplamentodetubo de vínculoflexível,
2C.14.68.10.18,Acoplamento de tubod em ultimandíbulas,
2C.14.68.10.22,Acoplamentodetubofexív e lh e licoi da l,
2C.14.68.10.26,Acoplamento de tubomagnético,
2C.14.68.10.30,Acoplamento de tubodefolesm e tálico,
2C.14.68.10.34,Acoplamento de tubo de diafragma,
2C.14.68.10.38,Acoplamentodetubodecorr e nt e d e rolo,
2C.14.68.10.42,Acoplamento para tuboSchmidt,
2C.14.68.10.46,Acoplamento para tubo de tosquiar,
2C.14.68.10.50,Acoplamento de tubo de bloco de slizante,
2C.14.68.10.54,Acoplamento de tubod em alhadeferro,
2C.14.68.10.58,Acoplamento de tubotipoaranha,
2C.14.68.10.62,Acoplamentodetubo de discoflexível,
2C.14.70,Cotov e los,
2C.14.70.02,Cotov e lo45°,
2C.14.70.06,Cotov e lo90°,
2C.14.70.10,Cotovelo de r e dução de tubo,
2C.14.72,Tampas para tubulaçõ e s,
2C.14.72.02,Tampa de tubo de rosca,
2C.14.72.06,Tampa de tubocônico,
2C.14.72.10,Tampa de tuboantirrotação,
2C.14.72.14,Tampa de tubos e rrilhada,
2C.14.72.18,Tampa de tubo de cab e çaranhurada,
2C.14.72.22,Tampadetubodeaneld e r e t e nção,
2C.14.72.26,Tampa de tubo de aba,
2C.14.72.30,Tampa de tubo de ponta do gancho,
2C.14.72.34,Tampa de tubo de aba de puxar,
2C.14.72.38,Tampa de tubov e ntilada,
2C.14.74,Componentesparatratamento de líqui do s,
2C.14.74.02,Filtrolíquido,
2C.14.74.02.02,Filtro de água,
2C.14.74.06,Est e riliza do rd e líquido,
2C.14.74.10,Saliniza do rd e líquido,
2C.14.74.14,Clora do rd e líquido,
2C.14.74.18,Ioniza do rd e líquido,
2C.14.74.22,Deioniza do rd e líquido,
2C.14.74.26,Desa e ra do rd e líquido,
2C.14.74.26.02,Desaeradord e líqui do c e ntrífugo,
2C.14.74.26.06,Desaera do rd e líqui do tipospray,
2C.14.74.26.10,Desaeradord e líqui do tipoband e ja,
2C.14.74.30,Iluminaçãoultraviol e ta de d e sinfecção de líquido,
2C.14.74.34,Descalcifcadord e líquido,
2C.14.74.34.02,Descalcifcadord e água,
2C.14.74.38,Coa do rd e líqui do s,
2C.14.74.38.02,Coa do rd e c e sta,
2C.14.74.38.06,Coa do rcônico,
2C.14.74.38.10,Coa do rtê,
2C.14.74.38.14,Coa do ry,
2C.14.74.38.18,Unidadedeosmos e r e v e rsa,
2C.14.74.38.22,Separa do rd e sóli do s,
2C.14.74.42,Dosa do rquímico,
2C.14.74.42.02,Dosa do rd e líqui do químico,
2C.14.74.42.06,Dosa do rd e sóli do químico,
2C.14.74.42.10,Dosa do rd e gásquímico,
2C.14.74.46,Unidadedepacote de tratamento de líquido,
2C.14.74.46.02,Unidadedepacote de tratamento de água,
2C.14.74.50,Separa do rd e líqui do s,
2C.14.74.50.02,Separadordelíqui do sd e c e ntrifugar,
2C.14.74.50.06,Separadord e líqui do sd e almofada de s em baça do ra,
2C.14.74.50.10,Separadord e líqui do stipociclone e létrico,
2C.14.74.50.14,Separa do rd e líqui do stipohidrociclone,
2C.14.74.50.18,Separadord e líqui do sm e cânico,
2C.14.74.50.22,Separadorde e limina do rd e névoalíquida,
2C.14.74.50.26,Separadord e líqui do stang e ncial,
2C.14.74.50.30,Tratamento de águamagnético eletrônico,
2C.14.74.50.34,Separadordecortina de ól e o e água,
2C.14.78,Componentes para tratamento de gás,
2C.14.78.02,Armadilha de vapor,
2C.14.78.06,Extrator,
2C.14.78.06.02,Extratord e ard e proc e sso,
2C.14.78.10,Inj e tord e ar,
2C.14.78.14,Ejetord e ar,
2C.14.78.18,Purifcadord e ar,
2C.14.78.18.02,Purifcadord e ard e duplagarganta,
2C.14.78.18.06,Purifcadord e ard em últipla para da,
2C.14.78.18.10,Purifcadord e cama de ar em balada,
2C.14.78.22,Tratamentodeforn e cimento de gás,
2C.14.78.22.02,Tratamento de vapor,
2C.14.78.22.06,Tratamento de gáscombustív e l,
2C.14.78.26,Purifcadord e ar eletrônico,
2C.14.78.30,Purifcadordearm e canicam e nt e assistido,
2C.14.78.34,Filtro de ar,
2C.14.78.34.02,Compon e nt e dofltro de ar,
2C.14.78.34.06,Filtro de ard e altaefciência,
2C.14.78.34.10,Filtro de ar do tipoULPA–ultralowparticulat e air,
2C.14.78.34.14,Filtro de ar do tipoHEPA–high-eciencyparticulat e air,
2C.14.78.34.18,Filtrotiposaco,
2C.14.78.34.22,Carcaçadefltro de ar,
2C.14.78.34.26,Filtro de ard e carvão,
2C.14.78.34.30,Filtrotiporolo,
2C.14.78.38,Col e tord e pó,
2C.14.78.42,Limpadord e ar eletrônico,
2C.14.78.46,Ambi e nta do r,
2C.14.78.50,Componente do tratamento do ar,
2C.14.78.50.02,Produto de d e sinfecção do ar,
2C.14.78.50.06,Absorvent e d e umi da de,
2C.14.82,Equipamentosd e r e ciclag e m,
2C.14.82.02,Prensa de r e ciclag e m,
2C.14.82.02.02,Prensadereciclag em d e pap e lão,
2C.14.82.02.06,Prensadereciclag em d e pap e l,
2C.14.82.02.10,Prensader e ciclag em d e plástico,
2C.14.82.02.14,Prensadereciclag em d emadeira,
2C.14.82.06,Recipiente para r e ciclag e m,
2C.14.82.10,Compactadord e r e ciclag e m,
2C.14.82.10.02,Compacta do rd e pap e lão,
2C.14.82.10.06,Compacta do rd em e tal,
2C.14.82.10.10,Compacta do rd e pap e l,
2C.14.82.10.14,Compacta do rd e plástico,
2C.14.82.10.18,Compacta do rd e lixo,
2C.14.82.10.22,Compacta do rd emadeira,
2C.14.86,Incin e ra do r e s,
2C.14.86.02,Incin e ra do rd e lixo,
2C.14.86.06,Incinera do rde documento,
2C.14.88,Equipamentosparaisolamentoerev e stimentom e cânico,
2C.14.88.02,Isolamento de tubulação,
2C.14.88.06,Cobertordeisolamentodo e quipamento,
2C.14.90,Equipamentos para isolamentoacústico,
2C.14.90.02,Montagemequipamentodeamort e cimento do som,
2C.14.92,Equipamentosd e Proteçãoàcorrosão,
2C.14.92.02,Barra de zinco,
2C.14.92.06,Fita de zinco,
2C.14.94,Bas e santivibração,
2C.14.94.02,Suportepara e quipamento de vibração,
2C.14.98,Equipamentosd em anut e nçãopr e dial,
2C.14.98.02,Sistemadelavag em d e jan e la,
2C.14.98.06,Plataformaeberçod em anut e nçãopr e dial,
2C.14.98.10,Sistemaderolag em do t e lhado,
2C.14.98.14,Sistemadeviagemde e sca da d em ão,
2C.14.98.18,Itensauxiliares para manut e nçãopr e dial,
2C.14.98.18.02,Trajeto de s e gurançapr e dial,
2C.14.98.18.06,Âncora para manut e nçãopr e dial,
2C.14.98.22,Sistemade de t e nçãoporqu e da,
2C.10.18.06.46,Tintat e rmoplásticapré-formada,
2C.30,Produtos para infraestrutura em obili da de,
2C.30.02,Controle em onitoramentode e strada,
2C.30.02.02,Proteçãoebarr e ira de s e gurançanotrânsito,
2C.30.02.02.02,Barr e ira de s e gurança,
2C.30.02.02.06,Barr e iraacústica,
2C.30.02.02.10,Barr e ira de tráfego,
2C.30.02.02.14,Barr e iraantiofuscamento,
2C.30.02.02.18,Barr e ira de concr e to,
2C.30.02.02.18.02,Barr e irasimpl e s,
2C.30.02.02.18.06,Barr e iradupla,
2C.30.02.02.22,Defensas,
2C.30.02.02.22.02,Defensarígida,
2C.30.02.02.22.06,Defensas em imal e ável,
2C.30.02.02.22.10,Defensamal e ável,
2C.30.02.02.26,Defensast e rminais,
2C.30.02.02.26.02,Defensast e rminaisrígi da s,
2C.30.02.02.26.06,Defensast e rminaisancora da s,
2C.30.02.02.26.10,Defensast e rminaisat e nua do ras,
2C.30.02.02.30,Mata-burrode e strada,
2C.30.02.02.34,Transiçãodebarreirasd e concr e to para defensas metálicas,
2C.30.02.02.38,Baliza do r,
2C.30.02.02.42,Cilindro de limita do r,
2C.30.02.02.46,Guarda-corpo para pont e s e viadutos,
2C.30.02.06,Sinalizaçãov e rtical,
2C.30.02.06.02,Placasd e r e gulam e ntação,
2C.30.02.06.06,Placasd e adv e rtência,
2C.30.02.06.10,Placasd e indicação,
2C.30.02.06.14,Placas e ducativas,
2C.30.02.06.18,Placasd e s e rviço,
2C.30.02.06.22,Delin e a do r e s,
2C.30.02.06.26,Placasmarca do rasd e obstáculos,
2C.30.02.06.30,painel eletrônico,
2C.30.02.06.30,Suport e s para sinalizaçãov e rtical,
2C.30.02.06.30.02,Suport e simpl e s,
2C.30.02.06.30.06,Suport e duplo,
2C.30.02.06.30.10,Suporte com partilhado,
2C.30.02.06.30.14,Suport e s em ipórtico,
2C.30.02.06.30.18,Suport e pórtico,
2C.30.02.10,Sinalizaçãohorizontal,
2C.30.02.10.02,Tacha,
2C.30.02.10.02.02,Tachabidir e cional,
2C.30.02.10.02.06,Tachamonodir e cional,
2C.30.02.10.06,Tachão,
2C.30.02.10.06.02,Tachãomonodir e cional,
2C.30.02.10.06.06,Tachãobidir e cional,
2C.30.02.14,Barreira de controle do v e ículo,
2C.30.02.14.02,Barr e iraantipassag e m,
2C.30.02.14.06,Barr e iramóv e l,
2C.30.02.14.10,Fragmenta do rd e pn e uativo,
2C.30.02.14.14,Fragmenta do rd e pn e upassivo,
2C.30.02.18,Dispositivosdelimitadores e d e Proteção,
2C.30.02.18.02,Pilaret e ativo de bloqu e io/antipassag e m,
2C.30.02.18.06,Pilaret e passivo de bloqu e io/antipassag e m,
2C.30.02.18.10,Pilarete arquit e tônico,
2C.30.06,Tún e l e ponte,
2C.30.06.02,Tún e l,
2C.30.06.02.02,Eixo de tún e l,
2C.30.06.02.06,Segmento de tún e l,
2C.30.06.02.10,Revestimento de tún e l,
2C.30.06.02.14,Grauteamento de tún e l,
2C.30.06.02.18,Microtún e l,
2C.30.06.06,Ponte,
2C.30.06.06.02,Pont e pré-fabricada,
2C.30.06.06.06,Viga de ponte,
2C.30.06.06.10,Treliça de ponte,
2C.30.06.06.14,Cabo de ponte,
2C.30.06.06.18,Rolamento/apoiosd e ponte,
2C.30.06.06.22,Mecanismomóv e ld e ponte,
2C.30.06.06.26,Plataforma/Pavimentação da ponte,
2C.30.06.06.30,Drenagem da ponte,
2C.30.06.06.34,Barreira de s e gurança da ponte,
2C.30.06.06.38,Juntade e xpansão da ponte,
2C.30.10,Ferrovia,
2C.30.10.02,Equipamento de trilhoferroviário,
2C.30.10.02.02,Dorm e nteferroviário,
2C.30.10.02.06,Trilhoferroviário,
2C.30.10.02.10,Cruzamento/desvioferroviário,
2C.30.10.02.14,Para-choqueferroviário,
2C.30.10.06,Compon e nte da plataformaferroviária,
2C.30.10.10,Equipamentode e l e trifcaçãoferroviária,
2C.30.10.10.02,Para-raiosferroviário,
2C.30.10.10.06,Linha de traçãoferroviária,
2C.30.10.14,Controle em onitoramentoferroviário,
2C.30.10.14.02,Dispositivo de sinalizaçãoferroviária,
2C.30.10.14.06,Instrum e ntação de controleferroviário,
2C.30.10.18,Locomotivaferroviária,
2C.30.10.18.02,Locomotivaadi e s e l,
2C.30.10.18.06,Locomotiva e létrica,
2C.30.10.22,Vagãoferroviário,
2C.30.10.22.02,Vagão de passag e iro,
2C.30.10.22.06,Vagão de l e itoferroviário,
2C.30.10.22.10,Vagão de bagag e mferroviário,
2C.30.10.22.14,Vagão de refeiçõ e sferroviário,
2C.30.10.22.18,Vagão de cargaferroviário,
2C.30.10.22.22,Vagão-tanque,
2C.30.10.22.26,Equipamento de vagãoferroviário,
2C.30.14,Funicular,
2C.30.14.02,Bond e d e cabo,
2C.30.14.06,Carro de cabo,
2C.30.14.10,Foliculard e trilho e cabo,
2C.30.14.14,Funiculard e cabo,
2C.30.14.18,Bond e aér e o,
2C.30.14.22,Eleva do rd e ca de ira,
2C.30.14.26,Teleféricode e squi,
2C.30.14.26.02,Teleférico de post e de e squi,
2C.30.14.26.06,Teleférico de ca de irade e squi,
2C.30.18,Aeródromo,
2C.30.18.02,Controle em onitoramento de aviação,
2C.30.18.02.02,Equipamentodeindicação de abor da g e m/aproximação,
2C.30.18.02.06,Equipamentod em onitoramento de aviação,
2C.30.18.06,Barr e ira de aviação,
2C.30.18.06.02,Barr e iraj e tblast,
2C.30.18.06.06,Barr e iraacústica(desomd e aviação),
2C.30.22,Construçõ e snavais e d e viasmarítimas,
2C.30.22.02,Instalação de nav e gação,
2C.30.22.02.02,Compon e nte,
2C.30.22.02.06,Eclusa de canal,
2C.30.22.02.10,Caise do ca,
2C.30.22.02.14,Pontão,
2C.30.22.02.18,Molhe,
2C.30.22.06,Control e d e fuxo de água,
2C.30.22.06.02,Res e rvatório,
2C.30.22.06.06,"Barrag e m,dique",
2C.30.22.06.10,Repr e sa,
2C.30.22.06.14,Barrag e m,
2C.30.22.06.18,paineld e bifurcação,
2C.30.22.06.22,Tubo de distribuição,
2C.30.22.06.26,Comporta e porta-eclusa,
2C.30.22.06.30,Ancinho de lixo,
2C.30.22.10,Produtosd e barr e ira de água,
2C.30.22.10.02,Ant e paro,
2C.30.22.10.06,Par e dão,
2C.30.22.10.10,Mole e qu e bra-mar,
2C.30.22.10.14,Par e dão,
2C.30.22.14,Controle em onitoramentomarítimo,
2C.30.22.14.02,Sinald e nav e gação,
2C.30.22.14.06,Luzd e nav e gação,
2C.30.22.14.10,Equipamentodemonitoramento da nav e gação,
2C.30.26,Equipamento de infraestrutura de r e de e létrica,
2C.30.26.02,Equipamento de transmissão e létrica,
2C.30.26.02.02,Poste e létrico,
2C.30.26.02.06,Torr e d e conc e ssionáriade e n e rgia e létrica,
2C.30.30,Equipamento de infraestruturader e d e d e gásnatural,
2C.30.30.02,Equipamento de conc e ssionária de gásnaturalcanalizado,
2C.30.34,Equipamento de infraestruturader e d e d e água,
2C.30.34.02,Equipamento de tubulação de conc e ssionária de água,
2C.30.38,Remoção e col e tade e sgoto,
2C.30.38.02,Dreno de águar e sidual,
2C.30.38.02.02,Drenofrancêsd e águar e sidual,
2C.30.38.02.06,Dreno de águar e sidualpluvial,
2C.30.38.02.10,"Col e tor,acoplamentoetubodedr e nag em d e água residual",
2C.30.38.02.14,Armação de acessoaodutode e sgoto,
2C.30.38.06,Subdr e nag em d e águade e sgoto,
2C.30.38.06.02,Geo com postodr e nante,
2C.30.38.06.06,Filtragemdedrenagemsubt e rrân e ag e otêxtil,
2C.30.38.06.10,Drenodebasedepavimentaçãoetubo de subdr e nag e m,
2C.30.38.06.14,Dreno de subl e ito,
2C.30.38.06.18,Sistemadedr e nag em sup e rfcial da água,
2C.30.38.06.22,Reservatório e tanqu e d e água de chuva,
2C.30.38.10,"cobertura,grade,ravina,canald e águar e sidual",
2C.30.40,Sistemadedr e nag em sup e rfcial,
2C.30.40.02,Bueiros,
2C.30.40.02.02,Bueirosd e concr e to,
2C.30.40.02.02.02,Bueirostubular e s,
2C.30.40.02.02.02.02,Corpodebu e irotubulard e concr e to,
2C.30.40.02.02.02.06,Bocadebu e irotubulard e concr e to,
2C.30.40.02.02.02.10,Dent e sd e concr e to,
2C.30.40.02.02.06,Bueirosc e lular e s,
2C.30.40.02.02.06.02,Corpoeboca de bu e iroc e lular,
2C.30.40.02.02.10,Bueirospré-molda do s,
2C.30.40.02.02.10.02,Corpo de bu e iropré-mol da do,
2C.30.40.02.02.10.06,Boca de bu e iropré-mol da do,
2C.30.40.02.06,Bueirosm e tálicos,
2C.30.40.02.06.02,Bueirosm e tálicos com chapasmúltiplas,
2C.30.40.02.06.06,Bueirosm e tálicoss em int e rrupção do tráfego,
2C.30.42.02.06.10,Bueirosd e poli e til e no,
2C.30.40.06,Dispositivospontuaisd e captação e ligação,
2C.30.40.06.02,Caixascol e toras,
2C.30.40.06.06,Bocasd e lobo,
2C.30.40.06.10,Bocasd e l e ão,
2C.30.40.06.14,Bocas com bina da s,
2C.30.40.10,Meio-fo,
2C.30.40.14,Sarj e ta,
2C.30.40.18,Val e ta,
2C.30.40.22,Canaletasd e concr e tom e ia-cana,
2C.30.44,Unidadepré-fabricada de tratamentode e sgoto,
2C.30.44.02,Estação de tratamento,
2C.30.44.02.02,Estaçãodebomb e amento em balada/compartim e ntada,
2C.30.44.02.06,Estação e l e vatórias em balada/compartim e ntada,
2C.30.48,Equipamentodetratamentopr e liminard e águae e sgoto,
2C.30.52,Equipamento de aditivaçãoquímica de águae e sgoto,
2C.30.56,Equipamentodemisturaeclar e amento de águae e sgoto,
2C.30.62,Estruturaoshore,
2C.60,Produtos paraaindústria de construçõ e stemporárias,
2C.60.02,Estruturas e construçõ e spré-fabrica da s,
2C.60.02.02,Compon e nt e de e struturapré-fabricada,
2C.60.02.06,Edifíciopré-fabricado com armação,
2C.60.02.10,Estrutura para painelde e difíciopré-fabricado,
2C.60.02.14,Estrutura para cubículode e difíciopré-fabricado,
2C.60.02.18,Edifíciopré-fabricado de suport e aér e o,
2C.60.02.22,Edifíciopré-fabrica do suporta do porcabo,
2C.60.02.26,Estruturaemt e ci do de e difíciopré-fabricado,
2C.60.02.30,Estruturade do mopré-fabricada,
2C.60.02.34,Edifíciomóv e l,
2C.60.06,Abrigos e coberturasmóv e is,
2C.60.06.02,Abrigo de usog e ral,
2C.60.06.06,Abrigo para transport e público,
2C.60.06.10,Coberturadepassagemdep e d e str e s,
2C.60.06.14,Abrigo para aProteçãocivil,
2C.60.06.18,Abrigo para animal,
2C.60.06.22,Abrigo para carro,
2C.60.06.26,Abrigo para instalação,
2C.60.06.30,Ombr e lone,
2C.60.10,"Quiosqu e s,cabin e s e guaritas",
2C.60.10.02,Guarita,
2C.60.10.06,Cabin e d e controle,
2C.60.10.10,Estufa,
2C.60.10.14,Casa de v e ran e io,
2C.60.10.18,Quiosque,
2C.60.10.22,Cabin e banh e iropúblico,
2C.60.10.26,Quiosque para sauna,
2C.60.10.30,Mausoléu,
2C.60.10.34,Cabin e d e usog e ral,
2C.60.14,Cômo do smodular e s,
2C.60.14.02,Módulo de c e la para prisão,
2C.60.14.06,Módulo de quarto de hot e l,
2C.60.14.10,Módulo de quarto de alojamento,
2C.60.18,Conjuntosmonta do sdeformaint e grada,
2C.60.22,Módulos para usog e ral,
2C.60.22.02,Módulopré-fabricado para usodiv e rso,
2C.60.26,Cômo do stemporáriosparaarmazenamento e d e sp e nsa,
2C.60.30,Cômo do stemporários para uso e sp e cífco,
2C.60.30.02,Cômo do para e sport e s,
2C.60.30.06,Cons e rvatórios,
2C.60.30.10,Plan e tários,
2C.60.30.14,Saunas e ca,
2C.60.30.18,Saunaavapor,
2C.60.34,Módulossanitários,
2C.60.34.02,Módulo de banh e iro,
2C.60.34.06,Módulo de lavabo,
2C.60.38,Módulospara com partimentoscontrola do s,
2C.60.38.02,Salalimpa,
2C.60.38.06,Compartimentoisolado,
2C.60.38.10,Compartimentocondiciona do d e som,
2C.60.38.14,Compartimentohip e rbárico,
2C.60.38.18,Compartimentoprot e gi do d e radiação,
2C.60.42,Módulosdesala de controle e s e gurança,
2C.60.42.02,Estande e abrigode e scritório da usina,
2C.60.46,Módulos para corre do r,
2C.64,Compon e nt e spara comunicaçãovisual,
2C.64.02,Placainformativa,
2C.64.06,Letrasenumerais para displays e tabelas,
2C.64.10,Quadro de avisos,
2C.64.14,Quadropara e scr e v e r,
2C.64.18,Placa de hom e nag e m,
2C.64.18.02,paineld e i de ntifcação de salascom e rciais,
2C.64.22,Expositor para cartaz,
2C.64.22.02,Letras para displays e tabelas,
2C.64.22.06,Numerais para displays e tabelas,
2C.64.26,Displayd e sinalizaçãodigital,
2C.64.26.02,Quadromagnético,
2C.64.26.06,Quadro de cortiça,
2C.64.30,Pictograma,
2C.64.30.02,Quadrobrancoint e rativomultimídia,
2C.64.30.06,Quadron e gro,
2C.64.30.10,Quadro de apagars e co,
2C.64.30.14,Quadro de d e s e nho,
2C.64.30.18,Quadro eletrônico,
2C.66,Component e smodular e sindustrializa do s,
2C.66.02,Estruturapré-fabricada,
2C.66.06,cobertura e abrigo,
2C.66.10,Edifício de uso e sp e cial,
2C.68,Mobiliárioe equipamentosdiv e rsos,
2C.68.02,"Mobiliáriocom e rcial(armazéns,depósitos)",
2C.68.02.02,Unidadesd e Armazenamento,
2C.68.02.06,Prat e l e ira,
2C.68.02.10,Suporte,
2C.68.02.14,Rack para Armazenamentomultiuso,
2C.68.02.18,Gav e t e irovolante,
2C.68.02.22,Gav e t e iro,
2C.68.02.26,Mapot e ca,
2C.68.02.30,Mesa,
2C.68.02.34,Estante para livros,
2C.68.02.38,Porta-chav e s,
2C.68.06,Equipamentos em obiliáriopara e scritórioe com ércio,
2C.68.06.02,Equipamento de r e gistro,
2C.68.06.06,Equipamentode de pósito de bagag e m,
2C.68.06.10,Equipamento em obiliáriom e rcantil,
2C.68.06.14,Equipamento de barb e aria,
2C.68.06.18,Equipamentodesalão de b e l e za,
2C.68.06.22,Caixar e gistra do ra,
2C.68.06.26,Equipamento de saída,
2C.68.06.30,Equipamentode e scritório,
2C.68.06.30.02,Equipamento para d e s e nhotécnico,
2C.68.06.30.06,Plott e r,
2C.68.06.30.10,Produtoparaescrita e d e s e nho,
2C.68.06.30.14,Acessóriode e scritório,
2C.68.10,Produtosr e laciona do sàguarda de roupas e outrasp e ças dev e stuário,
2C.68.10.02,Guarda-roupas,
2C.68.10.06,Cômo da s,
2C.68.10.10,Armários com tranca para roupas,
2C.68.10.14,Suport e s para casacos e chapéus,
2C.68.10.14.02,Porta-casacos,
2C.68.10.14.06,Porta-chapéus,
2C.68.10.18,Cabi de iros,
2C.68.10.18.02,Cabi de iro para sapatos,
2C.68.10.18.06,Gancho para casacos,
2C.68.10.18.10,Arara,
2C.68.10.22,Chap e laria,
2C.68.10.26,Porta-guarda-chuvas,
2C.68.10.30,Equipamentosd e suport e achap e larias,
2C.68.10.30.02,Equipamentomanuald e suport e achap e larias,
2C.68.10.30.06,Equipamentoautomatizado de suport e achap e larias,
2C.68.10.34,Estanteseorganiza do r e s para roupas,
2C.68.10.34.02,Estantecomprat e l e iras para roupas,
2C.68.10.34.04,Organiza do r para guarda-roupas,
2C.68.14,Lixeirasecinzeirosparaambi e nt e sint e rnos,
2C.68.14.02,Lix e ira,
2C.68.14.06,Cinz e iro,
2C.68.18,Armários,
2C.68.18.02,Armáriomodular para usog e ral,
2C.68.18.02.02,Armáriomodulard em e tal,
2C.68.18.02.06,Armáriomodulard emadeira,
2C.68.18.02.10,Armáriomodulard e plástico,
2C.68.18.06,Armáriosobm e dida para usog e ral,
2C.68.18.10,Armários para usos e sp e cífcos,
2C.68.18.10.02,Armário para bancos e outrasinstituiçõ e sfnanc e iras,
2C.68.18.10.06,Armário para hotéis,
2C.68.18.10.10,Armárioparafnsmédicos,
2C.68.18.10.14,Armário para mostruário,
2C.68.18.10.18,Armáriopara espaçosr e ligiosos,
2C.68.18.10.22,Armário de bibliot e ca,
2C.68.18.10.26,Armáriopara e scola,
2C.68.18.10.30,Armário para laboratório,
2C.68.18.10.34,Armáriodefunerária,
2C.68.18.10.38,Armário de cozinhaindustrial,
2C.68.18.10.42,Armário de quarto e scuro,
2C.68.18.10.46,Armárior e si de ncial,
2C.68.18.10.50,Armário de área de s e rviço,
2C.68.18.10.54,Armário para Correio,
2C.68.18.14,Compon e nt e sd e armários,
2C.68.18.14.02,Gabin e t e d e armário,
2C.68.18.14.06,Ferrag em d e armário,
2C.68.18.14.10,Sup e rfíciedetrabalhoqueécompon e nt e d e umarmário,
2C.68.22,Equipamentos em obiliários para s e rviçoalim e ntício,
2C.68.22.02,Gabinet e sindustriais para Preparação de alimentos,
2C.68.22.02.02,Gabineteindustrialparaalimentosqu e nt e s,
2C.68.22.02.06,Gabinet e industrial para alimentosfrios,
2C.68.22.02.10,Gabineteindustrialparaalimentosqu e nt e sefrios,
2C.68.22.02.14,Gabinet e industrial para massas e pastéis,
2C.68.22.02.18,Gabineteindustrialparamanut e nção de alimentos aqu e ci do s,
2C.68.22.02.22,Gabinet e industrial para ap e ritivos,
2C.68.22.06,Equipamentosindustriais para cocção de alimentos,
2C.68.22.06.02,Aquecedord e alimentos em banho-maria,
2C.68.22.06.06,Equipamento de b e bi da sindustrial,
2C.68.22.06.10,Grelhaindustrial,
2C.68.22.06.14,Pan e laindustrial,
2C.68.22.06.18,Máquina de cr e p e industrial,
2C.68.22.06.22,Frita de iraindustrial,
2C.68.22.06.26,Frigi de iraindustrial,
2C.68.22.06.30,Chapaindustrial,
2C.68.22.06.34,Grelhaindustrial,
2C.68.22.06.38,Cald e iraindustrial,
2C.68.22.06.42,Fornoindustrial,
2C.68.22.06.46,Máquina de pipocaindustrial,
2C.68.22.06.50,FogãoRang e industrial,
2C.68.22.06.54,Assa do rindustrial,
2C.68.22.06.58,Cocçãoavaporindustrial,
2C.68.22.06.62,Frigi de iraindustrial,
2C.68.22.06.66,Fogãoindustrial,
2C.68.22.06.70,Torra de iraindustrial,
2C.68.22.06.74,Forma de wafeindustrial,
2C.68.22.06.78,Equipamentop e qu e no de cocçãoindustrial,
2C.68.22.10,Equipamentosindustriaisparaaquecimento de alimentos,
2C.68.22.10.02,Aquece do rindustriald e alimentos,
2C.68.22.10.06,Estaçãoindustrialdeaquecimento de alimentos,
2C.68.22.10.10,Bocadefogãoindustrial,
2C.68.22.10.14,Mesa de vaporindustrial,
2C.68.22.14,Equipamentosindustriaisd e refrig e ração de alimentos,
2C.68.22.14.02,Mesarefrig e ra da industrial,
2C.68.22.18,Equipamentosindustriais para lavarlouças,
2C.68.22.18.02,Lava-louçaindustrial,
2C.68.22.22,Equipamentosindustriaisparadescart e d e alimentos,
2C.68.22.22.02,Unidadeindustrialdedescart e d e r e síduos,
2C.68.22.22.06,Recolhe do rindustriald e lixo,
2C.68.22.22.10,Tritura do rindustriald e lixo,
2C.68.22.26,Equipamentosexpositor e sd e alimentos,
2C.68.22.26.02,Caixaindustrial e xpositora de alimentos,
2C.68.22.26.06,Prot e torindustriald e alimentos,
2C.68.22.30,Equipamentocomerciald e distribuição de alimentose bebi da s,
2C.68.22.30.02,Equipamentoindustrialparab e bi da scarbonata da s,
2C.68.22.30.04,Disp e nsa do rindustriald e água e ngarrafada,
2C.68.22.30.06,Dispensadorindustriald e pratos e tig e las,
2C.68.22.30.08,Dispensa do rindustriald e pã e s,
2C.68.22.30.10,Dispensadorindustrialde e xpr e sso e cappuccino,
2C.68.22.30.12,Dispensadorindustriald e b e bi da gasosa,
2C.68.22.30.14,Disp e nsa do rindustriald e café,
2C.68.22.30.16,Dispensa do rindustriald e condimentos,
2C.68.22.30.18,Dispensadorindustriald e cr em e chantilly,
2C.68.22.30.20,Disp e nsa do rindustriald e xícaras,
2C.68.22.30.22,Dispensadorindustriald e pir e s e xícaras,
2C.68.22.30.24,Resfresqu e iraindustrial,
2C.68.22.30.26,Disp e nsa do rindustriald e copos,
2C.68.22.30.28,Dispensadorindustriald e talh e r e s,
2C.68.22.30.30,Dispensadorindustriald e chocolat e qu e nte,
2C.68.22.30.32,Disp e nsa do rindustriald e águaqu e nte,
2C.68.22.30.34,Dispensadorindustriald e sorv e t e s,
2C.68.22.30.36,Dispensa do rindustriald e l e ite,
2C.68.22.30.38,Disp e nsa do rindustriald em ilk-shak e s,
2C.68.22.30.40,Dispensadorindustrialdeb e bi da snãocarbonata da s,
2C.68.22.30.42,Disp e nsa do rindustriald e pratos,
2C.68.22.30.44,Dispensa do rindustriald e pir e s,
2C.68.22.30.46,Disp e nsa do rindustriald e refresco,
2C.68.22.30.48,Dispensadorindustriald e sorv e t e tipoitaliano,
2C.68.22.30.50,Dispensa do rindustriald e xarop e s,
2C.68.22.30.52,Dispensa do rindustriald e band e jas,
2C.68.22.30.54,Sist em aindustrialparafltrag em d e água,
2C.68.22.30.56,Equipamentoindustrialdefltrag e m,
2C.68.22.34,Refrigeradoresecong e la do r e sindustriais,
2C.68.22.34.02,Ultrarr e sfria do r,
2C.68.22.34.06,Cong e la do rindustrial,
2C.68.22.34.10,Refrig e ra do rindustrial,
2C.68.22.34.14,Cong e la do r e refrig e ra do rindustrial,
2C.68.22.34.18,Resfriadorindustrialparaarmazenamento de alimentos,
2C.68.22.38,Máquinasindustriais para produção de gelo,
2C.68.22.38.02,Máquinadefabricarg e lo em blocos,
2C.68.22.38.06,Máquinadefabricarg e lo em cubos,
2C.68.22.38.10,Máquinadefabricarg e lo em focos,
2C.68.22.38.14,Dispensador de lascas de gelo,
2C.68.22.38.18,Dispensadordegelotrituradotipocon e d e n e ve,
2C.68.22.38.22,Máquinadefabricarg e lo com bin,
2C.68.22.42,Equipamentosindustriais para Preparação de alimentos,
2C.68.22.42.02,Mistura do rindustrial para Preparação de alimentos,
2C.68.22.42.06,Descasca do rindustrial para Preparação de alimentos,
2C.68.22.42.10,Processa do rindustrial para Preparação de alimentos,
2C.68.22.42.14,Postoindustrial para Preparação de alimentos,
2C.68.22.42.18,Rala do rindustrial para Preparação de alimentos,
2C.68.22.42.22,Mesaindustrial para Preparação de alimentos,
2C.68.22.42.26,Equipamentoindustrial para Preparação de bebidas,
2C.68.22.46,Mobiliárioparaatendimentoaopúblico do s e torde alim e ntaçãocom e rcial,
2C.68.22.46.02,Banco de bar,
2C.68.22.46.06,Assento para restaurante,
2C.68.22.46.10,Sofá para r staurante,
2C.68.22.46.14,Cadeira para restaurante,
2C.68.22.46.18,Mesa para restaurante,
2C.68.22.50,Equipamentos para atendimento ao público do setor de alimentação comercial,
2C.68.22.50.02,Balcão alto para atendimento ao cliente,
2C.68.22.50.06,Buetparaautoatendimentoparabares e r e staurant e sde pequ e noporte,
2C.68.22.50.10,Buffetparaautoatendimentoparar e staurant e sd e grande porte,
2C.68.22.54,Equipamentodearmazenamento de alimentos,
2C.68.22.54.02,Armário de garrafaindustrial,
2C.68.22.58,Equipamento de distribuição de alimentos,
2C.68.22.58.02,Esteira de distribuição de alimentosindustrial,
2C.68.22.58.06,CarrinhodeEntrega de alimentosindustrial,
2C.68.22.58.10,Pratogiratório para r e staurant e industrial,
2C.68.22.62,Equipamentosparaexaustão e v e ntilação em cozinhas industriais,
2C.68.22.62.02,Equipamentopara e xaustão em cozinhasindustriais,
2C.68.22.62.06,Equipamento para v e ntilação em cozinhasindustriais,
2C.68.22.66,Equipamentoindustrialparaprocessamento de alimentos,
2C.68.22.70,Equipamentoindustrialparapesag em d e alimentos,
2C.68.22.74,Equipamentoindustrialparaembalag em d e alimentos,
2C.68.26,Equipamentos em obiliárior e si de ncial,
2C.68.26.02,Sala de jantar com pl e ta,
2C.68.26.06,Ca de iras e sofás,
2C.68.26.06.02,Ca de ira,
2C.68.26.06.06,Poltrona,
2C.68.26.06.10,Sofá,
2C.68.26.06.14,Banqu e ta,
2C.68.26.06.18,Banco,
2C.68.26.06.22,Chais e longue,
2C.68.26.06.26,Sofá-cama,
2C.68.26.06.30,Ca de ira-cama,
2C.68.26.10,Mesas,
2C.68.26.10.02,Mesa de jantar,
2C.68.26.10.06,Apara do r,
2C.68.26.10.10,Mesalat e ral,
2C.68.26.10.14,Mesa de c e ntro,
2C.68.26.14,Armários e gabin e t e s,
2C.68.26.14.02,Gabin e te,
2C.68.26.14.06,Armário para porc e lana,
2C.68.26.14.10,Armário para xícaras,
2C.68.26.14.14,Baú,
2C.68.26.18,Mobiliário para quartos,
2C.68.26.18.02,Suíte com pl e ta,
2C.68.26.18.06,Cama,
2C.68.26.18.10,Criado-mudo,
2C.68.26.18.14,Troca do r,
2C.68.26.18.18,Cômoda,
2C.68.26.22,Armáriosd e cozinha,
2C.68.26.22.02,Armário de cozinhaaér e o,
2C.68.26.22.06,Armário de cozinhatipobalcão,
2C.68.26.22.10,Armário de cozinhatipopan e l e iro,
2C.68.26.26,Utensíliosd e cozinha,
2C.68.26.26.02,Pan e la,
2C.68.26.26.06,Máquina de cr e pe,
2C.68.26.26.10,Frita de ira,
2C.68.26.26.14,Chapadeferro,
2C.68.26.26.18,Grill e churrasqu e ira,
2C.68.26.26.22,Chal e ira,
2C.68.26.26.26,Fornoefogão,
2C.68.26.26.30,Rotiss e rie,
2C.68.26.26.34,Pan e laavapor,
2C.68.26.26.38,Utensíliosp e qu e nos para cozinhar,
2C.68.26.30,Máquinasd e lavarlouças,
2C.68.26.30.02,Máquina de lavarlouça e létrica,
2C.68.26.30.06,Máquina de lavarlouçaagás,
2C.68.26.34,Tritura do rd e alimentos,
2C.68.26.38,Dispensadoresresidenciaisparaalimentos e b e bi da s,
2C.68.26.38.02,Cafeteirapara e xpr e sso,
2C.68.26.38.06,Refresqu e ira,
2C.68.26.38.10,Chal e ira e létrica,
2C.68.26.42,Sist em asdefltrag em d e água,
2C.68.26.42.02,Filtro de barro,
2C.68.26.42.06,Purifcadord e água,
2C.68.26.42.10,Bebe do uro de água,
2C.68.26.46,Refrigeradoresecongelador e sr e si de nciais,
2C.68.26.46.02,Cong e la do r,
2C.68.26.46.06,Gela de ira,
2C.68.26.46.10,Gela de ira de duasportas,
2C.68.26.46.14,Máquina de g e lo,
2C.68.26.50,Equipamentos para Preparação de alimentos,
2C.68.26.50.02,Mix e r,
2C.68.26.50.06,Descasca do r,
2C.68.26.50.10,Proc e ssa do r,
2C.68.26.50.14,Fatia do r,
2C.68.26.50.18,MesaPreparação de comida,
2C.68.26.54,Mobiliário de cozinha e sala de jantar,
2C.68.26.54.02,Banqu e ta de bar,
2C.68.26.54.06,Ca de ira,
2C.68.26.54.10,Mesa de jantar,
2C.68.26.54.14,Bar,
2C.68.26.58,Equipamentosparaarmazenamento de consumív e is,
2C.68.26.58.02,Porta-garrafas,
2C.68.26.62,Equipamentosparaexaustão e v e ntilação em cozinhas resi de nciais,
2C.68.26.62.02,Coifaou e xaustor,
2C.68.26.62.06,Equipamentosparaventilação em cozinhasr e si de nciais,
2C.68.26.66,Varais,
2C.68.26.66.02,Varald e piso,
2C.68.26.66.06,Varald e t e to,
2C.68.26.70,Máquina de lavar e s e carroupas,
2C.68.26.74,Engoma do raeferro de passarroupa,
2C.68.26.78,Seca do rasd e roupas,
2C.68.26.78.02,Seca do ra e létrica,
2C.68.26.78.06,Seca do raagás,
2C.68.26.82,Máquinasd e lavarroupa,
2C.68.26.82.02,Máquina de lavarroupa de ab e rturafrontal,
2C.68.26.82.06,Máquinadelavarroupa de ab e rturasup e rior,
2C.68.30,Equipamentos em obiliários e ducacionais e culturais,
2C.68.30.02,Assentos para a com o da rgrupos,
2C.68.30.02.02,Assento de auditório,
2C.68.30.02.06,Mobiliário e scolar,
2C.68.30.02.10,Ass e ntosfxosdiv e rsos,
2C.68.30.02.14,Ass e ntos para palco do tipoplataforma,
2C.68.30.02.18,Bancadas com ass e ntos para laboratórios,
2C.68.30.06,Equipamento de palco e t e atro,
2C.68.30.06.02,Conchaacústica,
2C.68.30.06.06,Sistemadecontrol e d e imag e m,
2C.68.30.06.10,Plataformadecargae de scarga de c e nário,
2C.68.30.06.14,Sist em a de susp e nsão,
2C.68.30.06.18,Cortina do palco,
2C.68.30.10,Equipamentos em obiliário para plan e tários,
2C.68.30.10.02,Proj e tord e plan e tário,
2C.68.30.10.06,Assento de plan e tário,
2C.68.30.14,Equipamentos em obiliário para obs e rvatórios,
2C.68.30.14.02,Tel e scópio,
2C.68.30.18,Equipamentos em obiliário e cl e siástico,
2C.68.30.18.02,Ass e ntor e ligioso,
2C.68.30.18.06,Mobiliário de coro,
2C.68.30.18.10,Batistério,
2C.68.30.18.14,Font e batismal,
2C.68.30.18.18,Equipamentoinstrum e ntal,
2C.68.30.18.22,Móv e ld e sinagoga,
2C.68.30.18.26,Móv e ld em e squita,
2C.68.30.18.30,Móv e ld e t em plo,
2C.68.30.22,Equipamentos em obiliário para bibliot e cas e arquivos,
2C.68.30.22.02,Arquivo de slizante para bibliot e cas,
2C.68.30.22.06,Depósito de livros,
2C.68.30.22.10,Equipamento para aProteção de livroscontraroubo,
2C.68.30.22.14,Mobiliário para bibliot e ca,
2C.68.30.26,Equipamento em obiliáriode e xposição,
2C.68.30.26.02,Mobiliáriopara e xpositor,
2C.68.30.26.06,Sist em a de p e ndurarquadros,
2C.68.30.26.10,Pe de stal,
2C.68.30.26.14,Gabinete e xpositor para var e jo,
2C.68.30.26.18,Estante e xpositora,
2C.68.30.26.22,Estand e parafeiras,
2C.68.30.26.26,Equipamentode e xposição,
2C.68.34,Mobiliário para b e bês e crianças,
2C.68.34.02,Camas para b e bês e crianças,
2C.68.34.02.02,Berço,
2C.68.34.02.06,Moisés,
2C.68.34.02.10,Minicama,
2C.68.34.06,Camasportáteis para b e bês e crianças,
2C.68.34.06.02,Camaportátil para b e bês e crianças,
2C.68.34.06.06,Berçoportátil para b e bês e crianças,
2C.68.34.10,Cerca do s para b e bês,
2C.68.34.14,Bancadas para b e bês e crianças,
2C.68.34.14.02,Bancada para b e bês,
2C.68.34.14.06,Bancada para crianças,
2C.68.34.18,Banh e iras para crianças,
2C.68.34.22,Ca de iras e bancos para crianças,
2C.68.34.22.02,Cadeiraalta para alim e ntação de crianças,
2C.68.34.22.06,Bancobaixo para crianças,
2C.68.34.26,Tapete de atividades,
2C.68.34.30,Cadeiraseberçosdebalanço para b e bês e crianças,
2C.68.34.30.02,Cadeira de balançoinfantil,
2C.68.34.30.06,Berço de balanço,
2C.68.34.34,Sofáparacrianças,
2C.68.34.38,Carrinhos para b e bês,
2C.68.34.38.02,Carrinhodepass e io para b e bês,
2C.68.34.38.06,Carrinhodepass e io para gêm e os,
2C.68.34.38.10,Bebêconforto,
2C.68.34.38.14,Carrinho de pass e io para crianças,
2C.68.34.42,Mesas para crianças,
2C.68.34.42.02,Troca do r,
2C.68.34.46,Módulosorganiza do r e s para crianças,
2C.68.34.46.02,Porta-arquivos para crianças,
2C.68.34.46.06,Quiosque para crianças,
2C.68.34.46.10,Prat e l e iras para crianças,
2C.68.34.46.14,Displaypara e xibição de livros para crianças,
2C.68.34.46.18,Display para catálogo de cartõ e sd e crianças,
2C.68.34.46.22,Armárioab e rto para crianças,
2C.68.34.50,Cômo da s para crianças,
2C.68.38,Equipamento em obiliário para aindústriamanufatur e ira,
2C.68.38.02,Equipamentos para aindústriamanufatur e ira,
2C.68.38.06,Mobiliário para aindústriamanufatur e ira,
2C.68.38.06,Sup e rfíci e d e trabalholisa,
2C.68.38.06.02,Estação de trabalho,
2C.68.38.10,Equipamentos para ofcinasoufábricas,
2C.68.38.14,Mobiliário para ofcinasoufábricas,
2C.68.38.14.02,Banca da d e trabalho para ofcinasefábricas,
2C.68.38.22.06,EstanteparaArmazenamentode e stoque,
2C.68.42,Outros equipamentos em obiliários,
2C.68.42.02,Equipamentos em obiliário para quartos e scuros,
2C.68.42.02.02,Equipamentodeprocessamento de quarto e scuro,
2C.68.42.06,Equipamentos para v e n da s,
2C.68.42.06.02,Máquinaautomáticaparav e n da sdir e tas,
2C.68.42.06.06,Máquinaautomáticaparavenda de bilh e t e s,
2C.68.42.06.10,Máquinaautomática para troco,
2C.68.42.10,Equipamentosautomotivos,
2C.68.42.10.02,Equipamento de ar com primido,
2C.68.42.10.06,Bombade com bustív e l,
2C.68.42.10.10,Ferram e nta para lubrifcaçãoautomotiva,
2C.68.42.10.14,Equipamento para troca de pn e us,
2C.68.42.10.18,Equipamentoparalavag em d e v e ículos,
2C.68.42.10.22,Eleva do rhidráulicoautomotivo,
2C.68.42.14,Equipamentos em obiliário de s e gurança e cofre,
2C.68.42.14.02,Cofre,
2C.68.42.14.06,Caixa de d e pósitos e gura,
2C.68.42.14.10,Porta de cofre,
2C.68.42.14.14,Porta de cofrecomgradil para usodiurno,
2C.68.42.14.18,Tela de s e gurançaantifurto,
2C.68.42.14.22,Equipamentodeserviçoer e c e b e r/contar,
2C.68.42.14.26,Armário de s e gurança de chave,
2C.68.42.14.30,Equipamentodemovim e ntação de dinh e iro,
2C.68.42.18,Equipamento em obiliário de d e t e nção,
2C.68.42.18.02,Caixa de d e t e nção,
2C.68.42.18.06,Mobiliárioeespecialidade de d e t e nção,
2C.68.42.18.10,Móveld e d e t e nção,
2C.68.42.22.14,Equipamentoagrícola,
2C.68.42.22.18,Ord e nha do r,
2C.68.42.22.22,Máquina de alim e ntação,
2C.68.42.22.26,Máquina de hidratação,
2C.68.42.22.30,EquipamentodeLimpeza de r e síduo,
2C.68.42.26,Equipamentos em obiliário de a e roportos,
2C.68.42.26.02,Longarina,
2C.68.46,Itensde de coração e ornamentos,
2C.68.46.02,"Itensd e cama,mesa e banho",
2C.68.46.02.02,Tap e t e s,
2C.68.46.02.06,Estofados,
2C.68.46.02.10,Almofadas,
2C.68.46.02.14,Toalhasd em e sa,
2C.68.46.06,Itensd e d e coração,
2C.68.46.06.02,Obrasd e arte,
2C.68.46.06.06,Relógios,
2C.68.46.06.10,Esp e lhos,
2C.68.46.06.14,Fontesornamentaisparaambi e nt e sint e rnos,
2C.68.46.06.18,Biombos,
2C.68.46.06.22,Vasosornam e ntais com plantas,
2C.68.46.06.26,Pot e sornam e ntais,
2C.68.50,Equipamentosindustriaisd e lavag em e e liminaçãode resíduos,
2C.68.50.02,Equipamentoindustriald e lavag e m,
2C.68.50.06,Quadro de dr e nag e m,
2C.68.54,Equipamentos para lavand e riasindustriais,
2C.68.54.02,Equipamentosindustriais para s e carroupas,
2C.68.54.02.02,Secadora de roupasd e par e de,
2C.68.54.02.06,Arara para lavand e riasindustriais,
2C.68.54.02.10,Varal para lavand e riasindustriais,
2C.68.54.06,Máquinasindustriaiscombinadas para lavar e s e car roupas,
2C.68.54.10,Equipamentoindustrialdelavag em d e roupasas e co,
2C.68.54.14,Dispensador e s para lavand e riasindustriais,
2C.68.54.14.02,Dispensadorindustrialdedeterg e nte para lavag em de roupasas e co,
2C.68.54.14.06,Dispensadorindustrialdedetergent e líquido para lavag em deroupas,
2C.68.54.14.10,Disp e nsa do rindustriald e papéis-toalha,
2C.68.54.20,Máquinaindustrial para Limpezaas e co,
2C.68.54.24,Lava do ra e xtratora,
2C.68.54.28,Passa de irasplanasindustriaisd e roupas,
2C.68.54.28.02,Passa de iraplana e létricaindustriald e roupas,
2C.68.54.28.06,Passa de iraplanaagásindustriald e roupas,
2C.68.54.28.10,Passa de iraplanaavaporindustriald e roupas,
2C.68.54.32,Passadeirase do bra de irasindustriaisd e roupas,
2C.68.54.36,Dobra de iraindustriald e roupas,
2C.68.54.36.02,Est e iraindustriald e roupas,
2C.68.54.40,Seca do r e sindustriaisd e roupas,
2C.68.54.40.02,Seca do r e létricoindustriald e roupas,
2C.68.54.40.06,Seca do ragásindustriald e roupas,
2C.68.54.40.10,Seca do ravaporindustriald e roupas,
2C.68.54.44,Prensasindustriaisd e roupas,
2C.68.54.44.02,Prensa e létricaindustriald e roupas,
2C.68.54.44.06,Prensaagásindustriald e roupas,
2C.68.54.44.10,Prensaavaporindustriald e roupas,
2C.68.54.46,Alim e nta do raindustriald e roupas,
2C.68.54.50,Tún e lindustriald e vapor,
2C.68.54.54,Banh e ira para lavand e riasindustriais,
2C.68.54.58,Máquina de lavarroupas para lavand e riasindustriais,
2C.68.54.58.02,Máquinadelavarindustrialcomcarr e gamentop e lafrente,
2C.68.54.58.06,Máquinadelavarindustrialcomcarr e gamentop e lotopo,
2C.68.54.58.10,Lava do ra de tún e l,
2C.68.58,Equipamentos para Limpeza,
2C.68.58.02,Bald e s e lix e iras,
2C.68.58.02.02,Bald e e e sfregãotipoMOP,
2C.68.58.02.06,Lix e ira,
2C.68.58.06,Lava do ras,
2C.68.58.06.02,Lava do ra de altapr e ssão,
2C.68.58.06.06,Limpa do raavapor,
2C.68.58.10,Dispensa do r e s com refl,
2C.68.58.10.02,Dispensador para aromatizant e d e ar,
2C.68.58.10.06,Porta-pap e l-higiênico,
2C.68.58.10.10,Porta-rolo,
2C.68.58.10.14,Porta-lençosd e pap e l,
2C.68.58.10.18,Porta-sabon e t e líquido,
2C.68.58.10.22,Disp e nsa do rd e sabão,
2C.68.58.10.26,Disp e nsa do rd e loção,
2C.68.58.10.30,Suporte para pap e l-toalha,
2C.68.58.10.34,Disp e nsa do rd e produtosanitário,
2C.68.58.10.38,Dispensadord e ac e ssório para baciasanitária,
2C.68.58.10.42,Dispensa do rd e pap e lhigiênico,
2C.68.58.10.46,Dispensa do rd e ac e ssóriomictório,
2C.68.58.14,Máquinas para Limpeza de dutos,
2C.68.58.18,Equipamentos para Limpeza de pisos,
2C.68.58.18.02,Lustra do rd e piso,
2C.68.58.18.06,Poli do rd e piso,
2C.68.58.18.10,Raspa do rd e piso,
2C.68.58.18.14,Esfregão,
2C.68.58.18.18,Vassoura de piso,
2C.68.58.18.22,Máquina de lavarpiso,
2C.68.58.22,Equipamentosparalimpeza de ambi e nt e s,
2C.68.58.22.02,Equipamento de Limpezaavácuo,
2C.68.58.22.06,Limpeza de piso e par e de,
2C.68.58.22.10,Carrinho de Limpeza,
2C.68.58.26,Recipi e nt e s para lixosanitário,
2C.68.58.26.02,Recipi e nte para lixosanitárioinstalado,
2C.68.58.26.06,Recipi e nte para lixosanitárioportátil,
2C.68.58.30,Pias com r e s e rvatório,
2C.68.58.30.02,Pia do tipoMOP,
2C.68.58.34,Lavadora com r e s e rvatório,
2C.68.58.34.02,Lavadoradepe de stald e lata de lixo,
2C.68.62,Itensr e laciona do sàpres e rvação do patrimôniohistórico,
2C.68.62.02,Itensd e b e lasart e s,
2C.68.62.02.02,Art e bidim e nsional,
2C.68.62.02.06,Art e tridim e nsional,
2C.68.62.02.10,Art e quadridim e nsional,
2C.68.62.06,Documentoshistóricos,
2C.68.62.06.02,Documentohistórico em pap e l,
2C.68.62.06.06,Documentohistóricoemp e rgaminho de v e lino,
2C.68.62.06.10,Documentohistórico em p e rgaminho de papiro,
2C.68.62.10,Itensarquit e tônicoshistóricos,
2C.68.62.10.02,Mo de loarquit e tônicohistórico,
2C.68.62.10.06,Construçãoarquit e tônicahistórica,
2C.68.62.10.10,Proj e toarquit e tônicohistórico,
2C.68.62.10.14,Arquitetura de corativahistórica,
2C.68.66,Equipamentosrelaciona do saatividadesmusicais,
2C.68.66.02,Equipamentos para ma e stros,
2C.68.66.02.02,Pódio para ma e stro,
2C.68.66.02.06,Plataforma para ma e stro,
2C.68.66.06,Instrumentomusical,
2C.70,Produtos paraesport e s e laz e r,
2C.70.02,Equipamentosdesportivose para r e cr e ação,
2C.70.02.02,TelasdeProteçãopara equipamentosatléticosou recr e ativos,
2C.70.02.02.02,TeladeProteção para quadra de tênis,
2C.70.02.06,Sup e rfíci e sd e sportivas,
2C.70.02.06.02,Sup e rfície de campo de bas e ball,
2C.70.02.06.06,Sup e rfície de quadra de usodiv e rso,
2C.70.02.06.10,Tapet e r e sili e nte,
2C.70.02.06.14,Sup e rfíci e d e gramasintética,
2C.70.02.06.18,Sup e rfíci e pista de corri da sintética,
2C.70.02.06.22,Sup e rfíci e d e quadra de tênis,
2C.70.02.10,Superfícies para playgrounds,
2C.70.02.14,Equipamentosd e sportivos,
2C.70.02.14.02,Equipamento de pista de boliche,
2C.70.02.14.06,Trave,
2C.70.02.14.10,Rede,
2C.70.02.14.14,Bat e nte,
2C.70.02.14.18,Placar,
2C.70.02.14.22,Relógio de ponto,
2C.70.02.14.26,Soqu e te do piso,
2C.70.02.14.30,Equipamentode e scalada,
2C.70.02.14.34,Separa do rd e ginásio,
2C.70.02.14.38,Tapet e d e par e de,
2C.70.02.14.42,Tap e t e d e piso,
2C.70.02.14.46,Plataforma do árbitro,
2C.70.02.14.50,Armáriodearmazenamentode e quipamento de sportivo,
2C.70.02.18,Equipamentos para playgrounds,
2C.70.02.18.02,Equipamentode e scalada,
2C.70.02.18.06,Parede de e scalada,
2C.70.02.18.10,Carross e l,
2C.70.02.18.14,Casinha de jardim,
2C.70.02.18.18,Equipamento de cor da de e scalada,
2C.70.02.18.22,Mesasd e ar e ia,
2C.70.02.18.26,Mesasd e água,
2C.70.02.18.30,Caixasd e ar e ia,
2C.70.02.18.34,Gangorra,
2C.70.02.18.38,Escorr e ga do r,
2C.70.02.18.42,Balanço,
2C.70.02.18.46,Tún e ld e parquinho,
2C.70.02.18.50,Estrutura de brincar,
2C.70.02.22,Equipamentos para r e cr e ação,
2C.70.02.22.02,Equipamento de tênisd em e sa,
2C.70.02.22.06,Máquina de jogos,
2C.70.02.22.10,Equipamento de sinuca,
2C.70.02.22.14,Sauna,
2C.70.02.22.18,Saunaavapor,
2C.70.02.22.22,Equipamento de tiroaoalvo,
2C.70.02.22.26,Equipamentosd e piscina,
2C.70.02.26,Banh e iras e piscinas,
2C.70.02.26.02,Banh e irasd e hidromassag e m,
2C.70.02.26.06,Banh e iraqu e nte,
2C.70.02.26.10,Piscina,
2C.70.02.26.14,Piscinas em iolímpica,
2C.70.02.26.18,Piscinaolímpica,
2C.70.02.30,Arquibanca da s,
2C.70.02.30.02,Arquibancadafxapara e stádios,
2C.70.02.30.06,Arquibanca da t e l e scópica,
2C.70.02.30.10,Arquibanca da simpl e s,
2C.70.02.30.14,Arquibancadatel e scópica com ca de iras,
2C.70.06,Equipamentospara e x e rcíciosfísicos,
2C.70.06.02,Apar e lhospara e x e rcícios,
2C.70.06.02.02,AparelhoparaexercíciodeLevantamento de p e so,
2C.70.06.06,Barrasde e x e rcícios,
2C.70.06.06.02,Barra de f e xão,
2C.70.06.06.06,Barra de halt e roflismo,
2C.70.06.10,Bancospara e x e rcícios,
2C.70.06.10.02,Banco para halt e roflismo,
2C.70.06.14,Quadrospara e x e rcícios,
2C.70.06.14.02,Quadropara e x e rcícioab do minal,
2C.70.06.18,Máquinasde e x e rcícios,
2C.70.06.18.02,Máquina de ab do minal,
2C.70.06.18.06,Máquinade e xt e nsão de costas,
2C.70.06.18.10,Máquina de bíc e ps,
2C.70.06.18.14,Máquina de p e ito,
2C.70.06.18.18,Máquina de ca de iafechada,
2C.70.06.18.22,Máquina de quadril,
2C.70.06.18.26,Máquina de p e rna,
2C.70.06.18.30,Máquina de p e scoço,
2C.70.06.18.34,Máquina de p e itoral,
2C.70.06.18.38,Máquina de rotação de ombro,
2C.70.06.18.42,Máquina de r em o,
2C.70.06.18.46,Máquina de ombro,
2C.70.06.18.50,Est e ira,
2C.70.06.18.54,Máquinadeex e rcício de tríc e ps,
2C.70.06.18.58,Máquinadeex e rcíciod em ovim e ntaçãopassiva,
2C.70.06.18.62,Exercíciode e scada,
2C.70.06.18.66,Plataformasde e x e rcício,
2C.70.06.18.70,Máquina de rampa,
2C.70.06.18.74,Máquina de simulaçãode e scada,
2C.70.06.18.78,Exercíciodeextremida de ssup e rior e inferior,
2C.70.06.18.82,Exercício de m em brosup e rior,
2C.70.06.22,Tatam e s,
2C.70.06.26,Máquinasd e polia,
2C.70.06.26.02,Exercício de poliatipotripl e x,
2C.72,Produtos paratransporteeManuseiod em at e riais,
2C.72.02,Equipamentosd e transport e v e rtical,
2C.72.02.02,Eleva do r e s,
2C.72.02.02.02,Eleva do rd e tração,
2C.72.02.02.04,Eleva do rhidráulico,
2C.72.02.02.06,Eleva do rpn e umático,
2C.72.02.02.08,Elevadord e cr em alh e ira,
2C.72.02.02.10,Cabodo e l e va do r,
2C.72.02.02.12,Equipamentoecontroledo e l e va do r,
2C.72.02.02.14,Produtopararestauração do e l e va do r,
2C.72.02.06,Esca da s,
2C.72.06,Equipamentosde e l e vaçãoporasc e nsão,
2C.72.06.02,Asc e nsor e s,
2C.72.06.02.02,Asc e nsorpantográfco,
2C.72.06.02.04,Empilha de ira,
2C.72.06.02.06,Asc e nsord e p e ssoas,
2C.72.06.02.08,Ascensor para paci e nt e s,
2C.72.06.02.10,Asc e nsortipoplataforma,
2C.72.06.02.12,Asc e nsord e an da ime,
2C.72.06.02.14,Asc e nsor para palco,
2C.72.06.02.16,AscensorparaCadeira de ro da s,
2C.72.10,Equipamentosd em obili da d e horizontal,
2C.72.10.02,Est e irasrolant e s,
2C.72.10.06,Sistemasautomatizadosdetransport e d e p e ssoasde pequ e na e scala,
2C.72.10.06.02,"Sistemaautomatizadodetransport e d e p e ssoas,apoiado emumaguia de concr e to",
2C.72.10.06.06,"Sistemaautomatizadodetransport e d e p e ssoas,apoiado emduasguiasd e concr e to",
2C.72.10.10.10,"Sistemaautomatizadodetransport e d e p e ssoas, movim e nta do porl e vitaçãomagnética",
2C.72.10.14,Pont e sde em barque,
2C.72.10.18,Pont e scon e ctoras,
2C.72.14,Equipamentosparamanuseioetransport e d em at e riais,
2C.72.14.02,Monta-cargas,
2C.72.14.02.02,Monta-cargasmanual,
2C.72.14.02.06,Monta-cargashidráulico,
2C.72.14.02.10,Monta-cargasàtração,
2C.72.14.06,Transport e d em at e rial,
2C.72.14.06.02,Sistemaautomatizadodearquivamento e r e cup e raçãode documentos,
2C.72.14.06.06,Veículoguia do automaticam e nte,
2C.72.14.10,Est e iras,
2C.72.14.10.02,Component e para e st e ira,
2C.72.14.10.06,Esteiradetransport e d em at e riais,
2C.72.14.10.10,Est e irade com partimento,
2C.72.14.10.14,Est e ira de contêin e r,
2C.72.14.10.18,Est e ira de trilho(vagão),
2C.72.14.10.22,Est e iratipomonocarril,
2C.72.14.10.26,Est e iraoscilante,
2C.72.14.10.30,Est e irapn e umática,
2C.72.14.10.34,Est e ira de rol e te,
2C.72.14.10.38,Esteiracomcoposparacol e tad em at e rial,
2C.72.14.10.42,Est e ira de rosca,
2C.72.14.10.46,Esteiras e l e tivav e rtical,
2C.72.14.10.50,Est e irapostal,
2C.72.14.10.54,Equipamentodetransporte e distribuição de bagag e m,
2C.72.14.14,Est e iras-chute,
2C.72.14.14.02,Est e ira-chut e d e carvão,
2C.72.14.14.06,Est e ira-chuted em at e rialagran e l,
2C.72.14.14.10,Est e ira-chut e d e lavand e ria,
2C.72.14.14.14,Est e ira-chut e de em balag e m,
2C.72.14.14.18,Est e ira-chut e d e refugo,
2C.72.14.18,Equipamentosalim e nta do r e s,
2C.72.14.18.02,Alim e nta do r,
2C.72.14.18.06,Alimentadordeplacasd em ovimentoalt e rnado,
2C.72.14.18.10,Alim e nta do rgiratórioaar com primido,
2C.72.14.18.14,Alim e nta do rd e fuxogiratório,
2C.72.14.18.18,Alim e nta do rvibratório,
2C.72.14.22,Sist em asd e tubospn e umáticos,
2C.72.14.22.02,Tubopn e umático,
2C.72.14.22.06,Control e d e tubopn e umático,
2C.72.14.22.10,Caixa de vácuo de tubopn e umático,
2C.72.14.22.14,Sistemade documento de transporte,
2C.72.14.26,Guin da st e s,
2C.72.14.26.02,Guin da st e hidráulico,
2C.72.14.26.06,Guin da st em e cânico,
2C.72.14.26.10,Guin da ste e létrico,
2C.72.14.30,Gruas,
2C.72.14.34,Iça do r e s-guincho,
2C.72.14.34.02,Iça do r-guinchofxo,
2C.72.14.34.06,Iça do r-guincho de slizante,
2C.72.18,Plataformasgiratórias,
2C.72.18.02,Palcogiratório,
2C.72.18.06,Plataformagiratóriad em ostruário,
2C.72.18.10,Plataformagiratóriav e icular,
2C.72.22,Sist em asde estacionamento,
2C.72.22.02,Sistemadeestacionamento de v e ículo,
2C.72.26,Equipamentosd e plataforma de carga e d e scarga,
2C.72.26.02,Selosamortece do r e sd e plataforma de carga e d e scarga,
2C.72.26.06,Nivela do r e sde do ca,
2C.72.26.10.02,Nivela do r e létricode do ca,
2C.72.26.10.06,Niv e la do rmanualde do ca,
2C.72.26.10.10,Niv e la do rhidráulicode do ca,
2C.72.26.14,Asc e nsor e sde do ca,
2C.72.26.14.02,Eleva do r e létricode do ca,
2C.72.26.14.06,Eleva do rmanualde do ca,
2C.72.26.18,Rampas e pont e sde do ca,
2C.72.26.18.02,Rampaportátilde do ca,
2C.72.26.18.06,Pont e portátilde do ca,
2C.72.26.18.10,Plataformaportátilde do ca,
2C.72.26.22,Portasde do ca,
2C.72.26.22.02,Portainfávelde do ca,
2C.72.26.22.06,Portacontraint em péri e sde do ca,
2C.72.26.26,Abrigos para portade do ca,
2C.72.26.30,Limitadoresd e v e ículospara do ca,
2C.72.26.30.02,Limitadorelétrico de v e ículopara do ca,
2C.72.26.30.06,Limitadoreletromagnético de v e ículopara do ca,
2C.72.26.30.10,Limita do rhidráulico de v e ículopara do ca,
2C.72.30,Andaim e s,
2C.72.30.02,Andaim e ssusp e nsos,
2C.72.30.02.02,Andaim e d e vigasusp e nsa,
2C.72.30.02.06,Carrodean da im e susp e nso,
2C.72.30.02.10,Ganchodean da im e susp e nso,
2C.72.30.06,Cordasdeescalar para an da im e s,
2C.72.30.06.02,Cordade e scalarmanual para an da ime,
2C.72.30.06.06,Cordadeescalar e létrica para an da ime,
2C.72.30.10,Plataformatel e scópica para an da ime,
2C.72.30.10.02,Plataformatelescópicaelétricaeabat e ria para an da ime,
2C.72.30.10.06,Plataformat e l e scópicapn e umática para an da ime,
2C.72.30.14,Andaim e s e létricos,
2C.74,Produtosmédicos e laboratoriais,
2C.74.02,Produtosrespiratóriose de an e st e siologia,
2C.74.02.02,Mobiliário para an e st e siologia,
2C.74.02.06,Equipamentosd e an e st e siologia,
2C.74.02.06.02,Carrinho de an e st e sia,
2C.74.02.06.06,Equipamento de gásan e stésico,
2C.74.02.06.10,Unidadeabsorvente de an e st e sia,
2C.74.02.06.14,Unidadedecontroledetemperatura de an e st e sia,
2C.74.02.06.18,Bombadean e st e siaintrat e cal,
2C.74.02.06.22,Calibradordeequipamento de an e st e sia,
2C.74.02.06.26,Unidadedeanest e sia e analg e siaporinalação,
2C.74.02.06.30,Equipamentodea com panhamentor e spiratório,
2C.74.02.06.34,Equipamentodefunçãopulmonar,
2C.74.02.06.38,Equipamento de distribuição de oxigênio,
2C.74.02.06.42,Equipamentodeg e stão da viaaér e a,
2C.74.02.06.46,Equipamento para intubação,
2C.74.02.06.50,Ventilador com pr e ssãon e gativa,
2C.74.02.06.54,Ventila do rd e pr e ssãopositiva,
2C.74.02.06.58,Equipamento de r e animação,
2C.74.02.06.62,Produto de fui do d e pulmão,
2C.74.02.10,Estruturaspré-fabricadas para an e st e siologia,
2C.74.02.10.02,Colunaagásdean e st e siologia,
2C.74.04,Produtosd e audiologia,
2C.74.04.02,Equipamentosd e audiologia,
2C.74.04.02.02,Audiôm e tro,
2C.74.04.02.06,Vibra do raudiométrico de ossos,
2C.74.04.02.10,Analisa do rd e ouvi do médio,
2C.74.04.02.14,Unidaded em onitordefunçãoauditiva,
2C.74.04.02.18,Gravadord e t e st e gráfcoauditivo,
2C.74.04.02.22,Analisa do rauditivo,
2C.74.04.02.26,Fen e strôm e tro de ouvido,
2C.74.04.02.30,Eletrococl e ógrafo,
2C.74.04.02.34,Apar e lho de auxílio de audição,
2C.74.04.02.38,Avaliadordeapar e lho de auxílio de audição,
2C.74.04.02.42,Avalia do rd e zumbido,
2C.74.04.02.46,Tubo de diagnósticotoynb e e,
2C.74.04.02.50,Timpanôm e tro,
2C.74.04.06,Estruturaspré-fabrica da s para audiologia,
2C.74.04.06.02,Cabin e d e áudio,
2C.74.04.06.06,Cabin e d e áudio de Parede dupla,
2C.74.04.06.10,Cabin e d e áudio de Parede única,
2C.74.04.06.14,Cabineacústicaparat e st e d e audição,
2C.74.06,Produtopost-mort em e d e autópsia,
2C.74.06.02,Mobiliário para autópsia e n e crópsia,
2C.74.06.02.02,Refrigerador e cong e la do rpost-mort e m,
2C.74.06.02.06,Mesa de autópsia,
2C.74.06.02.10,Piade em balsamamento,
2C.74.06.06,Equipamentosd e autópsia e n e crópsia,
2C.74.06.06.02,Eleva do rd e cadáver,
2C.74.06.06.06,Equipamento para autópsia,
2C.74.06.06.10,Equipamentodearmazenamento e transport e d e cadáver,
2C.74.06.10,Estruturaspré-fabricadas para autópsia e n e crópsia,
2C.74.06.10.02,Estação de trabalho de autópsia,
2C.74.06.10,Instrumentos para autópsia e n e crópsia,
2C.74.08,Equipamentoso do ntológicos,
2C.74.08.02,Mobiliárioo do ntológico,
2C.74.08.02.02,Armário para usoo do ntológico,
2C.74.08.02.06,Cadeirade e xam e o do ntológico,
2C.74.08.02.10,Tambor e t e o do ntológico,
2C.74.08.02.14,Gabin e te para usoo do ntológico,
2C.74.08.02.18,Mesa para usoo do ntológico,
2C.74.08.02.22,Conjuntod em obiliárioo do ntológico,
2C.74.08.02.26,Impressão de ntalporbanho de água,
2C.74.08.02.30,Equipamentoo do ntológico de iluminação,
2C.74.08.06,Equipamentoso do ntológicos,
2C.74.08.06.02,Fornoo do ntológico,
2C.74.08.06.06,Exaustor e sp e cialo do ntológico,
2C.74.08.06.10,Equipamentoparaproc e dimentoo do ntológico,
2C.74.08.06.14,Tanqu e o do ntológico,
2C.74.08.06.18,Máquinadepolimento e r e tifcação de ntal,
2C.74.08.06.22,Produto de imag em o do ntológica,
2C.74.08.06.26,Equipamentoo do ntológicode e st e rilização,
2C.74.08.06.30,Equipamentoo do ntológico de laboratório,
2C.74.08.10,Estruturaspré-fabricadas para proc e dimentos odontológicos,
2C.74.08.10.02,Estação de trabalho para laboratórioo do ntológico,
2C.74.10,Equipamento de d e rmatologia,
2C.74.10.02,Mobiliário de d e rmatologia,
2C.74.10.06,Equipamentosd e d e rmatologia,
2C.74.10.06.02,Produtodefotot e rapia,
2C.74.10.10,Estruturaspré-fabrica da sd e d e rmatologia,
2C.74.10.10.02,Cabine de tratamentoultraviol e ta,
2C.74.10.10.06,Cabinedetratamentoultraviol e ta para mãos e pés,
2C.74.10.14,Instrumentosd e rmatológicos,
2C.74.12,Produtosdeemergênciaparat e rapiaint e nsiva e trauma,
2C.74.12.02,Mobiliáriodeemergênciaparat e rapiaint e nsiva e trauma,
2C.74.12.02.02,Armáriodearmazenamento de cat e t e r,
2C.74.12.06,Equipamentosdeemergência para trauma e t e rapia int e nsiva,
2C.74.12.06.02,Carrinhode em e rgência,
2C.74.12.06.06,Equipamentoparatransporte em e rg e ncial,
2C.74.12.06.10,Equipamentodecontroleemerg e nciald e viasaér e as,
2C.74.12.06.14,Kitde em e rgência,
2C.74.12.06.18,Equipamentoder e animaçãode em e rgência,
2C.74.12.06.22,Equipamentodemonitoramento de t e rapiaint e nsiva,
2C.74.12.10,Estruturaspré-fabricadaspara em e rgência de traumae terapiaint e nsiva,
2C.74.12.10.02,Réguadeutilidadesdeunidade de t e rapiaint e nsiva,
2C.74.12.10.06,Estação de trabalho de trauma,
2C.74.14,Produtos para e n do crinologia,
2C.74.14.02,Mobiliáriode e n do crinologia,
2C.74.14.02.02,Cadeira de diálise,
2C.74.14.02.06,Mesa de diálise,
2C.74.14.06,Equipamentospara e n do crinologia,
2C.74.14.06.02,Equipamento de diális e p e riton e al,
2C.74.14.06.06,Equipamento de h em odiálise,
2C.74.14.06.10,Equipamento de substituiçãor e nalcontínua,
2C.74.14.10,Estruturaspré-fabrica da spara e n do crinologia,
2C.74.16,Equipamentosdegastroent e rologia e h e patologia,
2C.74.16.02,Mobiliário de gastro e nt e rologia,
2C.74.16.02.02,Mesade e xam e d e proctologia,
2C.74.16.02.06,Mesadeproc e dimento de urologia,
2C.74.16.06,Equipamentosd e gastro e nt e rologia,
2C.74.16.10,Estruturaspré-fabricadasd e gastro e nt e rologia,
2C.74.16.14,Instrumentosparaprocedimentosgastro e nt e rológicos,
2C.74.18,Produtos para clínicag e ral,
2C.74.18.02,Mobiliário para clínicag e ral,
2C.74.18.02.02,Suporte para infusãointrav e nosa,
2C.74.18.06,Equipamentos para clínicag e ral,
2C.74.18.06.02,Carrinhode e n do scopia,
2C.74.18.06.06,Bomba de infusãointrav e nosa,
2C.74.18.06.10,Equipamento de urologia,
2C.74.18.06.14,Equipamento e n do scópico,
2C.74.18.06.18,Equipamentogastroscópico,
2C.74.18.06.22,Equipamento de sigmoi do scópico,
2C.74.18.06.26,Equipamento de colonoscopia,
2C.74.18.10,Estruturaspré-fabricadasparaat e ndimentoaclínicag e ral,
2C.74.20,Produtot e rapêuticos e parafsiot e rapia,
2C.74.20.02,Mobiliáriot e rapêutico e parafsiot e rapia,
2C.74.20.02.02,Banhot e rapêutico,
2C.74.20.02.06,Maca para t e rapia,
2C.74.20.06,Equipamentost e rapêuticos e parafsiot e rapia,
2C.74.20.06.02,Equipamentodefsiot e rapia com tração,
2C.74.20.06.06,Equipamentode e x e rcíciot e rapêutico,
2C.74.20.06.10,Equipamento de tr e inod em archa,
2C.74.20.06.14,Equipamentode e l e trot e rapia,
2C.74.20.06.18,Equipamento de t e rapiacalor-frio,
2C.74.20.06.22,Equipamento de hidrot e rapia,
2C.74.20.06.26,Unidadedehipotermia e hip e rt e rmia,
2C.74.20.10,Estruturaspré-fabrica da sparafsiot e rapiae e x e rcícios paraasaúde,
2C.74.20.10.02,Estação de nutrição,
2C.74.22,Produtos para h em atologia,
2C.74.22.02,Mobiliário para h em atologia,
2C.74.22.02.02,Refrigeradorecong e la do rd e sangue,
2C.74.22.02.06,Banh e ira para h em atologia,
2C.74.22.02.10,Armário para uso de h em atologia,
2C.74.22.06,Equipamentos para h em atologia,
2C.74.22.06.02,Analisa do rd e h em atologia,
2C.74.22.06.06,Equipamento de transfusão de sangue,
2C.74.22.10,Estruturaspré-fabrica da s para h em atologia,
2C.74.22.10.02,Estação de trabalho de banco de sangue,
2C.74.22.10.06,Estação de trabalho de h em atologia,
2C.74.24,Produtos paraamanipulação de gas e sm e dicinais,
2C.74.24.02,Gabinetecompaineldecontrole de pr e ssão de ar,
2C.74.24.06,Sistema de s e nsord e gásealarme,
2C.74.24.10,Carrinho de cilindro de gás,
2C.74.24.14,Suport e d e cilindro de gás,
2C.74.24.18,Coluna de distribuição de gás,
2C.74.24.22,Equipamentodefltrag em d e gás,
2C.74.24.26,Distribui do rd e gás,
2C.74.24.30,Saí da d e gás,
2C.74.24.34,Réguadeutilidades para gas e sm e dicinais,
2C.74.24.38,Válvulade de sligamento de gás,
2C.74.24.42,Equipamento de gas e sm e dicinais,
2C.74.24.46,Caixa para válvula de gásmedicinal,
2C.74.26,Produtos para e nfermag e m,
2C.74.26.02,Mobiliáriopara e nfermag e m,
2C.74.26.02.02,Mesadebanhoechuveiroindep e nd e nt e spara enfermag e m,
2C.74.26.06,Equipamentospara e nfermag e m,
2C.74.26.06.02,Equipamentodet e le comunicaçãopara e nfermag e m,
2C.74.26.10,Estruturaspré-fabrica da spara e nfermag e m,
2C.74.26.10.02,Estaçãode e nfermag e m,
2C.74.28,Produtos paragin e cologia e obst e trícia,
2C.74.28.02,Mobiliárioparagin e cologia e obst e trícia,
2C.74.28.02.02,Camaparagin e cologia e obst e trícia,
2C.74.28.02.06,Mesaparagin e cologia e obst e trícia,
2C.74.28.06,Equipamentosparaobst e trícia e gin e cologia,
2C.74.28.06.02,Carrinhoparaobst e trícia e gin e cologia,
2C.74.28.06.06,Equipamento de biópsiad em ama,
2C.74.28.10,Estruturaspré-fabricadasparagin e cologia e obst e trícia,
2C.74.28.10.02,Kitparagin e cologia e obst e trícia,
2C.74.30,Produtos para oftalmologia,
2C.74.30.02,Mobiliário para oftalmologia,
2C.74.30.02.02,Mesa para oftalmologia,
2C.74.30.02.06,Armário para oftalmologia,
2C.74.30.06,Equipamentos para oftalmologia,
2C.74.30.06.02,Produtosutilizados em e xam e softalmológicos,
2C.74.30.06.06,Apar e lhooftalmológico,
2C.74.30.10,Estruturaspré-fabrica da s para oftalmologia,
2C.74.32,Produtos para ortop e dia,
2C.74.32.02,Mobiliário para ortop e dia,
2C.74.32.02.02,Mesa para ortop e dia,
2C.74.32.02.06,Pia para ortop e dia,
2C.74.32.06,Equipamentos para ortop e dia,
2C.74.32.06.02,Carrinho para ortop e dia,
2C.74.32.10,"Itensortopédicos,parapróteses e r e laciona do saos esport e s",
2C.74.32.10.02,Equipamentoeprodutod em ol da g e m,
2C.74.32.10.06,Equipamentoortopédico de tração,
2C.74.32.14,Estruturaspré-fabrica da s para ortop e dia,
2C.74.34,Produtos para otorrinolaringologia,
2C.74.34.02,Mobiliário para otorrinolaringologia,
2C.74.34.06,Equipamentos para otorrinolaringologia,
2C.74.34.06.02,Apar e lhonasal,
2C.74.34.06.06,Equipamento de pala da r,
2C.74.34.06.10,Equipamento para ouvido,
2C.74.34.10,Estruturaspré-fabrica da s para otorrinolaringologia,
2C.74.36,Produtos para assistênciaaopaci e nte,
2C.74.36.02,Mobiliário para assistênciaaopaci e nte,
2C.74.36.02.02,Cama,
2C.74.36.02.06,Colchãohospitalar,
2C.74.36.02.10,Banh e ira,
2C.74.36.02.14,Chuv e iro,
2C.74.36.02.18,Assento para paci e nte,
2C.74.36.02.22,Equipamentodetransporteparapessoacomn e c e ssi da de esp e cial,
2C.74.36.02.26,Banheiraechuveiroparapessoacomn e c e ssi da de esp e cial,
2C.74.36.02.30,Baciasanitáriaeac e ssórios para p e ssoacom necessi da de e sp e cial,
2C.74.36.06,Equipamentos para assistênciaaopaci e nte,
2C.74.36.10,Estruturaspré-fabrica da s para assistênciaaopaci e nte,
2C.74.38,Produtos para laboratóriosd e anális e sclínicas,
2C.74.38.02,Mobiliário para anális e sclínicas,
2C.74.38.02.02,Biombo de privaci da de,
2C.74.38.02.06,Mesa para laboratóriosd e anális e sclínicas,
2C.74.38.02.10,Pia para laboratóriosd e anális e sclínicas,
2C.74.38.02.14,Estant e s para laboratóriosd e anális e sclínicas,
2C.74.38.02.18,Ca de iras para laboratóriosd e anális e sclínicas,
2C.74.38.02.22,Armários para laboratóriosd e anális e sclínicas,
2C.74.38.02.26,Suporteparamonitor e s em laboratóriosd e anális e s clínicas,
2C.74.38.06,Equipamentos para laboratóriosd e anális e sclínicas,
2C.74.38.06.02,Unidadedepressãoarterialeequipamentosr e laciona do s,
2C.74.38.06.06,Unidadedeel e trocardiogramaECGe equipamentos relacionados,
2C.74.38.06.10,Equipamentode do sím e tro de pulso,
2C.74.38.06.14,Ferramentasutiliza da s para r e alizarodiagnósticode paci e nt e s,
2C.74.38.06.18,Balança para paci e nt e s,
2C.74.38.06.22,Analisa do rquímico-clínico,
2C.74.38.06.26,Produtos parar e alizart e st e sclínicos,
2C.74.38.10,Estruturaspré-fabrica da s para laboratóriosd e anális e s clínicas,
2C.74.38.10.02,Centrodetrabalhoparar e alizaçãode e xam e s,
2C.74.38.10.06,Posto de patologiabruta,
2C.74.38.10.10,Colunadeenergiade e quipamento de hospital,
2C.74.38.10.14,Centro de trabalho de Preparaçãomédica,
2C.74.40,Equipamentosparatransporteeelevação de paci e nt e s,
2C.74.40.02,Equipamentosparatransporte de paci e nt e s,
2C.74.40.06,Carrinho de transporte do paci e nte,
2C.74.40.10,Carrotipopadiola,
2C.74.40.14,Ca de irag e riátrica,
2C.74.40.18,Incubadoradetransport e d e paci e nte,
2C.74.40.22,Moto de paci e nte,
2C.74.40.26,Maca,
2C.74.40.30,Carrotipomaca,
2C.74.40.34,Cadeira de ro da s,
2C.74.40.38,Quadro de troca do paci e nte,
2C.74.40.42,Prancha de transferência de paci e nte,
2C.74.40.46,Levantadoresd e paci e nt e s,
2C.74.40.46.02,Levanta do r do tipot e soura,
2C.74.40.46.06,Eleva do rhidráulicoclínico,
2C.74.40.46.10,Ass e ntosusp e nso,
2C.74.40.46.14,Ass e ntosusp e nsotiposling,
2C.74.40.46.18,Guincho de t e to,
2C.74.40.46.22,Assentosuspensotiposling para b e bês e crianças,
2C.74.42,Produtos para p e diatria,
2C.74.42.02,Mobiliário para p e diatria,
2C.74.42.02.02,Camap e diátrica,
2C.74.42.06,Equipamentos para p e diatria,
2C.74.42.06.02,Ventila do rd e p e diatria,
2C.74.42.10,Estruturaspré-fabrica da s para p e diatria,
2C.74.42.10.02,Colunapré-fabricada para s e rviçoinfantil,
2C.74.44,Produtos parafarmacologia,
2C.74.44.02,Mobiliárioparafarmacologia,
2C.74.44.02.02,Estant e parafarmacologia,
2C.74.44.02.06,Armárioparafarmacologia,
2C.74.44.06,Equipamentosparafarmacologia,
2C.74.44.06.02,Carrinhodefarmacologia,
2C.74.44.06.06,Equipamentopara com primido,
2C.74.44.10,Estruturaspré-fabrica da sparafarmacologia,
2C.74.44.10.02,Postodefarmacologia,
2C.74.46,Produtos para psiquiatria e psicologia,
2C.74.46.02,Mobiliário para psiquiatria e psicologia,
2C.74.46.02.02,Leitopsiquiátrico,
2C.74.46.06,Equipamentos para psiquiatria e psicologia,
2C.74.46.10,Estruturaspré-fabrica da s para psiquiatria e psicologia,
2C.74.48,Produtos para e st e rilização,
2C.74.48.02,Equipamentospara e st e rilização,
2C.74.48.02.02,Est e riliza do rquímico,
2C.74.48.02.06,Esteriliza do rd e calors e co,
2C.74.48.02.10,Est e riliza do rdefltro,
2C.74.48.02.14,Est e riliza do ragás,
2C.74.48.02.18,Esteriliza do rd e pérola de vidro,
2C.74.48.02.22,Est e riliza do rporarqu e nte,
2C.74.48.02.26,Est e riliza do rd e agulha,
2C.74.48.02.30,Dispositivodelimpezadeinstrumentoabast e ci do por energia,
2C.74.48.02.34,Est e riliza do rporradiação,
2C.74.48.02.38,Aqu e ce do rsanitiza do r,
2C.74.48.02.42,Autoclav e avapor,
2C.74.48.02.46,Est e riliza do ravapor,
2C.74.48.02.50,Armáriode e st e rilização,
2C.74.48.02.54,Lâmpa da de e st e rilização,
2C.74.48.02.58,Equipamentoder e cup e ração de águada e st e rilização,
2C.74.48.02.62,Limpa do rd e duascâmarasultrassônico,
2C.74.48.02.66,Limpa do rd e câmaraúnicaultrassônico,
2C.74.50,Produtos para proc e dimentoscirúrgicos,
2C.74.50.02,Mobiliário para proc e dimentoscirúrgicos,
2C.74.50.02.02,Cama para proc e dimentoscirúrgicos,
2C.74.50.02.06,Pia para proc e dimentoscirúrgicos,
2C.74.50.02.10,Mesa para proc e dimentoscirúrgicos,
2C.74.50.02.14,Cadeira para proc e dimentoscirúrgicos,
2C.74.50.02.18,Armário para proc e dimentoscirúrgicos,
2C.74.50.06,Equipamentos para proc e dimentoscirúrgicos,
2C.74.50.06.02,Carrinho para proc e dimentoscirúrgicos,
2C.74.50.06.06,Equipamentocardiovascular,
2C.74.50.06.10,Equipamentocirúrgico,
2C.74.50.06.14,Iluminaçãocirúrgica,
2C.74.50.06.18,Equipamento de suport e cirúrgico,
2C.74.50.10,Estruturaspré-fabricadas para proc e dimentoscirúrgicos,
2C.74.50.10.02,Coluna de s e rviçocirúrgicapré-fabricada,
2C.74.52,Produtos para v e t e rinária e zoologia,
2C.74.52.02,Mobiliário para v e t e rinária e zoologia,
2C.74.52.02.02,Mesa para v e t e rinária e zoologia,
2C.74.52.02.06,Pia para v e t e rinária e zoologia,
2C.74.52.02.10,Estante para v e t e rinária e zoologia,
2C.74.52.06,Equipamentos para v e t e rinária e zoologia,
2C.74.52.06.02,Equipamento para Contenção de animais,
2C.74.52.10,Equipamentosexclusivos para v e t e rinária,
2C.74.52.10.02,Testadordepressãosanguín e av e t e rinário,
2C.74.52.10.06,Testa do rquimiográfcov e t e rinário,
2C.74.52.10.10,Testa do rpirogênicov e t e rinário,
2C.74.52.10.14,Equipamento e st e r e otáxicov e t e rinário,
2C.74.52.10.18,EletrocardiógrafoECGv e t e rinário,
2C.74.52.14,Estruturaspré-fabricadas para v e t e rinária e zoologia,
2C.74.54,Produtos para radiologia e diagnósticoporimag e ns,
2C.74.54.02,Mobiliário para radiologia e diagnósticoporimag e ns,
2C.74.54.02.02,Pia para radiologia e diagnósticoporimag e ns,
2C.74.54.02.06,BarreiradeProteção para radiologia e diagnósticopor imagens,
2C.74.54.02.10,Estante para radiologia e diagnósticoporimag e ns,
2C.74.54.06,Equipamentos para radiologia e diagnósticoporimag e ns,
2C.74.54.06.02,Carrinho para radiologia e diagnósticoporimag e ns,
2C.74.54.06.06,Equipamento de tomografacomputa do riza da tradicional ouporfeix e cônico,
2C.74.54.06.10,Equipamento de r e ssonânciamagnéticaporimag e m,
2C.74.54.06.14,Equipamentodeultrassom do ppl e re e co,
2C.74.54.06.18,Equipamento de raiosX,
2C.74.54.06.22,Câmaragama,
2C.74.54.06.26,Equipamento de t e rapiaporradiaçãogama,
2C.74.54.06.30,Unidadedeterapiadeaceleradorlineard e int e nsi da de modula da d e radiação,
2C.74.54.06.34,Uni da d em édica de tomografade em issãopósitron,
2C.74.54.06.38,Uni da d em édicatomografacomputa do riza da com emissãodefótonúnico,
2C.74.54.06.42,Equipamentodetelet e rapia e radiot e rapia,
2C.74.54.06.46,Unidaderadiográfcafuoroscópica,
2C.74.54.06.50,Produtodedet e cçãooud em onitoração de radiação,
2C.74.54.10,Estruturaspré-fabrica da s para radiologia e diagnóstico porimag e ns,
2C.74.54.10.02,Câmarablin da da para radiologia e diagnósticopor imagens,
2C.74.54.10.06,Quartoblin da do para radiologia e diagnósticopor imagens,
2C.74.54.10.10,Cofreblindado para radiologia e diagnósticoporimag e ns,
2C.74.54.14,Equipamentosmédicos com puta do riza do se esp e cializa do s,
2C.74.54.14.02,Sist em ainformático de g e stãocardiológicaassistida,
2C.74.54.14.06,Computadorutilizado em m e dicinanucl e ar,
2C.74.54.14.10,Sist em a com putacionaldinpac,
2C.74.54.14.14,Sistema com putacional para monitord e anális e holt e r,
2C.74.54.14.18,Computadord e volum e d e célulamédia,
2C.74.54.14.22,Computadordeplanejamento de t e rapia de radiação,
2C.74.56,Produtos para s e gurançabiológica,
2C.74.56.02.02,Cabin e sd e s e gurançabiológica,
2C.74.56.02.06,Cabine de s e gurançabiológicaclass e I,
2C.74.56.02.10,Cabine de s e gurançabiológicaclass e II,
2C.74.56.02.14,Cabine de s e gurançabiológicaclass e III,
2C.74.56.02.18,Cong e la do rcriogênico,
2C.74.56.02.22,Cong e la do rbiológico,
2C.74.56.02.26,Refrig e ra do rbiológico,
2C.74.56.06,Basesdecabin e sd e s e gurançabiológica,
2C.74.56.06.02,Basedecabine de s e gurançabiológicaclass e I,
2C.74.56.06.06,Basedecabine de s e gurançabiológicaclass e II,
2C.74.56.06.10,Basedecabine de s e gurançabiológicaclass e III,
2C.74.58,Produtos paraamanipulaçãod em at e riaisp e rigosos,
2C.74.58.02,Armários para mat e riaisp e rigosos,
2C.74.58.02.02,Armário para ácido,
2C.74.58.02.06,Armário para infamáveis,
2C.74.58.06,Refrigeradoresecongeladores para mat e riaisp e rigosos,
2C.74.58.06.02,Refrigeradordearmazenamentod em at e rialinfamável,
2C.74.58.06.06,Congeladordearmazenamentod em at e rialinfamável,
2C.74.58.06.10,Refrigeradorecongeladordearmazenamentod em at e rial infamável,
2C.74.58.06.14,Refrig e ra do rà provade e xplosão,
2C.74.58.06.18,Refrigerador e cong e la do rà provade e xplosão,
2C.74.60,Produtos para usoci e ntífcoelaboratorial,
2C.74.60.02,Mobiliário para usoci e ntífcoelaboratorial,
2C.74.60.02.02,Mesa para usoci e ntífcoelaboratorial,
2C.74.60.02.06,Cadeira para usoci e ntífcoelaboratorial,
2C.74.60.02.10,Exaustor para usoci e ntífcoelaboratorial,
2C.74.60.06,Equipamentos para usoci e ntífcoelaboratorial,
2C.74.60.06.02,Microscópio,
2C.74.60.06.06,Equipamentoótico,
2C.74.60.06.10,Equipamento de rompimento de laboratório,
2C.74.60.06.14,Equipamentodesecagemeaqu e cimento de laboratório,
2C.74.60.06.18,Equipamento de histologia,
2C.74.60.06.22,Equipamento de refrig e ração de laboratório,
2C.74.60.06.26,Centrífuga,
2C.74.60.06.30,Incuba do ra,
2C.74.60.06.34,Forno de laboratório,
2C.74.60.06.38,Destila do rd e laboratório,
2C.76,Produtos paras e gurança e Proteção,
2C.76.02,Detecçãoemonitoramento de s e gurança,
2C.76.02.02,Equipamentos para circuitofechado de t e l e visão,
2C.76.02.02.02,Câm e ra de CCTVinfrav e rm e lha,
2C.76.02.02.06,Câm e ra de CCTV com um,
2C.76.02.02.10,Caixa para câm e ra de CCTV,
2C.76.02.02.14,Controladordecâm e ra de s e gurança,
2C.76.02.02.18,Multiplexadordecâm e ra de s e gurança,
2C.76.02.02.22,Paineldesistemademonitoramento de câm e rade segurança,
2C.76.02.06,Equipamentosdevíd e o para s e gurança,
2C.76.02.06.02,Monitordevíd e o para s e gurança,
2C.76.02.06.06,Gravadordevíd e o para s e gurança,
2C.76.02.10,Det e ctor e sde e xplosivos,
2C.76.02.10.02,Det e ctorde e xplosivosnier,
2C.76.02.10.06,Analisadorespectralde de t e ctorde e xplosivo,
2C.76.02.14,Detectoresdem e tais para s e gurança,
2C.76.02.14.02,Detectordemetaisdepassagemresistent e aint em péri e s,
2C.76.02.14.06,Detectordemetaisdepassagemparaambi e nt e sint e rnos,
2C.76.02.14.10,Det e ctord em e taismanual,
2C.76.02.18,Equipamentosd e InspeçãoporraiosX,
2C.76.02.18.02,Máquina de InspeçãoporraiosX,
2C.76.02.18.06,Máquina de InspeçãocorporalporraiosX,
2C.76.02.22,Sensor e sd e s e gurança,
2C.76.02.22.02,Sensord e s e gurançaporruído,
2C.76.02.22.06,Sensord e s e gurança do tipolaçoindutivo,
2C.76.02.22.10,Sensord e s e gurançainfrav e rm e lho,
2C.76.02.22.14,Sensord e s e gurançaultrassônico,
2C.76.02.22.18,Sensord e s e gurançaporvibração,
2C.76.02.26,Dispositivospara de t e cção de intrusão,
2C.76.02.26.02,Caboenterradopara de t e cção de intrusão,
2C.76.02.26.06,Sistemade de t e cção de intrusãoporfbraótica,
2C.76.02.26.10,Alarmede de t e cção de intrusãopormicro-ondas,
2C.76.02.26.14,Sensorfotoelétricode de t e cção de intrusão,
2C.76.02.26.18,Interruptordemonitoramentodeporta de d e t e cçãode intrusão,
2C.76.02.26.22,Tapetedes e guranças e nsív e làpressão,
2C.76.02.26.26,Chav em icroswitch para portas,
2C.76.02.26.30,Chav em icroswitch para jan e las,
2C.76.02.26.34,Detecção de qu e bra de vidro,
2C.76.02.26.38,Sensord em ovimentoporvibração,
2C.76.02.26.42,Det e ctord e radiaçãop e ssoalporinfrav e rm e lho,
2C.76.02.26.46,Det e ctord em icro-onda de p e ssoal,
2C.76.02.26.50,Autodisca do rd e s e gurança,
2C.76.02.30,Dispositivospararegistroeconstatação de pr e s e nça,
2C.76.02.30.02,Equipamentoderegistrodeponto de colabora do r e s,
2C.76.02.30.06,Esp e lho de vigilância,
2C.76.02.30.10,Control e d e al e rtamanual,
2C.76.02.30.14,Sino de s e gurança para portas,
2C.76.02.30.18,Siren e d e s e gurança,
2C.76.02.34,Teclados para alarme e s e gurança,
2C.76.02.34.02,Teclado para alarme,
2C.76.02.34.06,Teclado para s e gurança,
2C.76.02.38,DispositivosparaInspeção de v e ículos,
2C.76.02.38.02,IluminaçãoparaInspeção da part e inferiord e v e ículos,
2C.76.06,Control e sd e acesso,
2C.76.06.02,Leitor e sbiométricos,
2C.76.06.02.02,Leitord e impr e ssãodigital,
2C.76.06.02.06,Leitordeg e om e tria da mão,
2C.76.06.02.10,Escân e rd e íris,
2C.76.06.02.14,Escân e rd e r e tina,
2C.76.06.02.18,Leitordereconhecimento de v e ias,
2C.76.06.06,Leitor e sd e cartão de ponto,
2C.76.06.06.02,Leitord e cartão de pontoporcontato,
2C.76.06.06.06,Leitord e cartão de pontos em contato,
2C.76.06.10,Equipamentosparacontag em d e p e ssoal,
2C.76.06.14,Controlesderesposta de portasd e s e gurança,
2C.76.06.18,Equipamentosdechav e d e s e gurança,
2C.76.06.22,Tecladosdeacessodep e ssoald e s e gurança,
2C.76.06.26,"Barr e iras,catracasetorniquetesparacontrol e d e acesso",
2C.76.06.26.02,Barreiraoucatracaparacontrol e d e acesso,
2C.76.06.26.06,Torniqueteparacontrol e d e acesso,
2C.76.06.26.10,Postesec e rcasd e s e gurançaportáteis,
2C.76.08,Produtoparaoarmazenamento de valorescom segurança,
2C.76.10.02,Caixas-fort e s,
2C.76.10.02.02,Caixa-fort e d e cômo do pré-fabricado,
2C.76.10.02.06,Caixa-fort e com e rcial,
2C.76.10.02.10,Caixa-fort e r e si de ncial,
2C.76.10.06,Cofres,
2C.76.10.06.02,Cofrecom e rcial,
2C.76.10.06.06,Cofrer e si de ncial,
2C.76.10.10,Armárioscomfechadura,
2C.76.10.10.02,Armário de m e talcomfechadura,
2C.76.10.10.06,Armáriod emadeiracomfechadura,
2C.76.10.10.10,Armário de plásticolamina do comfechadura,
2C.76.10.10.14,Armário de plásticocomfechadura,
2C.76.10.10.18,Armário de vidrocomfechadura,
2C.76.10.10.22,Armáriod em alham e tálicacomfechadura,
2C.76.14,Travasd e s e gurança,
2C.76.14.02,Travasdes e gurança de bicicleta,
2C.76.14.06,Ca de a do s,
2C.76.14.06.02,Ca de a do de com binação,
2C.76.14.06.06,Cadeado de chav e d e pino,
2C.76.18,"Proteçãoradiológica,química e biológica",
2C.76.18.02,Equipamentospré-fabricadosderastr e io de Correio / Correspondências,
2C.76.18.06,Cabin e sd e s e gurançabiológica,
2C.76.22,Equipamentos para s e gurança da informação,
2C.76.22.02,Equipamentosdel e itura de códigoc e ntralizado,
2C.76.26,Component e sd e Proteçãoafogo,
2C.76.26.02,Juntaignifugante,
2C.76.26.06,Pre e nche do rignifugante de acoplamentos com rosca,
2C.76.26.10,Luva do tuboà prova de fogo,
2C.76.26.14,Selosdefumaça para canalização,
2C.76.30,Equipamentosde com bat e aincêndio,
2C.76.30.02,Terminaisde com bat e aincêndio,
2C.76.30.02.02,Componentedet e rminalde com bat e aincêndio,
2C.76.30.02.06,Terminalde com bat e aincêndio de água,
2C.76.30.02.10,Terminalde com bat e aincêndiogasoso,
2C.76.30.02.18,Terminalde com bat e aincêndiode e spuma,
2C.76.30.02.20,Terminalde com bat e aincêndio de pó,
2C.76.30.02.22,Meiode com bat e aincêndio,
2C.76.30.02.24,Terminald e gásde com bat e aincêndio,
2C.76.30.06,Hidrant e sd e incêndio,
2C.76.30.06.02,Hidrante de incêndio de barrils e co,
2C.76.30.06.06,Hidrant e d e incêndio de barrilmolhado,
2C.76.30.10,Equipamentos para mangu e irasd e incêndio,
2C.76.30.10.02,Mangu e ira de incêndio,
2C.76.30.10.06,Saídad em angu e ira de incêndio,
2C.76.30.10.10,Armário para mangu e ira de incêndio,
2C.76.30.10.14,Bobina da mangu e ira de incêndio,
2C.76.30.10.18,Conectord em angu e ira de incêndio,
2C.76.30.14,Bicosd e incêndio,
2C.76.30.14.02,Bico de névoa de incêndio,
2C.76.30.14.06,Bico de incêndio de corr e nte,
2C.76.30.14.10,Bico de incêndio e létrico,
2C.76.30.18,Extintor e s,
2C.76.30.18.02,Extintordeincêndio de pr e ssãoarmaz e nada,
2C.76.30.18.06,Extintord e incêndios em açoinoxidável,
2C.76.30.18.10,Extintord e incêndionãor e carr e gável,
2C.76.30.18.14,Extintord e incêndio de carrinhoagás,
2C.76.30.18.18,Extintord e incêndiode e spuma,
2C.76.34,Equipamentosde e xaustãodefumaça,
2C.76.34.02,Exaustor e sdefumaça,
2C.76.38,Dispositivosde de t e cção de incêndio,
2C.76.38.02,Botoeirasd e alarm e d e incêndio,
2C.76.38.02.02,Estaçãodepuxardealarmedeincêndio e nd e r e çável,
2C.76.38.02.06,Estaçãodepuxardealarmedeincêndionão e nd e r e çável,
2C.76.38.06,Det e ctor e sd e incêndio,
2C.76.38.06.02,Det e ctordefumaça,
2C.76.38.06.06,Det e ctord e calor,
2C.76.38.06.10,Det e ctord e chama,
2C.76.38.06.14,Det e ctord e brasaefaísca,
2C.76.38.06.18,Det e ctorde e n e rgiaradiante,
2C.76.38.10,Int e rruptor e sd e incêndio,
2C.76.38.10.02,Interruptordealarmedeincêndio de pr e ssão de fuxode água,
2C.76.38.10.06,Interruptordealarmedeincêndio de pr e ssão de pá,
2C.76.38.10.10,Interruptord e incêndio de ap e rtar,
2C.76.42,Apar e lhosd e notifcação de incêndio,
2C.76.42.02,Painéisindicadoresd e alarm e d e incêndio,
2C.76.42.02.02,Painelindicadordealarm e d e incêndioaudív e l,
2C.76.42.02.06,Painelindicadordealarm e d e incêndiovisív e l,
2C.76.42.02.10,Painelindicadordealarm e d e incêndiode com binação,
2C.76.42.06,Painéisdecontrole de alarm e d e incêndio,
2C.76.42.06.02,Paineldecontrole de alarm e d e incêndioprincipal,
2C.76.42.06.06,Paineldecontroledealarm e d e incêndios e cundário,
2C.76.42.06.10,Paineldecontroledealarm e d e incêndio de áudio,
2C.76.42.06.14,Paineldecontrole de alarm e d e incêndiodefumaça,
2C.76.42.10,Dispositivosd e al e rtasonoro de incêndio,
2C.76.42.10.02,Dispositivo de al e rtasonoro de incêndio-Sino,
2C.76.42.10.06,Dispositivo de al e rtasonoro de incêndio-Sir e ne,
2C.76.42.10.10,Dispositivo de al e rtasonoro de incêndio-Campainha,
2C.76.42.10.14,Dispositivo de al e rtasonoro de incêndio-Alto-falante,
2C.76.42.14,Dispositivosd e al e rtavisuald e incêndio,
2C.76.42.14.02,Dispositivo de al e rtavisuald e incêndio-Lâmpa da s,
2C.76.42.18,Dispositivosdeal e rtasonoro e visuald e incêndio,
2C.76.42.22,Comunicadoresd e alarm e d e incêndio,
2C.76.42.26,Centraisd e alarm e d e incêndio,
2C.76.42.30.02,Transmissordacentrald e alarm e d e incêndio,
2C.76.42.30.06,Receptordacentrald e alarm e d e incêndio,
2C.76.42.30.10,Transmissorereceptordacentrald e alarm e d e incêndio,
2C.76.42.34,Gravadordeevento de alarm e d e incêndio,
2C.76.42.38,Impressoradeevento de alarm e d e incêndio,
2C.76.42.42,Controladordealarm e d e incêndior em oto,
2C.76.42.46,Amplifcadordealarm e d e incêndior em oto,
2C.76.42.50,Controla do rd e bomba de incêndio,
2C.76.42.54,Controla do rd e bombajock e y,
2C.76.46,Componentesdesist em asde com bat e aincêndio,
2C.76.46.02,Equipamentosd e supr e ssãoàbas e d e água,
2C.76.46.02.02,Cabeçadepulveriza do rp e nd e nte,
2C.76.46.02.06,Cabeçadepulv e riza do rv e rtical,
2C.76.46.02.10,Cabeçadepulveriza do rd e par e de,
2C.76.46.02.14,Válvula de tubos e co,
2C.76.46.02.18,Sist em a de névoa de água,
2C.76.46.06,Equipamentosd e supr e ssãoqu e nãosãoàbas e d e água,
2C.76.46.06.02,Equipamentodesupressãodeagent e d e Limpezagasoso,
2C.76.46.06.06,Equipamentodesupressão de dióxi do d e carbono,
2C.76.46.06.10,Equipamento de supr e ssão de halon,
2C.76.46.06.14,Equipamento de supr e ssãodefogoporag e nt e químico úmido,
2C.76.46.06.18,Equipamento de supr e ssãodefogoporpóquímicos e co,
2C.76.46.06.22,Equipamento de supr e ssãodefogoporlíqui do g e ra do rde espuma,
2C.76.46.10,Mantasd e incêndio,
2C.76.50,Componentesder e sgat e e e vacuação,
2C.76.50.02,Ca de irasde e vacuação,
2C.76.50.06,Rampasde e vacuação,
2C.76.54,Equipamentosd e saúde e s e gurançaocupacional,
2C.76.54.02,Mangu e irasde em e rgência,
2C.76.54.06,Lava-olhosde em e rgência,
2C.76.54.06.02,Balcão para lava-olhosde em e rgência,
2C.76.54.06.06,Lava-olhosde em e rgênciainstala do nopiso,
2C.76.54.06.10,Estaçãoparalavagem do solhosde em e rgência combinada,
2C.76.54.06.14,Estaçãoparalavagemdosolhosde em e rgência de dicada,
2C.76.54.10,Chuv e irosde em e rgência,
2C.76.54.10.02,Chuveirode em e rgência com binado,
2C.76.54.10.06,Chuveirode em e rgência de dicado,
2C.76.58,Equipamentosd e s e gurançaambi e ntal,
2C.76.58.02,Kitsambi e ntais para d e rrame,
2C.76.58.06,Sistemasdecontrole em onitoramento da poluição,
2C.76.58.06.02,Sistemademonitoramento da poluição do ar,
2C.76.58.06.06,Sistemademonitoramento da poluição da água,
2C.76.58.10,Sistemasd e d e t e cçãodefalhas,
2C.76.58.10.02,Sistemade de t e cção de infltraçõ e s,
2C.76.58.10.06,Sistemadedetecçãodevazamento em instalações,
2C.76.62,Dispositivosd e control e d e animais,
2C.76.62.02,Dispositivo de control e d e pássaros,
2C.76.62.02.02,Inibi do rd e pouso,
2C.76.62.02.06,Dispositivo de svia do rd e voo,
2C.76.62.02.10,Dispositivorepel e nt e d e pássaro,
2C.76.62.02.14,Atratord e pássaro,
2C.76.62.02.18,Acessório de control e d e pássaro,
2C.76.62.06,Dispositivosdecontrol e d e ins e to,
2C.76.62.06.02,Repelenteel e trônico de ins e to,
2C.76.62.06.06,Armadilhasusp e nsa,
2C.76.62.06.10,Tela,
2C.76.62.06.14,Selant e de e spuma,
2C.76.62.06.18,Placasusp e nsa,
2C.76.62.06.22,Acessóriosdecontrol e d e ins e tos,
2C.76.62.10,Dispositivosdecontrole de roe do r e s,
2C.76.62.10.02,Armadilha,
2C.76.62.10.06,Dispositivoultrassônicodecontrol e d e roe do r,
2C.76.62.10.10,Dispositivoeletrônicodecontrol e d e roe do r,
2C.76.62.10.14,Dispositivo de prova,
2C.76.62.10.18,Produto de rastr e amento,
2C.76.62.10.22,Dispositivo de spray,
2C.76.62.10.26,Acessóriodecontrol e d e roe do r,
2C.78,Produtos para instalaçõ e shidrossanitárias,
2C.78.02,Torn e iras,
2C.78.02.02,Torn e iras e sféricas,
2C.78.02.02.02,Torn e iratipobola de pia,
2C.78.02.02.06,Torn e iratipobola de banh e ira,
2C.78.02.02.10,Torn e iratipobola de chuv e iro,
2C.78.02.06,Torn e irasde com pr e ssão,
2C.78.02.06.02,Torneirade com pr e ssão de pia,
2C.78.02.06.06,Torneiradecompr e ssão de banh e ira,
2C.78.02.06.10,Torneiradecompr e ssão de chuv e iro,
2C.78.02.10,Torn e irastipocartucho,
2C.78.02.10.02,Torn e iratipocartucho de pia,
2C.78.02.10.06,Torn e iratipocartucho de banh e ira,
2C.78.02.10.10,Torn e iratipocartucho de chuv e iro,
2C.78.02.14,Torn e irastipodisco,
2C.78.02.14.02,Torn e iratipodisco de pia,
2C.78.02.14.06,Torn e iratipodisco de banh e ira,
2C.78.02.14.10,Torn e iratipodisco de chuv e iro,
2C.78.02.18,Válvulasmistura do rasd e torn e ira,
2C.78.02.18.02,Válvulamisturadoradetorn e irat e rmostaticam e nte controla da s,
2C.78.02.18.06,Válvulamisturadoradetorn e iras e nsív e làpressão,
2C.78.02.18.10,Válvulamisturadoradetorneira de pr e ssãobalanc e ada,
2C.78.06,Pias,
2C.78.06.02,Piaindividual,
2C.78.06.06,Piadupla,
2C.78.06.10,Piamúltipla,
2C.78.06.14,Compon e nt e sd e pias,
2C.78.06.14.02,Respinga de ira para pia,
2C.78.06.14.06,Ralo de pia,
2C.78.06.18,Pias e sp e ciais,
2C.78.06.18.02,Sacristia,
2C.78.06.18.06,Pia de quarto e scuro,
2C.78.06.18.10,Piadecab e l e ir e iro,
2C.78.06.18.14,Piapara e sfregão,
2C.78.06.18.18,Pia de s e rviço,
2C.78.10,Banh e iras,
2C.78.10.02,Banheira e chuv e ironom e smoboxe,
2C.78.10.06,Assento de higi e nizaçãoíntima,
2C.78.10.10,Banh e ira de hidromassag e m,
2C.78.10.14,Component e s para banh e iras,
2C.78.10.14.02,Fechamento de banh e iras,
2C.78.10.14.06,Respinga de ira para banh e iras,
2C.78.10.14.10,painel para banh e iras,
2C.78.10.14.14,Assento para banh e iras,
2C.78.10.14.18,Tela para banh e iras,
2C.78.10.14.22,Barrades e gurar para banh e iras,
2C.78.10.14.26,Ralo para banh e iras,
2C.78.14,Boxe e chuv e iros,
2C.78.14.02,Box e d e chuv e iro,
2C.78.14.06,Pisoparabox e d e chuv e iro,
2C.78.14.10,Bas e dofechamentodobox e d e chuv e iro,
2C.78.14.14,Fechamentodobox e d e chuv e iro,
2C.78.14.18,Duchamanual,
2C.78.14.22,Revestimentoparabox e d e chuv e iro,
2C.78.14.26,Assento de chuv e iro,
2C.78.14.30,Portadebox e d e chuv e iro,
2C.78.14.34,Cortinadebox e d e chuv e iro,
2C.78.14.38,Ralodebox e d e chuv e iro,
2C.78.14.42,Barradebox e d e chuv e iro,
2C.78.18,Vasossanitários,
2C.78.18.02,Conjuntosd e vasosanitário e pia,
2C.78.18.02.02,Conjunto de vasosanitárioepiaparacasasd e d e t e nção,
2C.78.18.06,Vasossanitáriosincin e ra do r e s,
2C.78.18.10,Vasossanitárioss em caixa,
2C.78.18.10.02,Vasosanitários em caixainstala do nopiso,
2C.78.18.10.06,Vasosanitários em caixainstala do napar e de,
2C.78.18.14,Vasossanitários com caixa,
2C.78.18.14.02,Vasosanitário com caixainstala da nopiso,
2C.78.18.14.06,Vasosanitário com caixainstala da napar e de,
2C.78.18.18,Baciasanitária,
2C.78.18.18.02,Baciasanitáriaop e ra da aágua,
2C.78.18.18.06,Unidadesanitária de disposiçãoquímicabiológica,
2C.78.18.18.10,Tritura do rsanitário,
2C.78.18.18.14,Assento de baciasanitária,
2C.78.18.18.18,Tanqu e d e baciasanitária,
2C.78.18.18.22,Con e ctord e disposiçãosanitária,
2C.78.22,Mictórios,
2C.78.22.02,Mictóriosd e d e scargaporincin e ração,
2C.78.22.06,Mictóriosd e d e scargaconv e ncional,
2C.78.22.06.02,Mictóriode de scargaconv e ncionalinstala do nopiso,
2C.78.22.06.06,Mictóriodedescargaconv e ncionalinstala do napar e de,
2C.78.22.10,Mictórioss em água,
2C.78.22.10.02,Mictórios em águainstala do nopiso,
2C.78.22.10.06,Mictórios em águainstala do napar e de,
2C.78.26,Bidês,
2C.78.30,Equipamentos para banh e iros,
2C.78.30.02,Divisórias para banh e iros,
2C.78.30.02.02,Divisóriaseparadora do r e s e rvado,
2C.78.30.02.06,Porta do r e s e rvado,
2C.78.30.02.10,Divisória para mictórios,
2C.78.30.02.14,Divisória para chuv e iros,
2C.78.30.06,Armários para banh e iros,
2C.78.30.10,Seca do r e sd em ãos,
2C.78.30.14,Secador e sd e cab e los,
2C.78.30.18,Acessóriosd e pap e l-toalha para banh e iros,
2C.78.30.18.02,Distribui do rd e pap e l-toalha,
2C.78.30.18.06,Distribui do rd e pap e l-toalhacomunida de d e d e scarte,
2C.78.30.22,Distribui do rd e pap e lhigiênico,
2C.78.30.26,Componentesd e produtos para higi e nefeminina,
2C.78.30.26.02,Dispensa do rd e guar da naposanitário,
2C.78.30.26.06,Dispensa do rd e guar da naposanitário com uni da d e de descarte,
2C.78.30.26.10,Dispensadordeabsorv e nt e int e rno,
2C.78.30.26.14,Dispensadordeabsorventeinterno com uni da d e de descarte,
2C.78.30.26.18,Dispensadordeabsorventeint e rno e guar da napo sanitário com binado,
2C.78.30.26.22,Dispensadordeabsorventeint e rno e guar da napo sanitáriocombinadocomunida de d e d e scarte,
2C.78.30.30,Barras para toalhas,
2C.78.30.30.02,Barraparatoalhaseletricam e nt e aqu e cida,
2C.78.30.30.06,Barra para toalhasaqu e ci da aágua,
2C.78.30.34,Ganchos para roupas,
2C.78.30.38,Equipamentosparadispensarsabon e t e sd em ão,
2C.78.30.42.02,Suport e d e sabãod em ão,
2C.78.30.42.06,Distribui do rd e sabãod em ão,
2C.78.30.46,Unidades para trocadefral da s,
2C.78.30.50,Desodorizador e sd e banh e iro,
2C.78.34,Ralos,
2C.78.34.02,Tampasd e ralo,
2C.78.34.06,Corrent e sd e tampa de ralo,
2C.78.34.10,Prot e çõ e sd e ralo,
2C.78.38,Aqu e ce do r e s,
2C.78.38.02,Aquece do r e sd e água,
2C.78.38.02.02,Aquece do r e létrico de água,
2C.78.38.02.06,Aqu e ce do rd e águaagás,
2C.78.38.06,TanquesparaArmazenamento de águaaqu e cida,
2C.78.38.06.02,TanqueparaArmazenamento de águaaqu e ci da por eletrici da de,
2C.78.38.06.06,TanqueparaArmazenamento de águaaqu e ci da agás,
2C.78.38.06.10,TanqueparaArmazenamento de águaaqu e ci da avapor,
2C.78.38.06.14,TanqueparaArmazenamento de águaaqu e ci da aól e o combustív e l,
2C.78.42,Bebe do uros,
2C.78.42.02,Bebe do uros com refrig e ra do r,
2C.78.42.06,Bebe do uros com refrigera do rde e xpansãodir e ta,
2C.78.46,Banheiroscompl e tos e industrializa do s,
2C.78.46.02,Conjuntodebanh e iro com pl e toindustrializado,
2C.78.50,Tuboseconexõ e s para instalaçõ e shidrossanitárias,
2C.78.50.02,Redutor e s,
2C.78.50.06,Acoplamento de tubulaçõ e s,
2C.78.50.10,Cotov e los,
2C.78.50.14,Tampõ e s,
2C.78.50.18,Con e xõ e s do tipotê,
2C.80,"Produtos parainstalaçõesd e aqu e cimento,ventilaçãoe ar-condicionado(AVAC)",
2C.80.02,Cald e iras,
2C.80.02.02,Control e s para cald e ira,
2C.80.02.02.02,Paineldecontrol e d e cald e ira,
2C.80.02.02.06,Controledequeima do rd e cald e ira,
2C.80.02.06,Cald e irasporcond e nsação,
2C.80.02.10,Cald e irasfamotubular e s,
2C.80.02.10.02,Cald e irafamotubularporvapord e altapr e ssão,
2C.80.02.10.06,Cald e irafamotubularporáguaqu e nt e d e alta temp e ratura,
2C.80.02.10.10,Cald e irafamotubularporvapord e baixapr e ssão,
2C.80.02.14.18,Cald e irafamotubularporvapord e águaqu e nt e d e baixa temp e ratura,
2C.80.02.18,Cald e irasmultitubular e s,
2C.80.02.18.02,Cald e iramultitubularporvapord e altapr e ssão,
2C.80.02.18.06,Cald e iramultitubularporáguaquente de altat em p e ratura,
2C.80.02.18.10,Cald e iramultitubularporvapord e baixapr e ssão,
2C.80.02.18.14,Cald e iramultitubularporáguaqu e nt e d e baixa temp e ratura,
2C.80.02.22,Cald e iradeferrofundi do s e ccionada,
2C.80.02.22.02,Cald e iradeferrofundidosecciona da d e vapord e baixa pressão,
2C.80.02.22.06,Cald e iradeferrofundidos e cciona da d e águaqu e nt e de baixat em p e ratura,
2C.80.02.26,Cald e irasd e tubo de água,
2C.80.02.26.02,Cald e ira de tubo de água de vapord e altapr e ssão,
2C.80.02.26.06,Cald e ira de tubo de água de águaqu e nt e d e alta temp e ratura,
2C.80.02.26.10,Cald e ira de tubo de água de vapord e baixapr e ssão,
2C.80.02.26.14,Cald e ira de tubo de água de águaqu e nt e d e baixa temp e ratura,
2C.80.02.30,Cald e iras e létricas,
2C.80.02.34,Component e sd e cald e iras,
2C.80.02.34.02,Preenchedordejuntaeselant e d e cald e ira,
2C.80.02.34.06,Queimadordecombustív e l da cald e ira,
2C.80.02.34.10,Filtrodeóleocombustív e l da cald e ira,
2C.80.02.34.14,Bicosd e cald e ira,
2C.80.02.34.18,Sopradord e indução da cald e ira,
2C.80.02.34.22,DispositivodeRecuperação de calord e gáscombustív e l decald e ira,
2C.80.02.34.26,Ventiladord e ar da cald e ira,
2C.80.06,Fornalhas,
2C.80.06.02,Control e sparafornalhas,
2C.80.06.02.02,paineld e control e defornalhas,
2C.80.06.02.06,Controle do qu e ima do rdefornalhas,
2C.80.06.06,Fornosacarvão,
2C.80.06.10,Fornosar e sistência e létrica,
2C.80.06.14,Fornosagásnatural,
2C.80.06.18,Fornosagasolina,
2C.80.06.22,Fornosaól e o com bustív e l,
2C.80.06.26,Fornosaól e o,
2C.80.06.30,Fornosapropano,
2C.80.06.34,Compon e nt e sdeforno,
2C.80.06.34.02,Preenchedordejunta e s e lant e doforno,
2C.80.06.34.06,Queima do ra com bustív e l,
2C.80.06.34.10,Filtrodeól e o com bustív e ldoforno,
2C.80.06.34.14,Bicodoforno,
2C.80.06.34.18,DispositivodeRecuperação de calord e gáscombustív e l deforno,
2C.80.10,Equipamentosd e aqu e cimento(AVAC),
2C.80.10.02,Aqu e ce do r e sapropano,
2C.80.10.02.02,Aqu e ce do rint e rnoapropano,
2C.80.10.02.06,Aquece do r e xt e rnoapropano,
2C.80.10.06,Fogõesd e aqu e cimento,
2C.80.10.06.02,Fogão de aqu e cimentoaferrofundido,
2C.80.10.06.06,Fogãodeaquecimento de p e dra,
2C.80.10.06.10,Fogãodeaquecimento de açosol da do,
2C.80.10.06.14,Compon e nt e defogão de aqu e cimento,
2C.80.10.10,Equipamentosparamontag em d e sup e rfíci e sde aqu e cimento,
2C.80.10.10.02,Chapa de aqu e cimento,
2C.80.10.10.06,Cabo de aqu e cimento,
2C.80.10.10.10,Fitadeaqu e cimento de tubo,
2C.80.10.10.14,Marcadeaqu e cimento do cabo,
2C.80.10.10.18,Paineld e t e toaqu e cido,
2C.80.10.10.22,Marca de tubulação de calor,
2C.80.10.14,Aquecedor e sa com bustív e l,
2C.80.10.14.02,Aquecedord e dutoa com bustív e l,
2C.80.10.14.06,Aquecedorradiant e a com bustív e l,
2C.80.10.14.10,Aquecedordeunida de a com bustív e l,
2C.80.10.14.14,Aquece do raara com bustív e l,
2C.80.10.18,Aqu e ce do r e sforça do sa com bustív e l,
2C.80.10.18.02,Aquece do rd e duto de arforça do a com bustív e l,
2C.80.10.18.06,Aquece do rradiant e d e arforça do a com bustív e l,
2C.80.10.18.10,Aquecedord e uni da d e aarforça do a com bustív e l,
2C.80.10.18.14,Aqu e ce do raarforça do a com bustív e l,
2C.80.10.22,Radia do r e s para ar-condicionado,
2C.80.10.22.02,Radia do rdeferrofundido,
2C.80.10.22.06,Radia do rd e tubo de barbatana,
2C.80.10.22.10,Radia do rd e placa,
2C.80.10.22.14,Paineldeaqu e cimento de radiação,
2C.80.10.26,Radiadoresparaaquece do r e sd e ar-condicionadoforçado,
2C.80.10.26.02,Radia do rd e arforça do deferrofundido,
2C.80.10.26.06,Radia do rd e tubo de barbatanadeferrofundido,
2C.80.10.26.10,Radia do rd e placa de arforçado,
2C.80.10.26.14,Paineldeaquecimento de radiação de arforçado,
2C.80.10.30,Aquece do r e s e létricos,
2C.80.10.30.02,Aquece do r e létrico de halogênio,
2C.80.10.30.06,Aquece do rd e placa de infrav e rm e lho,
2C.80.10.30.10,Aqu e ce do rultraviol e ta,
2C.80.10.30.14,Aquece do rar e sistência e létrica,
2C.80.10.34,Aquecedor e s e létricosd e arforçado,
2C.80.10.34.02,Aquece do r e létrico de arforça do d e halogênio,
2C.80.10.34.06,Aqu e ce do rd e chapainfrav e rm e lha de arforçado,
2C.80.10.34.10,Aquece do rultraviol e ta de arforçado,
2C.80.10.34.14,Aquecedordeuni da d e d e arforça do r e sistido e létrico,
2C.80.10.38,Conv e rsor e sd e águaqu e nte,
2C.80.14,Bombasd e calor,
2C.80.14.02,Bomba de calor em balada,
2C.80.14.02.02,Bomba de calor em bala da aar,
2C.80.14.02.06,Bomba de calor em bala da aágua,
2C.80.14.06,Bomba de calorporsplit,
2C.80.14.06.02,Bomba de calorporsplitaar,
2C.80.14.06.06,Bomba de calorporsplitaágua,
2C.80.18,Compon e nt e sd e refrig e ração e r e sfriamento,
2C.80.18.02,Acessórios para refrig e ração e r e sfriamento,
2C.80.18.02.02,Líqui do refrig e rante,
2C.80.22,Resfria do r e s,
2C.80.22.02,Resfria do r e sporabsorção,
2C.80.22.02.02,Resfria do rporabsorçãodefogodir e to,
2C.80.22.02.06,Resfria do rporabsorção de vapor,
2C.80.22.06,Resfria do r e s,
2C.80.22.06.02,Resfriadordeunidadede em balag em c e ntral,
2C.80.22.06.06,Resfria do rc e ntrífugo,
2C.80.22.06.10,Resfria do rr e cíproco,
2C.80.22.06.14,Resfria do rrotativo,
2C.80.22.06.18,Resfria do rd e parafusorotativo,
2C.80.22.06.22,Resfria do rd e parafuso,
2C.80.22.06.26,Resfria do rd e rolar,
2C.80.26,Torr e sd e cond e nsação,
2C.80.26.02,Torresdecond e nsaçãoporfuxom e cânico de ar,
2C.80.26.06,Torresd e cond e nsaçãoporfuxonaturald e ar,
2C.80.26.10,Tanqu e sd e r e sfriamento,
2C.80.30,Unidadesd e tratamento de ar,
2C.80.30.02,Unidadesdetratamento de armonta da sinloco,
2C.80.30.02.02,Unidadedetratamento de armonta da inloconoint e rior daconstrução,
2C.80.30.02.06,Unidademodulardetratamento de armonta da inlocona cobertura,
2C.80.30.06,Unidadespersonalizadasd e tratamento de ar,
2C.80.30.06.02,Unidadedetratamento do arint e riorp e rsonalizada,
2C.80.30.06.06,Unidadedetratamentodoard e coberturap e rsonalizada,
2C.80.30.10,Unidadesdeaquecimento e d e v e ntilação,
2C.80.30.14,Unidadesmodularesd e tratamento de ar,
2C.80.30.14.02,Unidademodulardetratamento de arinstala da noint e rior daconstrução,
2C.80.30.14.06,Unidademodulardetratamento de arinstala da na cobertura,
2C.80.30.18,Unidadespré-fabricadasd e tratamento de ar,
2C.80.34,Equipamentosdecontrol e d e umi da de,
2C.80.34.02,Lava do rasd e ar,
2C.80.34.02.02,Lava do ra de arporconv e cção,
2C.80.34.02.06,Lava do ra de arpor e vaporação,
2C.80.34.06,Equipamentos para d e sumidifcação,
2C.80.34.06.02,Desumidifcadora,
2C.80.34.06.06,Desumidifcadorapermanent em e nt e instalada,
2C.80.34.06.10,Desumidifcadoraportátil,
2C.80.34.10,Umidifcadorasd e ar,
2C.80.34.14,Vaporiza do ras,
2C.80.38,Difusor e s para AVAC,
2C.80.38.02,Difusor e sportrêscaminhos,
2C.80.38.06,Difusor e sporamort e cimento,
2C.80.38.06.02,Difusor e sporamort e cimentoporlâminasopostas,
2C.80.38.06.06,Difusoresporamortecimentoporlâminas para l e las,
2C.80.38.10,Difusor e sbiplanos,
2C.80.38.14,Difusor e s do tipoborbol e ta,
2C.80.38.14.02,Difusordotipoborbol e taautomaticam e nt e controlado,
2C.80.38.14.06,Difusor do tipoborbol e tamanual,
2C.80.38.18,Difusor e s,
2C.80.38.18.02,Amortece do rautomaticam e nt e controlado,
2C.80.38.18.06,Amort e ce do rmanual,
2C.80.38.22,Difusor e s para int e rrupçãodefogo,
2C.80.38.26,Difusor e sd e incêndio,
2C.80.38.30.02,Amort e ce do rdefogomanual,
2C.80.38.34.06,Amort e ce do rdefogoautomático,
2C.80.38.38,Difusor e sdefumaça,
2C.80.38.38.02,Difusor e smanuaisdefumaça,
2C.80.38.38.06,Difusor e sautomáticosdefumaça,
2C.80.38.42,Difusor e ss em r e torno,
2C.80.38.46,Difusor e s do tipoguilhotina,
2C.80.38.52,Difusores do tipov e n e ziana,
2C.80.38.52.02,Amortecedordeveneziana com lâminad em ovim e ntação oposta,
2C.80.38.56,Difusoresdotipoven e ziana com lâminamóv e l,
2C.80.38.56.06,DifusordotipovenezianadepaRede de painelduplo,
2C.80.38.60,Difusoresporregulação da pr e ssão e stática,
2C.80.38.64,Difusor e sporcontrol e d e volume,
2C.80.38.64.02,Amortecedorcontrole de volum e d e lâminaoposta,
2C.80.38.64.06,Amortecedordecontrole de volume para l e lo,
2C.80.38.68,Difusoresdotipop e rsiana de incêndio para canalização doar,
2C.80.42,Circula do r e sd e ar,
2C.80.42.02,Cortinasd e ar,
2C.80.42.02.02,Cortina de araqu e cido,
2C.80.42.02.06,Cortina de arnãoaqu e cido,
2C.80.42.06,Sopra do r e s,
2C.80.42.06.02,Sopradorpermanent em e nt e instalado,
2C.80.42.06.06,Sopra do rportátil,
2C.80.42.10,Coifas,
2C.80.42.10.02,Coifadet e to,
2C.80.42.10.06,Coifadefumaçaquímica,
2C.80.42.10.10,Coifadefumaça de ácidop e rclórico,
2C.80.42.10.14,Coifadefumaça de isótopo de rádio,
2C.80.42.10.18,Coifadetubor e spiratório,
2C.80.42.10.22,Coifadegordura,
2C.80.42.14,Coifasd e sist em acorta-fogo,
2C.80.42.14.02,Sist em ade e xtinção de incêndioporcoifade e xaustão química,
2C.80.42.14.06,Sist em ade e xtinção de incêndioporcoifade e xaustãode gás,
2C.80.42.14,Ventila do r e s,
2C.80.42.14.02,Ventila do raxial,
2C.80.42.14.06,Ventila do rc e ntrífugo,
2C.80.42.18,Ventila do r e sdeforça,
2C.80.42.18.02,Ventila do rdeforçac e ntrífugo,
2C.80.42.18.06,Ventila do rdeforça de hélice,
2C.80.46,Unidadesd e v e ntilação para AVAC,
2C.80.46.02,Unidadesd e v e ntilação,
2C.80.46.02.02,Unidadedev e ntilação para r e sfriamento,
2C.80.46.02.06,Unidadedeventilação para aqu e cimento,
2C.80.46.02.10,Unidadedev e ntilação para r e sfriamento e aqu e cimento,
2C.80.50,Serp e ntinas para AVAC,
2C.80.50.02,Serp e ntinas para ar-condicionado,
2C.80.50.02.02,Serp e ntina para ar-condiciona do aglicol,
2C.80.50.02.06,Serp e ntina para ar-condiciona do avapor,
2C.80.50.02.10,Serp e ntina para ar-condiciona do aágua,
2C.80.54,Unidadescond e nsa do ras para refrig e ração,
2C.80.54.02,Unidadesdeventilação e cond e nsaçãotipopackag e d pararefrig e ração,
2C.80.54.06,Serpentinasd e cond e nsação para refrig e ração,
2C.80.54.10,Evapora do r e s para refrig e ração,
2C.80.58,Equipamentosd e ar-condicionado,
2C.80.58.02,Condiciona do r e sd e ar,
2C.80.58.02.02,Condiciona do rd e arambi e nte,
2C.80.58.06,Unidadesd e ar-condiciona do d e altapr e ssão,
2C.80.58.10,Unidadesde com posição de ar,
2C.80.58.10.02,Unidadede com posição de ar com calor,
2C.80.58.10.06,Unidadede com posição de ars em calor,
2C.80.58.14,Condicionador e sd e artipopackag e d,
2C.80.58.14.02,Condiciona do rd e artipopackag e ddual,
2C.80.58.14.06,Condicionadord e artipopackag e dsimpl e s,
2C.80.58.18,Terminaisd e ar-condiciona do tipopackag e d,
2C.80.58.18.02,Terminald e ar-condiciona do tipopackag e dfxadonochão,
2C.80.58.18.06,Unidade de ar-condicionado de t e rminaltipopackag e d portátil,
2C.80.58.18.10,Condicionadordeardeterminaltipopackag e dd e jan e la,
2C.80.58.22,Sist em asd e ar-condicionado do tiposplit,
2C.80.62,Terminaisd e v e ntilação para AVAC,
2C.80.62.02,Terminaisd e v e ntilaçãoforçada,
2C.80.62.02.02,Terminald e v e ntilaçãoforçada com armisturado,
2C.80.62.02.06,Terminald e v e ntilaçãoforça da s em armisturado,
2C.80.62.06,Terminaisd e v e ntilaçãoporindução,
2C.80.62.06.02,Terminaldev e ntilaçãoporinduçãoporvolum e d e ar constante,
2C.80.62.06.06,Terminaldev e ntilaçãoporinduçãoporvolum e d e ar variável,
2C.80.62.10,Caixasmistura do rasd e ar-condicionado,
2C.80.62.14,Terminaisd e v e ntilaçãonatural,
2C.80.62.14.02,Terminaldev e ntilaçãonaturalporvolum e d e arconstante,
2C.80.62.14.06,Terminaldev e ntilaçãonaturalporvolum e d e arvariável,
2C.80.62.18,Terminaisde e xaustão,
2C.80.66,Unidadescond e nsa do ras para AVAC,
2C.80.66.02,Unidadescond e nsa do ras para refrig e ração de ar,
2C.80.66.02.02,Unidadecond e nsa do ra para refrig e ração de arint e rior,
2C.80.66.02.06,Unidadecond e nsa do ra para refriGeração de ar e xt e rior,
2C.80.66.06,Unidadescondensa do ras e vapora do ras,
2C.80.66.10,Unidadecond e nsa do ra de refrig e ração,
2C.80.66.10.02,Unidadecond e nsa do ra de refrig e raçãoaarfrio,
2C.80.66.10.06,Unidadecond e nsa do ra de refrig e raçãoporáguafria,
2C.80.66.14,Unidadescond e nsa do rasd e águafria,
2C.80.66.14.02,Unidadecond e nsa do ra de águafriaint e rior,
2C.80.70,Resfria do r e s para AVAC,
2C.80.70.02,Refria do r e sas e co,
2C.80.70.06,Resfriadorescom e vapora do r e s,
2C.80.74,Seca do rasd e ar,
2C.80.74.02,Seca do r e saarrefrig e rado,
2C.80.74.06,Secadoresdessecantesr e g e n e rativos,
2C.80.78,Dutos e difusor e s para AVAC,
2C.80.78.02,Difusor e sd e v e ntilação,
2C.80.78.02.02,Difusordev e ntilação do t e to,
2C.80.78.02.06,Difusordev e ntilação da par e de,
2C.80.78.02.10,Difusord e v e ntilação do piso,
2C.80.78.06,Dutosd e v e ntilação,
2C.80.78.06.02,Duto de v e ntilaçãore do ndo,
2C.80.78.06.06,Duto de v e ntilaçãoquadrado,
2C.80.78.10,Painéisd e acessoaoduto,
2C.80.78.14,Mantas para isolamento de dutos,
2C.80.78.14.02,Mantaparaisolamento de cobrimento do duto,
2C.80.78.14.06,Manta para isolamentodeforraroduto,
2C.80.78.18,Coletor e sd e distribuição de duto,
2C.80.78.22,Res e rvatóriosde e xpansão de duto,
2C.80.78.22.02,Entrada e saí da d e ar,
2C.80.78.22.06,Palh e ta-guia de duto,
2C.80.78.22.10,Mistura do rd e ard e duto,
2C.80.78.22.14,Atenua do rd e somd e duto,
2C.80.78.26,Grelhas,
2C.80.78.26.02,Grelhade e xaustão de ar,
2C.80.78.26.06,Grelha de r e torno de ar,
2C.80.78.26.10,Grelha de insufamento de ar,
2C.80.78.26.14,Grelha de transferência de ar,
2C.80.78.30,Registrosd e v e ntilação,
2C.80.78.30.02,Registrodev e ntilaçãode e xaustão do ar,
2C.80.78.30.06,Registrodev e ntilação de r e torno,
2C.80.78.30.10,Registrodeventilação de insufamento do ar,
2C.80.78.34,Ventila do r e s,
2C.80.78.34.02,Ventila do rd e gravi da de,
2C.80.78.34.06,Ventila do rd e alívio e admissão,
2C.80.78.34.10,Ventila do rd e alívio,
2C.80.78.34.14,Ventila do rd e admissão,
2C.80.78.38,Acessórios para dutos,
2C.80.78.38.02,Conexãodeac e sso de duto de ar,
2C.80.78.38.06,União para duto de ar,
2C.80.78.38.10,Cabide para duto de ar,
2C.80.78.38.14,Suporte para duto de ar,
2C.80.78.38.18,Conexãom e cânica para duto de ar,
2C.80.82,Equipamentosesp e cializa do s para AVAC,
2C.80.82.02,Monitor e sd e gas e srefrig e rant e s,
2C.80.82.06,Unidadesd e purifcação de gas e srefrig e rant e s,
2C.80.82.10,Luzesultraviol e tas para d e sinfecção,
2C.80.86,Equipamentosdeaqu e cimentosolard e água,
2C.80.86.02,Unidadespackageddeaqu e cimentosolar da água,
2C.80.86.06,Componentesparacoletoresd e aqu e cimentosolarda água,
2C.80.86.06.02,Placadeabsorçãodeaquecimento de solar da água,
2C.80.86.06.06,Tubulaçãodeabsorçãodeaquecimento de solar da água,
2C.80.86.06.10,Revestimentoetratamento de sup e rfíciesd e aqu e cimento solar da água,
2C.80.86.06.14,Isolamentodecoletordeaqu e cimentosolar da água,
2C.80.86.06.18,Vidrodeaqu e cimentosolar da água,
2C.80.86.06.22,Localizaçãoeestruturadeaqu e cimentosolar da água,
2C.80.86.06.26,Refetordeaqu e cimentosolard e água,
2C.80.86.10,Unidadescoletorasdeaqu e cimentosolar da água,
2C.80.86.10.02,Coletordeplacalisadeaqu e cimentosolar da água,
2C.80.86.10.06,Coletordeconcentraçãodeaqu e cimentosolar da água,
2C.80.86.10.10,Col e tord e tuboavácuodeaqu e cimentosolard e água,
2C.80.90,EquipamentosdeRecuperaçãode e n e rgia,
2C.80.90.02,Canorecup e ra do rd e calor,
2C.80.90.06,Rodarecup e ra do ra de calor,
2C.82,Produtos parainstalaçõ e s e létricas e iluminação,
2C.82.02,Gera do r e s e létricos,
2C.82.02.02,Gerador e s e létricossimpl e s,
2C.82.02.02.02,Gera do r e létricom e cânico,
2C.82.02.02.06,Gera do r e létricoamotor,
2C.82.02.06,Máquinasgeradorasde e l e trici da de,
2C.82.02.06.02,Máquinaadieselparageraçãode e l e trici da de,
2C.82.02.06.06,Máquinaagásparageraçãode e l e trici da de,
2C.82.02.06.10,Máquinaagásnaturalparageraçãode e l e trici da de,
2C.82.02.06.14,Turbinaavaporparageraçãode e l e trici da de,
2C.82.02.10,Conjuntosparageraçãodeeletricida de poralt e rna do r,
2C.82.02.10.02,Conv e rsordefrequênciadecorr e nt e alt e rnada,
2C.82.02.10.06,Conjuntodegeradordecorr e nt e alt e rnada,
2C.82.02.10.10,Conjuntodegeradordecorr e nt e dir e ta,
2C.82.02.10.14,Conjunto de g e ra do rdefrequência e létricamúltipla,
2C.82.02.10.18,Conjuntodegeradord e voltag em e létricamúltipla,
2C.82.02.14,Conjuntosd em áquinasparageraçãode e l e trici da de,
2C.82.02.14.02,Conjuntod em áquinasparageraçãodeel e trici da d e a dies e l,
2C.82.02.14.06,Conjuntod em áquinasparageraçãodeel e trici da d e agás,
2C.82.02.14.10,Conjuntod em áquinasparageraçãodeel e trici da d e agás natural,
2C.82.02.14.14,Conjuntod em áquinasparageraçãodeel e trici da d e por turbinasavapor,
2C.82.02.14.18,Conjuntod em áquinastérmicas para g e raçãode eletrici da de,
2C.82.02.14.22,Conjuntod em áquinasparageraçãodeel e trici da d e por hidroturbinas,
2C.82.02.14.26,Conjuntod em áquinasparageraçãodeel e trici da d e por aerog e ra do r e s,
2C.82.02.18,Gera do r e sfotovoltaicos,
2C.82.02.18.02,Célulafoto e létrica,
2C.82.02.18.06,painelfoto e létrico,
2C.82.02.18.10,Matrizfotovoltaica,
2C.82.02.18.14,Col e torfotovoltaico,
2C.82.06,Transforma do r e s,
2C.82.06.02,Transformador e sd e corr e nte,
2C.82.06.06,Transformador e sd e instrumentos,
2C.82.06.06.02,Transformadorparainstrumento de corr e nte,
2C.82.06.06.06,Transformador para instrumento de pulso,
2C.82.06.06.10,Transformadorparainstrumento de t e nsão,
2C.82.06.10,Transformadoresd e r e de e létrica,
2C.82.06.10.02,Transformadordeisolamento da r e de e létrica,
2C.82.06.10.06,Transformadordedescida da r e de e létrica,
2C.82.06.10.10,Transformadordesubida da r e de e létrica,
2C.82.06.14,Transforma do r e sd e potência,
2C.82.06.14.02,Transformadord e at e nuaçãoharmônica de potência,
2C.82.06.14.06,Transformadord e isolamento de potência,
2C.82.06.14.10,Transformadord e caí da d e potência,
2C.82.06.14.14,Transformadord e subi da d e potência,
2C.82.06.18,Acessórios para transforma do r e s,
2C.82.06.18.02,Comuta do rd e transforma do r,
2C.82.06.18.06,Reatord e transforma do r,
2C.82.10,Motor e s e létricos,
2C.82.10.02,Motoresdecorr e nt e alt e rnada,
2C.82.10.02.02,Motormonofásicodecorr e nt e alt e rnada,
2C.82.10.02.06,Motortrifásicodecorr e nt e alt e rnada,
2C.82.10.06,Motoresd e corr e nt e contínua,
2C.82.10.06.02,Motorsemescova de corr e nt e contínua,
2C.82.10.06.06,Motorcomposto de corr e nt e contínua,
2C.82.10.06.10,Motorsemnúcleo de corr e nt e contínua,
2C.82.10.06.14,Motordetorquedecorrent e contínuas em núcl e ocom ângulolimitado,
2C.82.10.06.18,Motorlineard e corr e nt e contínua,
2C.82.10.06.22,Motordecorrent e contínuamagnéticop e rman e nte,
2C.82.10.06.26,Motordecorr e nt e contínua em série,
2C.82.10.06.30,Motordecorrentecontínua em para l e lo,
2C.82.10.06.34,Motordecorr e nt e contínua de passo,
2C.82.10.10,Servo-motoresd e corr e nt e contínua,
2C.82.10.14,Motor e sadínamo,
2C.82.10.18,Motor e sporacionamentohidráulico,
2C.82.10.22,Motor e sporacionamentopn e umático,
2C.82.10.26,Motor e smovi do savapor,
2C.82.14,Driv e rsinv e rsor e sdefrequência,
2C.82.14.02,Driverscontroladoresdeveloci da de eletrônicapor corr e nt e contínua,
2C.82.14.06,Driverscontrolador e spord e slizamento,
2C.82.14.10,Driv e rsdefrequênciavariável,
2C.82.14.10.02,Driv e rsdefrequênciavariáveld e largura de pulso,
2C.82.14.10.06,Driv e rsdefrequênciavariávelde e ntra da defont e de corr e nte,
2C.82.14.10.10,Driv e rsdefrequênciavariáveldeentra da d e voltag em variável,
2C.82.18,Bat e rias,
2C.82.18.02,Racksd e bat e ria,
2C.82.18.06,Bat e riasnãor e carr e gáveis,
2C.82.18.06.02,Bat e riaalcalina,
2C.82.18.06.06,Bat e ria de células e ca,
2C.82.18.06.10,Bat e ria de lítio,
2C.82.18.06.14,Bateria de óxi do d e prata,
2C.82.18.06.18,Bat e ria de ard e zinco,
2C.82.18.06.22,Bat e ria de zinco-carvão,
2C.82.18.10,Bat e riasr e carr e gáveis,
2C.82.18.10.02,Bat e riaalcalina,
2C.82.18.10.06,Bat e ria de chumbo-ácido,
2C.82.18.10.10,Bat e ria de lítio,
2C.82.18.10.14,Bat e riad em anganês,
2C.82.18.10.18,Bateriadeóxi do d em e rcúrio,
2C.82.18.10.22,Bat e ria de níqu e l-cádmio,
2C.82.18.10.26,Bat e ria de níqu e l-hidrogênio,
2C.82.18.10.30,Bat e ria de níqu e l-ferro,
2C.82.18.10.34,Bat e ria de níqu e l-hidr e tom e tálico,
2C.82.18.10.38,Bateriadecloreto de sódio de níqu e l,
2C.82.18.10.42,Bateria de óxi do d e prata,
2C.82.22,Carregador e sd e bat e ria,
2C.82.26,Equipamentosd e condicionamentodeforça,
2C.82.26.02,Dispositivosd e control e d e harmônicas,
2C.82.26.02.02,Filtrodesupr e ssão de int e rferência e létrica,
2C.82.26.02.06,Filtro de harmônica,
2C.82.26.06,Conv e rsor e sd e potência,
2C.82.26.06.02,Conv e rsorrotativo,
2C.82.26.10,Conv e rsor e s e státicosd e alim e ntação,
2C.82.26.10.02,Retifcador e stático,
2C.82.26.10.06,Ondula do r,
2C.82.26.10.10,Conjuntoconv e rsor com binado,
2C.82.26.10.14,Controladormovi do acorr e nt e contínua(cc),
2C.82.26.10.18,Controladord e d e slizamento,
2C.82.26.10.22,Conv e rsordefrequência e stática,
2C.82.26.10.26,Alimentadordeen e rgiainint e rrupto e stático,
2C.82.26.10.30,Controla do rdefrequênciavariável,
2C.82.26.10.34,Carr e ga do rdefrequência,
2C.82.26.10.38,Unidade de alim e ntaçãoinint e rruptarotativa,
2C.82.26.14,Inv e rsor e sd e potência,
2C.82.26.14.02,Inv e rsor com uta do r,
2C.82.26.14.06,Inv e rsorde e sta do sólido,
2C.82.26.18,Dispositivosd e Correçãodefatord e potência,
2C.82.26.18.02,DispositivodeCorreção de potênciacapacitiva e indutiva,
2C.82.26.18.06,Dispositivo de Correção de potênciacapacitiva,
2C.82.26.18.10,Dispositivo de Correção de potênciaindutiva,
2C.82.26.18.14,Capacitor,
2C.82.26.18.18,Control e dofatord e potência(coss e nophi),
2C.82.26.22,Unidadesdefonte de alim e ntaçãoinint e rrupta(UPS),
2C.82.26.22.02,Sistema com pon e nt e defonte de alim e ntaçãoinint e rrupta,
2C.82.26.22.06,Uni da de em bala da defonte de alim e ntaçãoinint e rrupta,
2C.82.30,Equipamentoselétricos para controle e instrum e ntação,
2C.82.30.02,Medi do r e s e létricos,
2C.82.30.02.02,Medi do rd e potência,
2C.82.30.02.06,Medi do rd e t e nsão,
2C.82.30.02.10,Medi do rd e r e sistência,
2C.82.30.02.14,Medi do rdefrequência,
2C.82.30.02.18,Multim e di do r,
2C.82.30.02.22,Medi do rd e corr e nte,
2C.82.30.02.26,Medidord e amp e rag em hora,
2C.82.30.02.30,Medi do rdefatord e potência,
2C.82.30.02.34,Medi do rde e n e rgia(kWh),
2C.82.30.02.38,Medi do rd em últiplatarifa,
2C.82.30.02.42,Energia e létrica de consumoforn e ci da porconc e ssionária,
2C.82.30.06,Dispositivosdegravaçãode e n e rgia e létrica,
2C.82.30.06.02,Grava do rwatthora,
2C.82.30.10,Módulosdeproteção de r e de e létrica,
2C.82.30.14,Módulosdeproteçãode e n e rgia e létrica,
2C.82.30.18,Dispositivosd e igniçãod em otor e s,
2C.82.30.22,Controla do r e slógico-programáveis,
2C.82.30.26,Painéisd e controle e létrico,
2C.82.30.26,Conjuntossup e rvisord e linha e létrica,
2C.82.34,Pontos e létricos,
2C.82.34.02,Toma da s e létricas,
2C.82.34.02.02,Unidadet e rminald e tomada e létrica,
2C.82.34.02.06,Toma da defalha do solo,
2C.82.34.02.10,Cabode e xt e nsão e létrica,
2C.82.34.02.14,Acessório de tomada e létrica,
2C.82.34.06,Con e ctor e s e létricostipoplugue,
2C.82.38,Disjuntor e s,
2C.82.38.02,Disjuntor e sd e ar,
2C.82.38.02.02,Disjuntordearder e d e d e distribuição,
2C.82.38.02.06,Disjuntordeard e distribuiçãode e n e rgia,
2C.82.38.06,Disjuntor e sagás,
2C.82.38.06.02,Disjuntoragásder e d e d e distribuição,
2C.82.38.06.06,Disjuntoragásdedistribuiçãode e n e rgia,
2C.82.38.10,Disjuntor e sdefalha de solo,
2C.82.38.14,Disjuntord e caixamol da da,
2C.82.38.14.02,Disjuntord e caixamol da da,
2C.82.38.18,Disjuntor e saól e o,
2C.82.38.18.02,Disjuntoraóleor e d e d e distribuição,
2C.82.38.18.06,Disjuntoraóleo de distribuiçãode e n e rgia,
2C.82.38.22,Disjuntor e savácuo,
2C.82.38.22.02,Disjuntoravácuoder e d e d e distribuição,
2C.82.38.22.06,Disjuntoravácuo de distribuiçãode e n e rgia,
2C.82.38.26,Prot e tor e sdefalhanosolo,
2C.82.38.30,Protetor e sd e r e de,
2C.82.38.34,Desconectores da r e de e létrica,
2C.82.38.34.02,Desconector da r e de e létricaaar,
2C.82.38.34.06,Desconector da r e de e létricaavácuo,
2C.82.38.34.10,Desconector da r e de e létricaagás,
2C.82.38.38,Fusív e is,
2C.82.38.38.02,painelfusív e l,
2C.82.38.38.06,Porta-fusív e l,
2C.82.40,Dispositivosdedistribuiçãode e n e rgia e létrica,
2C.82.40.02,Dispositivosdealim e ntaçãode e n e rgia,
2C.82.40.06,Quadrosd e paineld e distribuição,
2C.82.40.10,Quadrosdepaineld e distribuição e létrico,
2C.82.40.14,Painéis e létricos,
2C.82.40.18,Soquetesdemedidord e painel e létrico,
2C.82.40.22,Centrosd e carga,
2C.82.40.26,Centrosd e control e d em otor,
2C.82.40.30,Conjuntosdemontagemdemonitoramento e control e de potência,
2C.82.40.34,Unidadesd e distribuiçãode e n e rgia,
2C.82.40.34.02,Unidadededistribuiçãodeen e rgia de s e çãomúltipla,
2C.82.40.34.06,Unidade de distribuiçãode e n e rgiaautônoma,
2C.82.40.38,Quadros,
2C.82.40.38.02,Quadro de distribuição,
2C.82.40.38.06,Quadro para l e lo,
2C.82.40.42,Comuta do r e s,
2C.82.40.42.02,Comuta do rd e distribuição,
2C.82.40.42.06,Comutadordedistribuição em para l e lo,
2C.82.40.46,Barramentos e létricos,
2C.82.40.46.02,Barramento e létrico de alumínio,
2C.82.40.46.06,Barramento e létrico de cobre,
2C.82.40.50,Alimenta do r e s e létricos,
2C.82.44,Component e sd e via para cabosefos,
2C.82.44.02,Equipamentos para p e n e traçãode,
2C.82.44.06,Componentescondutoresde e l e trici da de,
2C.82.44.06.02,Trilhocondutorde e l e trici da de,
2C.82.44.06.06,Acoplamentodecondutorde e l e trici da de,
2C.82.44.06.10,Isolantedecondutorde e l e trici da de,
2C.82.44.06.14,Fio de suporte e létrico,
2C.82.44.06.18,Fixa do rm e cânico de condutor,
2C.82.44.10,Caixasd e junção e létrica,
2C.82.44.10.02,Caixadejunção e létrica do t e to,
2C.82.44.10.06,Caixadejunção e létrica de par e de,
2C.82.44.14,Cabos e létricos,
2C.82.44.14.02,Enrola do rd e cabos e létrico,
2C.82.44.14.06,Fixa do rm e cânico para conduíte,
2C.82.44.14.10,Fixadormecânico para o e ntroncamento,
2C.82.44.18,Band e jasd e cabos e létricos,
2C.82.44.22,Barrascondutorasde e l e trici da de,
2C.82.44.22.02,Barracondutora de alumínio e létrica,
2C.82.44.22.06,Barracondutoradeeletrici da d e d e cobre,
2C.82.44.26,Rackscondutoresde e l e trici da de,
2C.82.44.26.02,Rack e létricohorizontal,
2C.82.44.26.06,Rack e létricov e rtical,
2C.82.44.30,Condutoresde e l e trici da de,
2C.82.44.30.02,Condutor(canal e ta)deeletrici da d e d e pisoradiante,
2C.82.44.30.06,Canaletav e rtical para cabos e létricos,
2C.82.44.30.10,Canal e tahorizontal para cabos e létricos,
2C.82.44.30.14,Sistemacondutordeeletricidadedegr e lha de t e to,
2C.82.48,Contator e s e létricos,
2C.82.52,Int e rruptor e s e létricos,
2C.82.52.02,Int e rruptor e sd e transferênciaautomática,
2C.82.52.02.02,Int e rruptord e transferênciaautomática de procurade potêncianormal,
2C.82.52.02.06,Int e rruptord e transferênciaautomática de procurade potência,
2C.82.52.06,Int e rruptor e sd e transferênciamanual,
2C.82.52.10,Int e rruptor e sd e cilindro,
2C.82.52.14.02,Interruptord e chav e d e cilindro,
2C.82.52.18,Interruptoresd e control e pordimm e r,
2C.82.52.18.02,Reostato de dimm e rd e iluminação,
2C.82.52.18.06,Dimmerd e iluminação de con e xãomúltipla,
2C.82.52.18.10,Dimm e r(regula do rd e t e nsão),
2C.82.52.22,Int e rruptor e sd e inércia,
2C.82.52.22.02,Int e rruptord e inérciacomfusív e l,
2C.82.52.22.06,Int e rruptord e inércias e mfusív e l,
2C.82.52.26,Int e rruptor e satambor,
2C.82.52.30,Int e rruptor e sd e fuxo,
2C.82.52.34,Interruptoresdechav e d e bloqu e io,
2C.82.52.38,Int e rruptor e sd e limite,
2C.82.52.38.02,Int e rruptord e nív e l,
2C.82.52.38.06,Int e rruptord e lâmina,
2C.82.52.42,Int e rruptor e sporsist em asdefaçãomodular,
2C.82.52.46,Int e rruptor e sdefotocélula,
2C.82.52.50,Interruptor e sd e pr e ssão(pressostato),
2C.82.52.50.02,Int e rruptord e pr e ssãodiferencial,
2C.82.52.54,Interruptor e sd e duasposiçõ e s(liga/desliga),
2C.82.52.54.02,Int e rruptord em e rcúrio,
2C.82.52.58,Interruptor e sd e tempo,
2C.82.52.60,Interruptor e sd e pe da l,
2C.82.52.62,Joysticks,
2C.82.52.64,Interruptor e sd e control e lógicoprogramável,
2C.82.52.66,Sensor e sd e proximi da de,
2C.82.52.68,Interruptor e sd e puxaracorr e nte,
2C.82.52.70,Interruptor e sd e t e cla,
2C.82.52.72,Int e rruptor e sdefrequência de rádio,
2C.82.52.74,Int e rruptor e sd e girar,
2C.82.52.76,Interruptor e sd e d e slizar,
2C.82.52.78,Interruptor e sd e pr e ssão,
2C.82.52.80,Interruptoresd e v e loci da de,
2C.82.52.82,Interruptor e sd e Proteção,
2C.82.52.84,Interruptoresd e t em p e ratura,
2C.82.52.86,Int e rruptor e savácuo,
2C.82.56,Dispositivosdeproteçãode e n e rgia e létrica,
2C.82.56.02,Dispositivosparaat e rramento e létrico,
2C.82.56.06,Eletrodosdeconexão de at e rramento,
2C.82.56.06.02,Placadeat e rramento e létrico,
2C.82.56.06.06,Hastedeat e rramento e létrico,
2C.82.56.10,Dispositivosd e Proteção contraraios,
2C.82.56.10.02,Atratord e raios,
2C.82.56.10.06,Hast e d e para-raios,
2C.82.56.14,Dispositivosd e Proteção contrasurtos,
2C.82.60,Equipamentosd e isolamento e létrico,
2C.82.60.02,Equipamentosparaestrangulamento eletrônico,
2C.82.60.06,Equipamentosconv e rsor e sd e sinal,
2C.82.64,Relés e létricos,
2C.82.64.02,Relésd e Proteçãoauxiliar,
2C.82.64.06,Relésd e controle,
2C.82.64.10,Relésdiferenciaisd e corr e nte,
2C.82.64.10.02,Reléde e sta do sóli do diferenciald e corr e nte,
2C.82.64.14,Relésindustriais,
2C.82.64.18,Relésdefalhanosolo,
2C.82.64.18.02,Reléde e sta do sóli do defalhanosolo,
2C.82.64.22,Relésde de scarr e gamento,
2C.82.64.26,Relésd e bloqu e io,
2C.82.64.30.02,Relédebloqueioderestab e l e cimentoautomático,
2C.82.64.34.06,Relédebloqueioderestab e l e cimentomanual,
2C.82.64.38,Relésd em e rcúrio,
2C.82.64.42,Relésd e sobr e corr e nte,
2C.82.64.42.02,Relédediscodeinduçãoesobrecorr e nt e dir e cional,
2C.82.64.42.06,Relédediscodeindução e sobr e corr e nte,
2C.82.64.42.10,Relétérmico de sobr e corr e nte,
2C.82.64.42.14,Relédeestadosólido de sobr e corr e nte,
2C.82.64.46,Relésd e sobr e carga,
2C.82.64.46.02,Relédeestadosóli do d e sobr e carga,
2C.82.64.50,Relésdefalhadefase,
2C.82.64.50.02,Reléde e sta do sóli do defalhadefase,
2C.82.64.54,Relésd e potência,
2C.82.64.58,Relésd e tempo,
2C.82.64.58.02,Relédetempodecorrent e r e v e rsa,
2C.82.64.58.06,Relédetempo de potênciar e v e rsa,
2C.82.64.58.10,Reléd e tempodefatord e potência,
2C.82.64.62,Relésd e voltag e m,
2C.82.64.62.02,Reléd e baixavoltag e m,
2C.82.64.62.06,Reléd e altavoltag e m,
2C.82.64.62.10,Reléd e alta e baixavoltag e m,
2C.82.68,Iluminaçãonão e létrica,
2C.82.68.02,Lant e rnas,
2C.82.68.02.12,Lant e rna de álcool,
2C.82.68.02.14,Lant e rna de butano,
2C.82.68.02.16,Lanterna de qu e ros e ne,
2C.82.68.02.18,Lant e rna de gásnatural,
2C.82.68.02.20,Lant e rna de propano,
2C.82.68.06,Tochas,
2C.82.68.06.02,Tocha de álcool,
2C.82.68.06.06,Tocha de butano,
2C.82.68.06.10,Tocha de qu e ros e ne,
2C.82.68.06.14,Tocha de gásnatural,
2C.82.68.06.18,Tocha de propano,
2C.82.68.10,Lamparinas,
2C.82.68.10.02,Lamparinaaálcool,
2C.82.68.10.06,Lamparina de butano,
2C.82.68.10.10,Lamparina de qu e ros e ne,
2C.82.68.10.14,Lamparina de gásnatural,
2C.82.68.10.18,Lamparina de propano,
2C.82.68.14,Tubossolar e s,
2C.82.68.18,Luminárias e stroboscópicas,
2C.82.72,Iluminação e létrica,
2C.82.72.02,Luminárias,
2C.82.72.02.02,Luminária para usog e ral,
2C.82.72.02.02.02,Lumináriamontada,
2C.82.72.02.02.06,Lumináriaint e grada,
2C.82.72.02.06,Lumináriaà provad’água-IP68,
2C.82.72.02.10,"Lumináriaà prova de tempo,gas e s e vapor e s",
2C.82.72.02.14,Luminária de corativa,
2C.82.72.02.18,Lumináriaà provade e xplosão,
2C.82.72.02.22,Luminária para iluminação de áreasp e rigosas,
2C.82.72.02.26,Luminária para iluminação de s e gurança,
2C.82.72.02.30,Lumináriaparaaplicaçõ e s e sp e ciais,
2C.82.72.06,Luminárias para iluminaçãode em e rgência,
2C.82.72.06.02,Luminária para iluminaçãode em e rgênciadefaçãorígida,
2C.82.72.06.06,Lumináriaparailuminaçãodeem e rgência com bat e ria res e rva,
2C.82.72.06.10,Faixadeiluminaçãor e trorr e f e xiva,
2C.82.72.06.14,Luminária para iluminaçãode em e rgênciatipo estroboscópica,
2C.82.72.10,Sinaliza do r e sluminososd e saída,
2C.82.72.10.02,Sinalizadorluminosodesaídacombat e riar e s e rva,
2C.82.72.10.06,Sinalizadorluminosodesaída com r e s e rvadefação rígida,
2C.82.72.10.10,Sinaliza do rluminoso de saí da autoiluminado,
2C.82.72.14,Luminárias para iluminaçãoporfbraótica,
2C.82.72.18,Sinaliza do r e sluminosospara comunicação,
2C.82.72.18.02,Quadrosinaliza do r,
2C.82.72.22,Acessóriosparainstalação em ontag em d e luminárias,
2C.82.72.22.02,Suporte,
2C.82.72.22.06,Difusord e luz,
2C.82.72.22.10,Reator,
2C.82.72.22.14,Trilho para iluminação,
2C.82.72.26,Lâmpa da s,
2C.82.72.26.02,Lâmpa da halóg e na,
2C.82.72.26.06,Lâmpa da incand e sc e nte,
2C.82.72.26.10,Lâmpa da d e d e scarga,
2C.82.72.26.14,Lâmpa da aLED,
2C.84,Produtos paratele com unicaçõ e s e automação,
2C.84.02,Componentesdeviadet e le comunicação e informação,
2C.84.02.02,Componentesdepen e tração para instalação de viade comunicação,
2C.84.02.06,Band e jasd e cabode comunicação,
2C.84.02.10,Racksde comunicação,
2C.84.02.10.02,Rackd e t e cnologia da informação,
2C.84.02.10.06,Rackd e t e lefone,
2C.84.02.10.10,Equipamentodefbraóptica,
2C.84.02.14,Canal e tasde comunicação,
2C.84.02.14.02,Condutord e t e cnologia da informação,
2C.84.02.14.06,Condutord e t e le comunicação,
2C.84.02.14.10,Sinalizaçãovisual com pl e ta,
2C.84.06,Equipamentosd e t e cnologia da informação,
2C.84.06.02,Computa do r e sp e ssoais,
2C.84.06.02.02,Computa do rd e sktop,
2C.84.06.02.06,Computa do rportátil/not e book/laptop,
2C.84.06.02.10,Tabl e t,
2C.84.06.02.14,Computa do rtipotorre em pilhável,
2C.84.06.02.18,Workstation,
2C.84.06.02.22,PDA(Assist e nt e P e ssoalDigital),
2C.84.06.02.26,Componenteinternodeum com puta do rp e ssoal,
2C.84.06.06,Dispositivosdesegurançaderede e de com puta do r pessoal,
2C.84.06.06.02,Fir e wallde com puta do r,
2C.84.06.06.06,Dispositivodedetecção de intrusãode com puta do r,
2C.84.06.06.10,DispositivodeProteçãoaintrusãode com puta do r,
2C.84.06.10,Dispositivosd e r e d e local,
2C.84.06.10.02,Ponte de r e d e local,
2C.84.06.10.06,Equipamentodecomunicação de r e d e local,
2C.84.06.10.10,Unidadededisco de r e d e local,
2C.84.06.10.14,Hubd e r e d e local,
2C.84.06.10.18,Balanceadordecarga de r e d e local,
2C.84.06.10.22,Roteadord e r e d e local,
2C.84.06.10.26,Servidord e r e d e local,
2C.84.06.10.30,Servi do rNAS(Network-attach e ds e rv e r),
2C.84.06.10.34,Switchd e r e d e local,
2C.84.06.10.38,Unidadedefta de r e d e local,
2C.84.06.10.42,Dispositivos e mfoemr e d e local,
2C.84.06.10.46,Cabo de r e d e local(Eth e rn e t),
2C.84.06.14,Dispositivosder e d e d e longadistância,
2C.84.06.14.02,Ponteder e d e d e longadistância,
2C.84.06.14.06,Equipamentodecomunicaçãoder e d e d e longadistância,
2C.84.06.14.10,Unidadedediscoder e d e d e longadistância,
2C.84.06.14.14,Hubder e d e d e longadistância,
2C.84.06.14.18,Balanceadordecargader e d e d e longadistância,
2C.84.06.14.22,Roteadorder e d e d e longadistância,
2C.84.06.14.26,Servidorder e d e d e longadistância,
2C.84.06.14.30,Switchder e d e d e longadistância,
2C.84.06.14.34,Unidadedeftasder e d e d e longadistância,
2C.84.06.14.38,Dispositivos e mfoemr e d e d e longadistância,
2C.84.06.18,Dispositivosdearmazenamento de dados,
2C.84.06.18.02,Unidadeótica,
2C.84.06.18.06,Unidade de discorígido,
2C.84.06.18.10,Unidade de m em óriafash,
2C.84.06.18.14,Unidadedeftade com puta do r,
2C.84.06.22,Monitor e s,
2C.84.06.22.02,Monitord e t e laLED,
2C.84.06.22.06,Monitord e t e la de cristallíquido(LCD),
2C.84.06.22.10,Monitord e tubo de raiocatódico,
2C.84.06.26,Impr e ssoras,
2C.84.06.26.02,Impr e ssoraalas e r,
2C.84.06.26.06,Impr e ssorajato de tinta,
2C.84.06.26.10,Plott e r/Impr e ssora para grand e sformatos,
2C.84.06.30,Scann e rs,
2C.84.06.34,Equipamentosd e informática de vi de oconferência,
2C.84.10,Equipamentosaudiovisuais,
2C.84.10.02,Câm e rasfotográfcas,
2C.84.10.02.02,Câm e raanalógica,
2C.84.10.02.06,Câm e radigital,
2C.84.10.06,Câmera de gravação de víd e o,
2C.84.10.06.02,Câmeradegravaçãodevídeo com Armazenamento digital,
2C.84.10.06.06,CâmeradegravaçãodevídeocomArmazenamento em fta,
2C.84.10.10,Leitor e sd em úsicadigital,
2C.84.10.14,Equipamentosd e proj e ção,
2C.84.10.14.02,Tela de proj e ção,
2C.84.10.14.06,Suportedet e la de proj e ção,
2C.84.10.18,Projetor e sd e víd e o,
2C.84.10.18.02,Projetordesli de d e víd e o,
2C.84.10.18.06,Proj e tord e víd e oalto,
2C.84.10.18.10,Proj e tordeflme de víd e o,
2C.84.10.18.14,Projetordesli de d e víd e o,
2C.84.10.18.18,Proj e tord e víd e odigital,
2C.84.10.22,Grava do r e sd e áudio e víd e o,
2C.84.10.22.02,Grava do rd e áudio,
2C.84.10.22.06,Grava do rd e víd e o,
2C.84.10.22.10,Grava do rd e áudio e víd e o,
2C.84.10.26,Equipamentos e stér e o,
2C.84.10.26.02,Amplifcador e stér e o,
2C.84.10.26.06,painel e stér e o,
2C.84.10.26.10,Alto-falante e stér e o,
2C.84.10.30,Tel e visor e s,
2C.84.10.30.02,Tel e visord e tubo de raiocatódico,
2C.84.10.30.06,Televisord e t e la de cristallíquido,
2C.84.10.30.10,Televisord e t e la de plasma,
2C.84.10.30.14,Tel e visord e t e laLED,
2C.84.10.30.18,SmartTV,
2C.84.10.30.22,Televisordet e la de proj e ção,
2C.84.10.30.26,Suporte de t e l e visão,
2C.84.10.34,Equipamentosd e gravação de víd e o,
2C.84.10.38,Equipamentosd e áudio,
2C.84.10.42.02,Equipamento de reforço de som,
2C.84.10.42.06,Fon e d e ouvido,
2C.84.10.42.10,Unidade de r e produção de áudio,
2C.84.14,Equipamentosd e transmissão de informaçãoporáudio,
2C.84.14.02,Dispositivosd e transmissão de sons,
2C.84.14.06,Dispositivosd e transmissão de sinaissonoros,
2C.84.14.06.02,Sino,
2C.84.14.06.06,Carrilhão,
2C.84.14.06.10,Sir e ne,
2C.84.14.06.14,Ant e nas,
2C.84.14.06.14.02,Antena de t e l e visão,
2C.84.14.06.14.06,Ant e na de rádio,
2C.84.14.06.14.10,Antenadet e le com unicaçõ e s,
2C.84.14.06.18,Caixa de som/alto-falante,
2C.84.14.10,Equipamentosde comunicação com público,
2C.84.14.10.02,Microfonecomfo,
2C.84.14.10.06,Microfones e mfo,
2C.84.14.10.10,Megafone,
2C.84.18,Sist em asd e informaçãovisual,
2C.84.18.02,Monitoresdevíd e o de tubo de raiocatódico,
2C.84.18.06,Monitoresdevídeo de t e la de cristallíquido(LCD),
2C.84.18.10,Monitoresdevídeo de t e la de plasma,
2C.84.18.14,Pare de sd e víd e o,
2C.84.22,Sist em asaudiovisuais,
2C.84.22.02,Equipamentosder e c e pção de radiodifusão,
2C.84.22.06,Projetor e sd e cin em a,
2C.84.22.10,Projetor e smultimídia de dados,
2C.84.22.14,Reprodutor e sd e víd e o,
2C.84.26,Equipamento de t e le comunicação,
2C.84.26.02,Equipamentosd e t e lefonias e mfo,
2C.84.26.02.02,Telefones e mfo,
2C.84.26.02.06,Carrega do rd e t e lefones e mfo,
2C.84.26.06,Equipamentosd e t e lefoniac e lular,
2C.84.26.06.02,Telefonec e lular,
2C.84.26.06.06,Carrega do rd e t e lefonec e lular,
2C.84.26.10,Telefones,
2C.84.26.10.02,Telefone de linhaúnica,
2C.84.26.10.06,Telefone de linhamúltipla,
2C.84.26.14,Equipamento de t e lefoniacomfo,
2C.84.26.14.02,Centralt e lefônicaPABX,
2C.84.26.14.06,Patchpan e l para t e lefonia,
2C.84.26.14.10,Cabo para t e lefonia,
2C.84.26.22,Equipamentosd e radiodifusão,
2C.84.26.22.02,Cabin e d e rádio,
2C.84.26.22.06,Emissortransmissão de rádio,
2C.84.26.22.10,Rec e ptord e transmissão de rádio,
2C.84.26.22.14,Estação-bas e d e radio comunicação,
2C.84.26.22.18,Microfonedechama da d e radio comunicação,
2C.84.26.22.22,Torr e d e transmissão,
2C.84.26.26,Equipamentosd e radio comunicação,
2C.84.26.26.02,Equipamentode comunicaçãoinfrav e rm e lho de rádio,
2C.84.26.26.06,Equipamento de radio comunicação de satélite,
2C.84.26.26.10,Equipamentode comunicação de rádios e mfo,
2C.84.26.26.14,Torredeant e na de radio comunicação,
2C.84.26.26.18,Torre de transmissão de radio comunicação,
2C.84.26.30,Equipamentosd e transmissãoporsatélite,
2C.84.26.30.02,Parabólica de transmissãoporsatélite,
2C.84.30,Equipamentosd e transmissõ e sd e rádioout e l e visão,
2C.84.30.02,Circuitosde comunicação de transmissão,
2C.84.30.06,Equipamentosdeint e r comunicação de transmissão,
2C.84.30.10,Equipamentosdeprocessamento de dados e de comunicação de transmissão,
2C.84.30.14,Equipamentosderecepção e d e cabo de transmissãode radiodifusão,
2C.84.30.18.02,Amplifcadoresderec e pção e cabo de transmissãode radiodifusão,
2C.84.30.18.06,Moduladoresderec e pção e cabo de transmissãode radiodifusão,
2C.84.30.18.10,Controlederecepção e d e cabo de transmissãode radiodifusão,
2C.84.30.22,Equipamentosderec e pção e d e transmissãode radiodifusão,
2C.84.30.22.02,Transmissor e sd e radiodifusão,
2C.84.30.22.06,Ant e nasd e radiodifusão,
2C.84.30.22.10,Amplifcador e sd e radiodifusão,
2C.84.30.22.14,Equipamento para control e d e radiodifusão,
2C.84.30.26,Equipamentosderec e pção e transmissãod em icro-onda deradiodifusão,
2C.84.30.26.02,Transmissor e sd em icro-ondasd e radiodifusão,
2C.84.30.26.06,Ant e nasd em icro-ondasd e radiodifusão,
2C.84.30.26.10,Parabólicasd e radiodifusão,
2C.84.30.26.14,Amplifcador e sd em icro-onda de radiodifusão,
2C.84.30.26.18,Rec e ptor e sd em icro-onda de radiodifusão,
2C.84.30.30,Equipamentosd e radiodifusão,
2C.84.30.30.02,Equipamentodetransmissão de t e l e visão,
2C.84.30.30.06,Equipamento de transmissãomultimídia,
2C.84.30.30.10,Sinaisd e luz e sd e radiodifusão,
2C.84.34,Comunicaçãode em e rgência,
2C.84.34.02,Dispositivosd e notifcaçõ e sd e aprisionamento,
2C.84.34.06,Sist em asd e notifcaçõ e sd em assas,
2C.84.34.06.02,Dispositivo de notifcaçãode em e rgência,
2C.84.34.06.06,Notifcação de p e rigoimin e nte,
2C.84.34.10,Inter com unica do r e s,
2C.84.34.10.02,Inter com unica do r e sporáudio,
2C.84.34.10.06,Inter com unica do r e sporáudio e víd e o,
2C.84.34.14,Equipamentosdechama da sde em e rgências,
2C.84.34.14.02,Sistemadechamada para p e ssoas com defciência,
2C.84.34.14.06,Campainha de chama da de e nferm e ira,
2C.92,Produtosmultifuncionaise de usog e ral para construção,
2C.92.02,Agr e ga do sgranular e s,
2C.92.02.02,Areias,
2C.92.02.02.02,Areiafna,
2C.92.02.02.06,Areiamédia,
2C.92.02.02.10,Areiagrossa,
2C.92.02.02.14,Arenoso,
2C.92.02.06,Pedrasbrita da s,
2C.92.02.06.02,Pód e p e dra,
2C.92.02.06.06,Brita0/pedrisco,
2C.92.02.06.10,Brita1,
2C.92.02.06.14,Brita2,
2C.92.02.06.18,Brita3,
2C.92.02.06.22,Brita4,
2C.92.02.06.26,Britagraduada,
2C.92.02.06.30,Bicacorrida,
2C.92.02.06.34,Rachão,
2C.92.02.10,Cascalhos e s e ixos,
2C.92.02.10.02,Cascalho,
2C.92.02.10.06,Seixo,
2C.92.02.14,Agr e ga do siltoso,
2C.92.02.18,Agr e ga do argiloso,
2C.92.02.18.02,Argila e xpandida,
2C.92.06,Fibras,
2C.92.06.02,Fibrasm e tálicas,
2C.92.06.06,Fibrassintéticas,
2C.92.06.10,Fibrasnaturais,
2C.92.10,Aglom e rant e s e aditivos,
2C.92.10.02,Aglom e rant e s,
2C.92.10.02.02,Cimento,
2C.92.10.02.06,Cal,
2C.92.10.02.10,Asfalto/betume,
2C.92.10.02.14,Resinasa de sivas,
2C.92.10.02.18,Gesso,
2C.92.10.06,Aditivocim e ntício,
2C.92.10.06.02,Aditivocim e ntícioplastifcante,
2C.92.10.06.06,Aditivocimentícioret e ntord e umi da de,
2C.92.10.06.10,Aditivocim e ntícioincorpora do rd e ar,
2C.92.10.06.14,Aditivocimentícioretarda do rd e p e ga,
2C.92.10.06.18,Aditivocimentícioacelera do rd e p e ga,
2C.92.10.06.22,Aditivocim e ntícioimp e rm e abilizante,
2C.92.10.06.26,Aditivocim e ntíciocolorizante,
2C.92.10.06.30,Aditivocimentício para inj e çõ e s,
2C.92.10.06.34,Aditivocim e ntício para proj e ção,
2C.92.10.06.38,Aditivocim e ntícioantia de r e nte,
2C.92.10.06.42,Aditivocim e ntícioa de sivo,
2C.92.10.06.46,Aditivosubstitutivoaocimento,
2C.92.10.06.50,Pigmentos para concr e to e argamassa,
2C.92.10.10,Aditivo para g e sso,
2C.92.14,Perfs,
2C.92.14.02,Perfsdeaço,
2C.92.14.06,Perfsdealumínio,
2C.92.14.10,Perfsdema de ira,
2C.92.14.14,Perfsdeplástico,
2C.92.18,"Fixaçãom e cânica,sol da s e a de sivos",
2C.92.18.02,Fixaçãom e cânica,
2C.92.18.02.02,Chumba do r e s,
2C.92.18.02.06,Parafusospassant e s,
2C.92.18.02.10,Parafusosautoatarraxant e s,
2C.92.18.02.14,Parafusosautobrocant e s,
2C.92.18.02.18,Suport e s,
2C.92.18.02.22,Estais,
2C.92.18.02.26,Cor da sefos,
2C.92.18.02.30,Cabosd e aço,
2C.92.18.06,Sol da s,
2C.92.18.06.02,Sol da s e stanho,
2C.92.18.06.06,Vareta para sol da g em TIG,
2C.92.18.06.10,Arame para sol da g em MIG,
2C.92.18.06.14,Sol da sd e arcovoltaico,
2C.92.18.06.18,Sol da saplasma,
2C.92.18.10,"Adesivos,resinas e colas",
2C.92.18.10.02,Adesivosd e base e póxi,
2C.92.18.10.06,Adesivosd e bas e acrílica,
2C.92.18.10.10,Colas para ma de ira,
2C.92.18.10.14,Colasd e contato,
2C.92.18.10.18,Colas para pap e l,
2C.92.18.10.22,Colas para poli e stir e no,
2C.92.18.10.26,Fitasa de sivas,
2C.92.18.14,"Junta de ve da ção,selante em astique",
2C.92.18.14.02,Pre e nche do rd e junta,
2C.92.18.14.06,Massa de vidrac e iro,
2C.92.18.14.10,Mastiquees e lant e d e construção,
2C.92.18.14.14,Juntas e lant e pré-formada,
2C.92.18.14.18,Porca,
2C.92.18.14.22,Arru e la,
2C.92.18.14.26,Con e ctor/StudBolt,
2C.92.22,"Painéis,placas e chapas",
2C.92.22.02,Painéis,
2C.92.22.02.02,Painelcompensa do d emadeira,
2C.92.22.02.06,Painelaglomera do d emadeira,
2C.92.22.02.10,painel em MDF,
2C.92.22.02.14,painel em OSB,
2C.92.22.06,Placas,
2C.92.22.06.02,Placa de g e ssostan da rd,
2C.92.22.06.06,Placadegessor e sist e nt e àumi da de,
2C.92.22.06.10,Placadegessor e sist e nt e aofogo,
2C.92.22.06.14,Placacim e ntícia,
2C.92.22.06.18,Painéispr e nsa do s,
2C.92.22.10,Chapas,
2C.92.22.10.02,Chapasgalvaniza da s,
2C.92.22.10.06,Chapas e xpandi da s,
2C.92.22.10.06.02,Chapas e xpandi da sd e açoinoxidável,
2C.92.22.10.06.06,Chapas e xpandi da sd e alumínio,
2C.92.22.10.06.10,Chapas e xpandi da sdeferro,
2C.92.22.10.06.14,Chapasonduladasd e Ste e lD e ck,
2C.92.26,Gra de s,
2C.92.26.02,Gra de d e piso,
2C.92.72,Combustív e is,
2C.92.72.02,Combustív e issóli do s,
2C.92.72.02.02,Carvão,
2C.92.72.06,Combustív e islíqui do s,
2C.92.72.06.02,Gasolina,
2C.92.72.06.06,Etanol,
2C.92.72.06.10,Dies e l,
2C.92.72.10,Combustív e isgasosos,
2C.92.72.10.02,GLP,
2C.92.72.10.06,GNV,
2C.92.72.14,Produtoscatalisadoreser e ag e nt e s,
2C.92.72.14.02,Sóli do s,
2C.92.72.14.06,Líqui do s,
2C.92.72.14.10,Arla32,
2C.92.72.14.14,Gasosos,
2C.92.72.18,Produtos paraconsumoeg e raçãode e n e rgia,
2C.92.72.18.02,Energiaelétrica da r e d e pública,
2C.92.72.18.06,Energia e létricaforneci da viam e rca do livre,
2C.92.72.18.10,Energiatérmica,
2C.92.72.18.14,Energiasolar,
2C.92.72.18.18,Energia e ólica,
2N.02,FUNÇÕESDEEMPREENDEDORES,
2N.02.02,Inv e sti do rúnico,
2N.02.02.02,Incorpora do r,
2N.02.02.08,Enti da d e corporativa,
2N.02.02.14,Enti da d e pública,
2N.02.08,Sociedadeinv e sti do ra,
2N.02.14,Patrocina do r,
2N.02.20,Cli e nte,
2N.08,FUNÇÕESDEGESTÃODEPROJETOSOUOBRAS,
2N.08.02,Funçõesd e g e stão e stratégica,
2N.08.02.02,Presi de nte,
2N.08.02.08,Vice-Presi de nte,
2N.08.02.14,Repres e ntant e l e gal,
2N.08.02.20,Cons e lh e iro,
2N.08.08,Funçõesd e g e stãoop e racional,
2N.08.08.02,Executivo,
2N.08.08.08,Administra do r,
2N.08.08.14,Dir e tor,
2N.08.08.20,Ger e nte,
2N.08.08.26,Sup e rvisor,
2N.08.08.32,Coord e na do r,
2N.08.08.38,Plan e ja do r,
2N.08.08.44,Líd e rd e Projeto,
2N.08.08.50,Analista,
2N.14,FUNÇÕESDEDESENVOLVIMENTODEPROJETOS,
2N.14.02,Funçõ e sd e Projeto,
2N.14.02.02,Arquit e to,
2N.14.02.08,Eng e nh e iro,
2N.14.02.14,Proj e tista,
2N.14.02.20,Esp e cifcador,
2N.14.08,Funçõesd e Planejamento,
2N.14.08.02,Gestord e Projetos,
2N.14.08.08,Orçam e ntista,
2N.14.08.14,Plan e ja do r,
2N.14.08.20,Gestord e custos,
2N.14.08,Administra do rd e contratos,
2N.14.14,Funçõ e sdefscalização de projetos,
2N.14.14.02,Revisor,
2N.14.14.08,Auditor,
2N.14.14.14,Insp e tor,
2N.14.14.20,Fiscal,
2N.20,FUNÇOESDEEXECUÇÃODEOBRAS,
2N.20.02,Funçõ e sdefabricação e logística de produtos,
2N.20.02.02,Produtord e b e nsmanufatura do s,
2N.20.02.08,Produtord e b e nsmonta do s,
2N.20.02.14,Distribui do r,
2N.20.02.20,Forn e ce do r,
2N.20.02.20.02,Repres e ntant e com e rcial,
2N.20.02.26,Compra do r,
2N.20.08,Funçõesd e g e stão da obra,
2N.20.08.02,Construtor,
2N.20.08.08,Empr e it e iro,
2N.20.08.14,Sub em pr e it e iro,
2N.20.08.20,Eng e nh e iro de obras,
2N.20.08.26,Mestr e d e obras,
2N.20.08.32,Encarr e gado,
2N.20.14,Funçõesde e x e cução da obra,
2N.20.14.02,Ofcialouprofssional,
2N.20.14.08,"Meio-ofcial,ajudant e ous e rv e nte",
2N.20.14.14,Apr e ndiz,
2N.20.14.20,Pedr e iro,
2N.20.14.20.02,Pedr e iroqualifcado,
2N.20.14.20.08,Pedr e ironãoqualifcado,
2N.20.14.26,Monta do r,
2N.20.14.32,Instala do r,
2N.20.14.38,Opera do rd e sist em as,
2N.20.20,Funçõ e sdefscalização de obras,
2N.20.20.02,Revisor,
2N.20.20.08,Auditor,
2N.20.20.14,Insp e tor,
2N.20.20.20,Fiscal,
2N.26,FUNÇÕESDEGESTÃOPATRIMONIAL,
2N.26.02,Funçõesdeop e ração em anut e nção,
2N.26.02.02,Gestord e op e raçõ e s,
2N.26.02.08,Gestord em anut e nção,
2N.26.02.14,Engenh e irod em anut e nção,
2N.26.08,Funçõesd e z e la do ria,
2N.26.08.02,Zela do r,
2N.26.08.08,Port e iro,
2N.26.08.14,Auxiliard e Limpeza,
2N.26.14,Funçõ e sd e s e gurança,
2N.26.14.02,Chefedes e gurança,
2N.26.14.08,Agent e d e s e gurança,
2N.32,FUNÇÕESDEAPOIO,
2N.32.02,Funçõ e sadministrativas,
2N.32.02.02,Assist e nt e administrativo,
2N.32.02.08,Rec e pcionista,
2N.32.02.14,Arquiva do r,
2N.32.02.20,Estagiário da administração,
2N.32.02.26,Auxiliaradministrativo,
2N.32.02.32,Treina do r,
2N.32.08,Funçõesdemarketing e v e n da s,
2N.32.08.02,Gestord em ark e ting,
2N.32.08.08,Assistent e d em ark e ting,
2N.32.08.14,Vende do r,
2N.32.08.20,Corr e tord e imóv e l,
2N.32.14,Funçõ e sfnanc e iras,
2N.32.14.02,Conta do r,
2N.32.14.08,Consultorfnanc e iro,
2N.32.14.14,Escr e v e nte,
2N.32.14.20,Escriturário,
2N.32.20,Funçõ e sjurídicas,
2N.32.20.02,Advogado,
2N.32.26,Funçõescontratadaspord em anda e v e ntual,
2N.32.26.02,Consultor,
2N.32.26.08,Bibliot e cário,
2N.32.26.14,Des e nhista,
2N.32.26.20,Agente,
2N.32.26.26,Esp e cialista,
2N.32.26.32,Motorista,
2N.32.26.32.02,Motorista de caminhão,
2N.32.26.38,Topógrafo,
2N.32.26.44,Laboratorista,
2N.32.26.50,Perito,
2N.32.26.56,Assist e nt e técnico,
2N.32.26.62,Analista de sist em as,
2N.32.26.68,Desenvolvedord e soluçõ e sd e informática,
2N.32.26.74,Pesquisa do r,
2N.36,FUNÇÕESDEGESTÃODAINFORMAÇÃO,
2N.36.02,Agente,
2N.36.08,Contratante,
2N.36.14,Contratado,
2N.36.20,GerentedeDesenvolvimento da informação,
2N.36.26,Sup e rvisord e informação,
2N.36.32,Sup e rvisord e int e rfaces,
2N.36.38,Produtord e informação,
2N.36.44,Coord e na do r da informação,
2N.36.50,Facilita do r da informação,
2N.36.56,Líd e rd e produção,
2N.36.62,Coord e na do rd e produção,
2N.36.68,Autord e informação,
2N.36.74,Preposto,
2N.92,FUNÇÕESQUECARACTERIZAMGRUPOSE ORGANIZAÇÕES,
2N.92.02,Equip e s,
2N.92.02.02,Grupo de trabalho,
2N.92.02.08,Força-tarefa,
2N.92.08,Cons e lhos,
2N.92.08.02,Conselho de Dir e tor e s,
2N.92.14,Comitês,
2N.92.14.02,Comitêadhoc,
2N.92.20,Organizaçõ e s em pr e sariais,
2N.92.20.02,Corporação,
2N.92.20.08,Socie da de,
2N.92.20.14,Empr e saindividual,
2N.92.20.20,Micro em pr e sa,
2N.92.20.26,Aliança em pr e sarial,
2N.92.20.32,Consórcio,
2N.92.20.38,Sociedade de propósito e sp e cífco,
2N.92.26,Organizaçõ e ss e mfnslucrativos,
2N.92.26.02,Associação,
2N.92.26.08,Fun da ção,
2N.92.26.14,Sindicato,
2N.92.26.20,Serviçosocial,
2Q.02,Ferramentasparaacriaçãoeg e stãode documentosfísicos,
2Q.02.02,Ferram e ntasd e Projeto,
2Q.02.02.02,Ferramentasd e d e s e nho,
2Q.02.02.06,Can e tas,
2Q.02.02.10,Lapis e iras,
2Q.02.02.14,Escalas,
2Q.02.06,Guias em anuais,
2Q.02.06.02,Guiasd e classifcaçãoe e sp e cifcação,
2Q.02.10,Suprimentose equipamentospara e scritório,
2Q.02.14,Suprimentospara e scritório,
2Q.02.18,Equipamentospara e scritório,
2Q.02.18.02,Máquinasdeax,
2Q.02.18.06,Fotocopia do ras,
2Q.06,Ferramentas da t e cnologia da informação,
2Q.06.02,Hardware,
2Q.06.02.02,Componentespara com puta do r e s,
2Q.06.02.02.02,Placa-mãe,
2Q.06.02.02.06,Proc e ssa do r,
2Q.06.02.02.10,MemóriadeArmazenamentotemporário(RAM),
2Q.06.02.02.14,"Memóriadearmazenamentop e rman e nte(HD,SSD,M2, Xpoint)",
2Q.06.02.02.18,Placa de r e de,
2Q.06.02.02.22,Placa de víd e o,
2Q.06.02.02.26,Fonte,
2Q.06.02.06,Computa do r e s,
2Q.06.02.06.02,Mainrame,
2Q.06.02.06.06,Servi do r,
2Q.06.02.06.10,Wokstation,
2Q.06.02.06.14,Computa do r e sp e ssoais,
2Q.06.02.06.14.02,Computa do rd e sktop,
2Q.06.02.06.14.06,Not e book,
2Q.06.02.10,Periféricos,
2Q.06.02.10.02,Monitorde com puta do r,
2Q.06.02.10.06,Impr e ssora,
2Q.06.02.10.10,Plota do ra,
2Q.06.06,Infraestrutura de r e de,
2Q.06.06.02,Mod em s,
2Q.06.06.06,Rot e a do r e s,
2Q.06.06.10,Switch e s,
2Q.06.10,Sotware,
2Q.06.10.02,Sotware para g e stão,
2Q.06.10.02.02,Sotwar e d e contabili da de,
2Q.06.10.02.06,Sotwar e d e orçam e ntação,
2Q.06.10.02.10,Sotwaredeprocessamento de t e xto,
2Q.06.10.02.14,Sotware de Apresentação,
2Q.06.10.02.18,Sotware de Planejamento,
2Q.06.10.02.22,Sotwar e gráfco,
2Q.06.10.02.26,Sotwar e de comunicação,
2Q.06.10.02.30,Sotware de banco de dados,
2Q.06.10.06,Sotwar e CAD,
2Q.06.10.06.02,Sotwar e CADmultipropósitos,
2Q.06.10.06.06,SotwareCADparaproj e tosde e ng e nharia(CAE),
2Q.06.10.06.10,SotwareCAD para proj e tosd em anufaturaefabricação (CAM),
2Q.06.10.10,Sotwar e BIM,
2Q.06.10.10.02,SotwareBIMparagestãoemanut e nção do ambi e nte construído,
2Q.06.10.10.06,SotwareBIM para g e stão da construção,
2Q.06.10.10.10,SotwareBIMparaorçamentodeproj e tos e construçõ e s,
2Q.06.10.10.14,SotwareBIMparaPlanejamento da construção,
2Q.06.10.10.18,SotwareBIMparaauditoriaeValidação de projetos,
2Q.06.10.10.22,Sotwar e BIM para Projeto,
2Q.06.10.10.22.02,SotwareBIMparaproj e to de Arquitetura,
2Q.06.10.10.22.06,SotwareBIM para proj e tode e struturas,
2Q.06.10.10.22.10,SotwareBIMparaproj e to de instalações,
2Q.06.10.10.22.14,SotwareBIMparaprojetodeoutrasesp e ciali da d e s,
2Q.06.10.14,Sistemasparagestão em anut e nçãode e difcaçõ e se instalações (BMS),
2Q.06.10.14.02,Sotware para g e stãode e difcaçõ e s e instalações,
2Q.06.10.14.06,Sistemacomputadorizadodeg e stãod em anut e nçãode edifcaçõ e s e instalações,
2Q.06.10.14.10,Sotwareparacontroledesist em asd e automaçãopr e dial,
2Q.18,Equipamentosparam e dição em campo e capturada reali da de,
2Q.18.02,Equipamentosd e topografael e vantamento,
2Q.18.02.02,Trena,
2Q.18.02.02.02,Trenadefbra de vidro,
2Q.18.02.02.06,Trena de aço,
2Q.18.02.02.10,Trenaalas e r,
2Q.18.02.06,Est e r e oscópio,
2Q.18.02.10,Nív e is,
2Q.18.02.14,Teo do litos,
2Q.18.02.18,Medidores eletrônicosd e distâncias,
2Q.18.02.22,Hodômetrosero da sd em e dição,
2Q.18.02.26,Prumos,
2Q.18.02.30,Balizas,
2Q.18.02.34,Tripés,
2Q.18.02.38,Prismas,
2Q.18.02.42,Réguasd em ira,
2Q.18.10,Dispositivosd e g e olocalizaçãooureferênciag e olocalizada,
2Q.18.10.02,Bússola,
2Q.18.10.06,Apar e lho de GPS(GlobalPositioningSyst e m),
2Q.18.14,Scann e r3D,
2Q.18.18,Dronesd e apoioal e vantamentos,
2Q.22,Ferramentasparamonitoramento de instalações,
2Q.22.02,Sist em asd e informaçãoparamanut e nção de instalações,
2Q.22.02.02,Equipamentos para monitoramentode e stado,
2Q.22.02.02.02,Equipamento para anális e d e vibração,
2Q.22.02.02.06,Equipamento para t e rmografa,
2Q.22.02.02.10,Equipamento para tribologia,
2Q.22.02.02.14,Equipamentopararealizaçãodetest e s em motor e s,
2Q.22.02.02.18,Equipamento para monitoramentoultrassônicop e loar,
2Q.22.02.02.22,Equipamentoparam e diçãoultrassônicade e sp e ssura,
2Q.22.02.02.26,Equipamentod em onitoramentoporimag e m,
2Q.22.02.02.30,Equipamentoparamonitoramentodaqualida de da e n e rgia elétrica,
2Q.22.06,Equipamentospara e ng e nhariadiagnóstica,
2Q.22.06.02,Pacôm e tro,
2Q.22.06.06,Escl e rôm e tro,
2Q.22.06.10,Terrôm e tro,
2Q.22.06.14,Paquím e tro,
2Q.22.06.18,Microscópio,
2Q.22.06.22,Boroscópio,
2Q.22.06.26,Lant e rna,
2Q.26,"Equipamentosparat e st e s em máquinas,sist em ase mat e riais",
2Q.26.02,Equipamentosparatest e s em concr e to,
2Q.26.06,Equipamentos para Coleta de amostras,
2Q.26.10,Máquinasparamediçãodep e sod em at e riaisde construção,
2Q.26.14,Máquinas para p e sarv e ículos,
2Q.26.18,Equipamentos para t e startubulaçõ e s,
2Q.26.22,Equipamentosparatestarsistemasdedr e nag em e e sgoto,
2Q.26.22.02,Equipamentosparat e starsist em asde e sgoto,
2Q.26.26,Medidor e sd e atrito de pista,
2Q.26.26.02,MedidordeatritodepistaparaMontagem em v e ículo,
2Q.26.26.06,Medidord e atrito de pistar e bocável,
2Q.26.26.10,Medidord e atrito de pistaautoprop e lido,
2Q.42,Ferramentaseequipamentos para uso em anipulação dir e tanaconstrução em anut e nção,
2Q.42.02,Ferram e ntasmanuais,
2Q.42.02.02,Ferram e ntasmanuais para corte,
2Q.42.02.02.02,Serras,
2Q.42.02.02.06,Fura de irasmanuais,
2Q.42.02.02.10,Alicat e sd e corte,
2Q.42.02.02.14,Corta do r e sd e tubos,
2Q.42.02.02.18,Equipamentosd em ontag em d e tubos,
2Q.42.02.02.22,Alicat e s,
2Q.42.02.02.26,Tesourasparacorte de v e rgalhõ e s,
2Q.42.02.02.30,Tesouras para cort e d e chapas,
2Q.42.02.06,Ferram e ntasmanuaispara e scavação,
2Q.42.20.06.02,Pás,
2Q.42.02.06.06,Picar e tas,
2Q.42.02.06.10,Cava de iras,
2Q.42.02.06.14,Alavancas,
2Q.42.02.10,Ferram e ntasmanuais para conformação,
2Q.42.02.10.02,Dobra do r e sd e tubos,
2Q.42.02.10.06,Flangea do r e sd e tubos,
2Q.42.02.10.10,Dobra do r e sd e açoreforçado,
2Q.42.02.14,Ferram e ntasmanuaisparafxação,
2Q.42.02.14.02,Mart e los em arr e tas,
2Q.42.02.14.06,Chav e sdefenda,
2Q.42.02.14.06.02,Chav e defendasimpl e s,
2Q.42.02.14.06.06,Chav e tipoPhilips,
2Q.42.02.14.10,Chavesd e boca e soqu e te,
2Q.42.02.14.10.02,Chav e stiposoqu e te,
2Q.42.02.14.10.06,Chav e sd e boca,
2Q.42.02.14.10.10,Chav e stipo e str e la,
2Q.42.02.14.10.14,Chav e sajustáveis,
2Q.42.02.14.10.18,Chav e s para tubos,
2Q.42.02.14.10.22,Chav e sAll e n,
2Q.42.02.18,Ferram e ntasmanuais para acabamento,
2Q.42.02.18.02,Espátulas,
2Q.42.02.18.06,Boia,
2Q.42.02.18.10,Pincéisd e pintura,
2Q.42.02.18.14,Rolosd e pintura,
2Q.42.02.18.18,Bald e sd e pintura,
2Q.42.02.22,Ferramentasmanuais para transporte e içamento,
2Q.42.02.22.02,Carrinhosd em ão,
2Q.42.02.22.06,Pésd e cabra,
2Q.42.02.22.10,Talhas e rol da nas,
2Q.42.06,Ferram e ntasmotoriza da s,
2Q.42.06.02,Ferram e ntasmotoriza da s para corte,
2Q.42.06.02.02,Serramotorizada,
2Q.42.06.02.06,Fura de iraportátil com ous e mfo,
2Q.42.06.02.10,Martelet e d em oli do r,
2Q.42.06.02.14,Mart e lorompe do r,
2Q.42.06.02.18,Corta do radeferro,
2Q.42.06.02.22,Roça de iracostal,
2Q.42.06.02.26,Perfuratriz,
2Q.42.06.06,Ferram e ntasmotoriza da s para conformação,
2Q.42.06.06.02,Rebarba do ra,
2Q.42.06.06.06,Tupia e létrica,
2Q.42.06.06.10,Plaina e létrica,
2Q.42.06.06.14,Esm e ril/esm e rilha de ira,
2Q.42.06.10,Ferram e ntasmotoriza da sparafxação,
2Q.42.06.14,Ferramentasmotoriza da s para acabamento,
2Q.42.06.14.02,Lixa de ira e létrica,
2Q.42.06.14.06,Poli do r e létrico,
2Q.42.06.14.10,Escarifcador,
2Q.42.06.14.14,Equipamentodepulverização para pinturas e isolant e s,
2Q.42.06.14.18,Equipamentodeinj e ção de isolant e s,
2Q.42.06.14.22,Pulverizadoresdetintas e v e rniz e s,
2Q.42.06.14.26,Sistema de m e dição de pintura,
2Q.42.06.18,Ferramentasmotoriza da s para movim e ntação,
2Q.42.06.18.02,Compr e ssor e s,
2Q.42.06.18.02.02,Compr e ssord e ar,
2Q.42.06.18.02.06,Compr e ssord e parafuso,
2Q.42.06.18.02.10,Compr e ssoradi e s e l,
2Q.42.06.18.10,Lava do rasd e pr e ssão,
2Q.42.06.18.14,Equipamentosdedescong e lamento de tubos,
2Q.42.06.18.18,Dobra do rasdeferro,
2Q.42.06.22,Ferramentas para sol da g e m,
2Q.42.06.22.02,Solda e létrica,
2Q.42.06.22.06,Soldaaoxigênio e ac e til e no,
2Q.42.10,Equipamentosparacontrol e d e umi da de,
2Q.42.10.02,Pistolas para calafetação,
2Q.42.10.06,Equipamentosinj e tor e saaltapr e ssão,
2Q.42.10.10,Equipamentosinj e tor e sabaixapr e ssão,
2Q.42.10.14,Pistolatipogravi da de,
2Q.42.10.18,Equipamentopara e l e tro-osmose,
2Q.42.14,EquipamentosdeLimpeza e Preparação de sup e rfíci e s,
2Q.42.14.02,Limpador e sd e altapr e ssão,
2Q.42.14.06,Limpador e sd e jatosd e vapor,
2Q.42.14.10,MáquinasdeLimpeza de baixapr e ssão,
2Q.42.14.14,Equipamentosd e Limpezasubaquática,
2Q.42.14.18,Equipamento de jat e amento,
2Q.42.18,Desumidifcador e s,
2Q.42.22,Equipamentosd e Proteçãoindividual(EPI),
2Q.42.22.02,Cintos,
2Q.42.22.06,Capac e t e s,
2Q.42.22.10,Luvas,
2Q.42.22.14,Óculosd e Proteção,
2Q.42.22.18,Bolsasd e lona,
2Q.42.22.22,Uniform e s,
2Q.42.22.26,Pern e iras,
2Q.42.22.30,Prot e tor e sauricular e s,
2Q.42.22.34,Selas,
2Q.42.26,Equipamentosd e usog e ral,
2Q.42.26.02,Lonas,
2Q.42.26.06,Bald e s,
2Q.42.26.10,Caçambas,
2Q.42.26.14,Equipamentosd em ovim e ntação de cargasportrilhos,
2Q.42.26.18,Vagõ e s,
2Q.42.26.22,Descarr e ga do r e s(dump e rs),
2Q.42.26.26,Balanças,
2Q.42.26.30,Câmarasfrigorífcas,
2Q.42.26.34,Cofresfort e s,
2Q.42.26.38,Máquinas e nv e lopa do ras,
2Q.42.26.42,Niv e la do rasde do ca,
2Q.42.26.46,Porta-pall e ts,
2Q.42.26.50,Racks,
2Q.42.30,Peçaseac e ssóriosd e r e posição,
2Q.42.30.02,Brocas,
2Q.42.30.06,Discos para ranhuras em pavimentos(grooving),
2Q.50,Equipamentos para instalação de cant e iros,
2Q.50.02,Instalações para colabora do r e s,
2Q.50.02.02,Barracõ e s,
2Q.50.02.06,Contêin e r e spara e scritórios,
2Q.50.02.10,Trail e rsmotoriza do s,
2Q.50.02.14,Sanitáriosquímicos,
2Q.50.02.18,Equipamentos para construçãonoinv e rno,
2Q.50.02.22,Equipamentos para iluminação do cant e iro,
2Q.50.06,Equipamentoselétricos para cant e iro de obras,
2Q.50.06.02,Geradoresdeenergia e létrica do cant e iro,
2Q.50.06.06,Transforma do r e sdefrequência do cant e iro,
2Q.50.06.10,Transformadoresdet e nsão do cant e iro,
2Q.50.10,Equipamentosdedrenagem para cant e iro de obras,
2Q.50.10.02,Pont e irasfltrant e s,
2Q.50.14,Equipamentosdedescarteder e síduos para cant e irode obras,
2Q.54,Estruturasd e apoioàconstrução,
2Q.54.02,Formas,
2Q.54.02.02,Sist em asdeformaspré-fabricadas para mol da g em de Parede s,
2Q.54.02.06,Sist em asdeformaspré-fabricadasparamoldag em d e laj e s,
2Q.54.06,"Andaim e s,escoramento e c e rcamento",
2Q.54.06.02,Andaim e spré-fabrica do s,
2Q.54.06.06,Torr e smóv e is,
2Q.54.06.10,Torr e sd e an da ime,
2Q.54.06.10.02,Torredean da im e com e scada,
2Q.54.06.10.06,Torredeandaimecom e sca da tipomarinh e iro,
2Q.54.06.14,Plataformasd e trabalhosusp e nsas,
2Q.54.06.18,Plataformasdetrabalho e l e vatóriasmóv e is,
2Q.54.06.18.02,Guarda-corpos,
2Q.54.06.18.06,Viasd e acesso,
2Q.54.06.18.06.02,Esca da s,
2Q.54.06.18.06.06,Patamar e sde e sca da s,
2Q.54.06.18.06.10,Esca da sd em ão,
2Q.54.06.18.10,Acessóriosd e an da im e s,
2Q.54.06.18.14,Estabiliza do r e s,
2Q.54.06.18.14.02,Lastro,
2Q.54.06.18.18,Telasd e Proteção,
2Q.54.06.18.18.02,Proteçãopormantas,
2Q.54.06.18.22,"Cimbramentos,suport e s e tabua do s",
2Q.54.06.18.22.02,Ma de iras,
2Q.54.06.18.22.06,Tábuasesuport e sd emadeira,
2Q.54.06.22,Cercamentostemporários,
2Q.58,"Equipamentos para bomb e amento,tun e lamentoe processamentod em at e riais",
2Q.58.02,Bombas,
2Q.58.02.02,Bombasparadr e nag em d e água,
2Q.58.02.02.02,Bombatipopistãoouêmbolo,
2Q.58.02.02.06,Bombatipodiafragma,
2Q.58.02.02.10,Bombac e ntrífuga,
2Q.58.02.02.14,Bombarotativa,
2Q.58.06,"Equipamentosd e tun e lamento,perfuração,cravaçãoe compactação",
2Q.58.06.02,Equipamentospara e scavação,
2Q.58.06.02.02,Máquinasp e rfuratriz e s,
2Q.58.06.02.02.02,Perfuratriz e s,
2Q.58.06.02.02.06,Hidrofresas,
2Q.58.06.02.02.10,Diafragma do ras,
2Q.58.06.02.06,Equipamentospesa do s para pr e nsar,
2Q.58.06.02.10,Veículos para p e rfuração e para e xplosão,
2Q.58.06.02.14,Sistemasparatransport e por e st e iras,
2Q.58.06.02.18,Equipamentosparaventilaçãoe e xtração de po e ira,
2Q.58.06.02.22,Sistemaspararevestimento de tún e is,
2Q.58.06.02.26,Equipamentos para d e tonação,
2Q.58.06.02.28,Explosivos,
2Q.58.06.02.30,Bate-estacaseferram e ntasd e r em oção,
2Q.58.06.02.34,Impulsorhidráulico de canos,
2Q.58.06.06,"Equipamentos para p e rfuração,estaqu e amentoe regularização de canais",
2Q.58.06.06.02,Máquinasp e rfuratriz e s para canais,
2Q.58.06.06.06,Ferramentasparaestaqu e amentoe e xtração,
2Q.58.06.06.10,Equipamentospararev e stimento de canais,
2Q.58.06.06.14,Cravadoresparaaex e cução de tubulõ e s,
2Q.58.06.06.18,Estaqueador e s e p e rfuratriz e s e sp e ciais,
2Q.58.06.10,Compacta do r e sporp e rcussão,
2Q.58.06.10.02,Placa com pacta do ravibratória,
2Q.58.06.10.06,Compacta do rd e solo,
2Q.58.10,Equipamentos para aprodução de concr e to,
2Q.58.10.02,Equipamentosparaproduçãoeprocessamento de p e dras brita da s para concr e to,
2Q.58.10.02.02,Usinadeextraçãoeprocessamento de p e drasbrita da s paraconcr e to,
2Q.58.10.02.06,Quebradoresetrituradoresd e p e drasbrita da spara concr e to,
2Q.58.10.02.10,Planta de classifcaçãoeseparação de p e drasbrita da s paraconcreto e agr e ga do s,
2Q.58.10.02.14,Máquinasparalavagemdepedrasbrita da s para concr e toe agr e ga do s,
2Q.58.10.02.18,Silos para agr e ga do s,
2Q.58.10.02.22,Instalaçõesdesecagemdepedrasbrita da s para concr e toe agr e ga do s,
2Q.58.10.02.26,Instalaçõespararemoçãodepód e p e drasbrita da spara concr e to,
2Q.58.10.02.30,Compartimentoserecuperadores para p e drasbrita da spara concreto e agr e ga do s,
2Q.58.10.02.34,Usinadereciclagemd e r e stosd e construção,
2Q.58.10.06,Equipamentosd e b e nefciamentodep e drasbrita da s para a produção de concr e to,
2Q.58.10.06.02,Misturadoresd e concr e to e argamassa,
2Q.58.10.06.02.02,Betoneiracom e l e va do r,
2Q.58.10.06.02.06,Betoneirasem e l e va do r,
2Q.58.10.06.02.10,Beton e irafechada,
2Q.58.10.06.02.14,"Betoneirainversívelcom e l e va do r,balança e caçambade alim e ntação",
2Q.58.10.06.02.18,Beton e irainclinável,
2Q.58.10.06.06,Sistemasdeprocessamento de concr e to,
2Q.58.10.06.10,Equipamentosdemedição e p e sag e m,
2Q.58.10.06.14,Lixadeira para piso de concr e to,
2Q.58.10.06.18,Silosparacimento e agr e ga do s,
2Q.58.10.06.22,Equipamentosdetransport e d e concr e to,
2Q.58.10.06.22.02,Mistura do rasmóv e is,
2Q.58.10.06.22.06,Equipamentoparalavagemder e síduosd e concr e to,
2Q.58.10.06.22.10,Agitador e sd e concr e to,
2Q.58.10.06.22.14,Bombasdeconcr e toe equipamentos,
2Q.58.10.06.22.18,Caminhõ e s-beton e ira,
2Q.58.10.06.22.22,Bombasd e concr e to/argamassa,
2Q.58.10.06.26,Equipamentospara com pactação e acabamentode sup e rfíci e sd e concr e to,
2Q.58.10.06.26.02,Vibrador e s para concr e to,
2Q.58.10.06.26.06,Equipamentoparaacabamento de sup e rfíci e sd e concr e to,
2Q.58.10.06.26.10,Equipamentosauxiliares para usinasd e concr e toe argamassa,
2Q.58.10.06.26.14,Centralparadosag em d e concr e to,
2Q.58.10.06.26.18,Silosparaarmazenamento de concr e to,
2Q.58.10.06.26.22,Equipamentoautoalim e nta do r,
2Q.58.10.06.26.26,Cremalheira para p e sag e m,
2Q.58.10.06.26.30,Engrenagemhelicoi da l para d e scarga,
2Q.58.10.06.26.34,Carregador e spara do sag e m,
2Q.58.10.06.30,Equipamentos para graut e amento,
2Q.58.10.06.30.02,Mistura do ra para graute,
2Q.58.10.06.30.06,Mistura do rarotativa para graute,
2Q.58.10.06.30.10,Alimentador e s com balança e pácarr e ga de ira,
2Q.58.10.06.30.14,Mistura do ra e bomba para graute,
2Q.58.10.06.30.18,Máquinasparagrauteamento com bomba e tr em onha,
2Q.58.10.06.30.22,Bomba para graute,
2Q.58.10.06.30.26,Tanquesdeagitação para uso com bombas para graute,
2Q.58.10.06.34,Equipamentosdeaplicação de concr e to e argamassa,
2Q.58.10.06.34.02,Vibrador e sd e im e rsão(mangot e s),
2Q.58.10.06.34.06,Vibra do r e ssup e rfciais-Réguasvibratórias,
2Q.58.10.06.34.10,Equipamentoparaaplicação de concr e toproj e tado,
2Q.58.10.06.34.14,Máquinar e boca do raautomática,
2Q.58.10.06.34.18,Des em p e na de iras/acaba do ras,
2Q.58.10.06.34.22,Lixa de iras,
2Q.58.10.06.38,Equipamentosparamediçãodaqualidade da Concretagem,
2Q.58.10.10,Equipamentosparaaextraçãoeusinag em d e p e drase concr e to,
2Q.58.10.10.02,Máquinas para p e rfuração de p e dras,
2Q.58.10.10.02.02,Perfuratrizp e rcussiva,
2Q.58.10.10.02.06,Perfuratrizrotativa,
2Q.58.10.10.02.10,Perfuratrizp e rcussivo-rotativa,
2Q.58.10.10.02.14,Perfuratriztipofuro-abaixo,
2Q.58.10.10.06,Equipamentos para qu e brarp e dras,
2Q.58.10.10.06.02,Brita do r,
2Q.58.10.10.06.06,Alim e nta do rvibratório,
2Q.58.10.10.06.10,Pen e iravibratória,
2Q.58.10.10.06.14,Transporta do rd e corr e ia,
2Q.58.10.10.10,Equipamentosparaserrag em d e p e dras,
2Q.58.10.10.10.02,Máquinasd e cort e abrasivo,
2Q.58.10.10.10.06,Equipamentos em áquinasparacorte de placasd e p e dra,
2Q.58.10.10.14,Máquinasparafresag em d e p e dras,
2Q.58.10.10.18,Máquinaselinhasdearenagemepolimento de p e dras,
2Q.58.10.10.22,Máquinasderejunte para placasd e p e drafundida,
2Q.58.10.10.26,Ferram e ntasdiamanta da s,
2Q.58.10.14,Equipamentosparafabricaçãode e l e mentospré-molda do s deconcr e to,
2Q.58.10.14.02,Equipamentos para afabricaçãodeelementosd e p e qu e no port e d e concr e topré-mol da do,
2Q.58.10.14.02.02,Máquinasparafabricarblocosd e concr e to com plataforma desuport e aosblocos,
2Q.58.10.14.02.06,Máquinasparafabricarblocosd e concr e tos em plataforma desuport e aosblocos,
2Q.58.10.14.02.10,Moldes para blocosd e concr e to,
2Q.58.10.14.02.14,Prensasparafabricação de blocosd e concr e to,
2Q.58.10.14.02.18,Mesasvibratóriasparafabricação de blocosd e concr e to,
2Q.58.10.14.02.22,Máquinasparalavagemd e blocosd e concr e to,
2Q.58.10.14.02.26,Máquinasparafabricação de tubosd e concr e to,
2Q.58.10.14.02.30,Máquinasc e ntrífugasparalançamento em ol da g em de concr e to,
2Q.58.10.14.02.34,Máquinas para produção de meios-fosd e concr e to,
2Q.58.10.14.02.38,Máquinas para produção de degrausd e concr e to,
2Q.58.10.14.02.42,Máquinas para produção de telhasd e concr e to,
2Q.58.10.14.02.46,Máquinasparamoldagemdeconcr e to com r e sinasintética,
2Q.58.10.14.02.50,Plantaparacurade e l e mentospré-molda do sd e concr e to,
2Q.58.10.14.06,Equipamentos para afabricaçãodeel e mentosd e grande port e d e concr e topré-mol da do,
2Q.58.10.14.06.02,Equipamentos para afabricaçãode e l e mentospré- moldadosdeconcreto em grand e quanti da de,
2Q.58.10.14.06.06,Mesasbasculant e s para pré-fabricaçãode componentesde concr e to,
2Q.58.10.14.06.10,Sist em as para afabricação de concr e toprot e ndido,
2Q.58.10.14.06.14,Sist em as para afabricaçãodevigaselaj e sd e concr e to prot e ndido,
2Q.58.10.14.06.18,Sist em as para afabricaçãodep e çasd e acabamentode coberturasepare de s em concr e to,
2Q.58.10.14.10,Equipamentosparatransportede e l e mentospré-molda do s deconcr e to,
2Q.58.10.14.10.02,Sistemasautomatizadosdetransportede e l e mentospré- molda do sd e concr e to,
2Q.58.10.14.10.06,Equipamentosdecarregamentoeiçamentode e l e mentos pré-molda do sd e concr e to,
2Q.58.10.14.10.10,Veículos com máquinasalimentadorasde e l e mentospré- molda do sd e concr e to,
2Q.58.10.14.10.14,Equipamentosparaempilhamentode e l e mentospré- moldadosparalaj e sd e concr e to,
2Q.58.10.14.10.18,Plantaparaoempacotamentode e l e mentospré-molda do s deconcr e to,
2Q.58.10.14.10.22,Paletesparaoacomodamentode e l e mentospré-molda do s deconcr e to,
2Q.58.10.14.14,Fábrica de tijolosc e râmicos,
2Q.58.14,Equipamentos para produção de asfalto,
2Q.58.14.02,Usinasd e asfalto,
2Q.58.14.06,TanquesdeArmazenamento de asfalto,
2Q.58.18,EquipamentosdeProcessamento de solos,
2Q.58.18.02,Usinasmistura do ras,
2Q.58.18.06,Pulvimistura do r,
2Q.58.18.06.02,Pulvimistura do rr e bocado,
2Q.58.18.06.06,Pulvimistura do rautoprop e lido,
2Q.62,"Equipamentosd e qu e bra,demolição,terraplanag em e Pavimentação",
2Q.62.02,Escava de iras,
2Q.62.02.02,Escava de iras com lâminas,
2Q.62.02.06,Escava de irashidráulicas,
2Q.62.02.10,Escava de irascom e st e iras,
2Q.62.02.14,Escava de irasmóv e is,
2Q.62.02.18,Escava de irast e l e scópicas,
2Q.62.02.22,Escava de irasd e valas,
2Q.62.02.26,Escava de irasd e alcatruz e s,
2Q.62.02.30,Escava de irasgiratórias,
2Q.62.02.34,Mini e scava de iras,
2Q.62.02.38,Escava de irasacabos-Dragas,
2Q.62.02.42,Escavoel e va do r e s,
2Q.62.02.46,Escarifcador e s,
2Q.62.02.50,Escava do rasd e c e stos,
2Q.62.06,Retro e scava de iras,
2Q.62.06.02,Retroescava de iras com articulaçãoc e ntral,
2Q.62.06.06,Retroescavadeirascomd e slocamentolat e ral,
2Q.62.10,Carr e ga de iras,
2Q.62.10.02,Carrega de irassobre e st e iras,
2Q.62.10.06,Carrega de irassobr e ro da s,
2Q.62.10.10,Carregadeirasd e dir e ção de slizante,
2Q.62.10.14,Carrega de iras com braçopara e scavação,
2Q.62.10.18,Carrega de iras com lançaarticulada e suportefxo,
2Q.62.10.22,Minicarr e ga de iras,
2Q.62.14,Val e ta de iras,
2Q.62.18,Dragasfutuant e s,
2Q.62.22,Complementoseimplementospara equipamentossobre est e iras,
2Q.62.26,Escrêip e r e s,
2Q.62.26.02,Escrêiper e sde e l e vação,
2Q.62.26.06,Escrêiper e ssobre e st e iras,
2Q.62.26.10,Escrêiper e s com quatroro da s,
2Q.62.26.14,Sistemasdeescrêiperes para raspag em d e cascalho,
2Q.62.30,Tratores em otoniv e la do ras,
2Q.62.30.02,Trator e s,
2Q.62.30.02.02,Tratorsobr e ro da s,
2Q.62.30.02.06,Tratorde e st e iras,
2Q.62.30.02.10,Trator com lâmina e scarifcadora,
2Q.62.30.02.14,Trator com lâminaangulável,
2Q.62.30.02.18,Trator com lâminar e ta,
2Q.62.30.06,Motoniv e la do ras,
2Q.62.30.06.02,Motoniveladorasparaestradasd e ro da g e m,
2Q.62.30.06.06,Motoniv e la do rasaqu e nte,
2Q.62.30.06.10,Motoniv e la do rasafrio,
2Q.62.34,Equipamentos para Pavimentação,
2Q.62.34.02,Máquinaspara e stabilização do solo,
2Q.62.34.06,"Equipamento para Preparação de asfalto,mastiqu e e alcatrão",
2Q.62.34.10,Pavim e nta do rasd e asfalto,
2Q.62.34.14,Pavimenta do rasd e concr e to,
2Q.62.34.18,Corta do rasd e asfalto e concr e to,
2Q.62.34.22,Fresa do rasd e pavimentos,
2Q.62.34.26,Aplaina do rasd e asfalto,
2Q.62.34.30,Caldeiraseaquecedor e sd e fui do s,
2Q.62.34.34,Seca do rinfrav e rm e lhoagásparaPavimentação,
2Q.62.34.38,Máquinapavimentadora de blocosint e rtrava do s,
2Q.62.34.42,Distribuidoresd e agr e ga do s,
2Q.62.34.46,Distribui do r e sd e asfalto,
2Q.62.34.50,Sela do ras,
2Q.62.34.54,Equipamentosde com pactação,
2Q.62.34.54.02,Compacta do r e s e státicos,
2Q.62.34.54.02.02,Rololiso,
2Q.62.34.54.02.06,Rolopéd e carn e iro,
2Q.62.34.54.06,Compacta do r e svibratórios,
2Q.62.34.54.06.02,Rololisovibratório,
2Q.62.34.54.06.06,Rolopéd e carn e irovibratório,
2Q.62.34.54.06.10,Roloscompactadorescomrol e t e spn e umáticos,
2Q.62.34.54.06.14,Roloscompactadoresdetrêsro da s e tand e m,
2Q.62.34.54.06.18,Rolossimpl e s,
2Q.62.34.54.06.22,Rolosduplos,
2Q.62.34.54.06.26,Rolos com contrap e so,
2Q.62.34.54.06.30,Roloconjugado,
2Q.62.34.58,Máquinasparamanutençãodeestradasd e ro da g e m,
2Q.62.34.58.02,Equipamento para Pavimentação com asfalto,
2Q.62.34.58.06,MáquinasparalimpezaePreenchimento de juntas,
2Q.62.34.58.10,Jogosparareparaçãodeestradasd e ro da g e m,
2Q.62.34.58.14,Maquinariaparaespalhamentodep e dras e ar e ia,
2Q.62.34.58.18,Máquinasparamarcaçãodeestradasd e ro da g e m,
2Q.62.34.58.22,Roça de iras para talu de s,
2Q.62.34.58.26,Máquinasdevarrição e Limpeza de pistas,
2Q.62.34.58.30,Escarifcadorasparaestradasd e ro da g e m,
2Q.62.34.62,Equipamentosd e sinalizaçãoro do viária,
2Q.62.34.66,Equipamentosparar e volvimento do solo,
2Q.62.34.66.02,Gra de d e disco(arado),
2Q.62.38,Máquinasparaa e x e cução de canais,
2Q.62.38.02,Máquinasparaterraplenagemna e x e cução de canais,
2Q.62.38.06,Máquinasparacompactaçãona e x e cução de canais,
2Q.62.38.10,MáquinasparaConcretagem e asfaltamentona e x e cução decanais,
2Q.62.38.14,Máquinasparadesassoreamento e dragag em d e canais,
2Q.62.42,Máquinasparaass e ntamento de trilhos,
2Q.62.46,Trator e s,
2Q.62.46.02,Trator e sagrícolas,
2Q.62.46.06,Páscarr e ga de iras,
2Q.62.46.10,Trator e s com caçamba,
2Q.62.50,"Implementos para trator e s,dragas,escava de irase carr e ga de iras",
2Q.62.50.02,Implementospara e scava de iras,
2Q.62.50.06,Implementosparar e tro e scava de iras,
2Q.62.50.10,Implementospararompedor e sd e p e rcussão,
2Q.62.50.14,Implementos para carr e ga de iras,
2Q.62.50.18,Implementos para roça de iras,
2Q.62.50.22,Impl e mentos para páscarr e ga de iras,
2Q.62.50.26,Implementos para niv e la do ras,
2Q.62.50.30,Implementospara e scava do rasd e valas,
2Q.62.54,Tapet e spara e scava de iras,
2Q.62.58,Peçaseac e ssóriosd e r e posição,
2Q.66,Equipamentosd e carga e transporte,
2Q.66.02,Veículosd e passag e iros,
2Q.66.02.02,Automóv e is,
2Q.66.02.02.02,Hatch,
2Q.66.02.02.06,Sedã,
2Q.66.02.02.10,Perua,
2Q.66.02.02.14,Utilitário e sportivo-SUV,
2Q.66.02.02.18,Picap e s,
2Q.66.02.06,Vans,
2Q.66.02.10,Ônibus,
2Q.66.02.10.02,Ônibusconv e ncional,
2Q.66.02.10.06,Ônibusdefretamento,
2Q.66.06,Caminhõ e sl e v e s,
2Q.66.06.02,Caminhõ e s com carroc e ria,
2Q.66.06.06,Caminhão e spargi do r,
2Q.66.06.10,Caminhão com guin da ste,
2Q.66.06.14,Caminhão com plataforma e l e vatória,
2Q.66.06.18,Caminhão com plataformahidráulica,
2Q.66.06.22,Caminhão-tanquecomhidross em e a do r,
2Q.66.06.26,Caminhão-tanque com irriga do r,
2Q.66.06.30,Carreta com s em irr e boque,
2Q.66.06.34,Cavalom e cânico,
2Q.66.06.38,Cavalom e cânico com carr e ta,
2Q.66.10,Caminhõ e sp e sa do s,
2Q.66.10.02,Caminhõ e sbasculant e s,
2Q.66.10.06,Caminhõ e s com caçambade e ntulho,
2Q.66.10.10,Caminhõ e sforade e strada,
2Q.66.14,Carretas e r e boqu e s,
2Q.66.14.02,Reboque-tanque,
2Q.66.14.06,Reboque-silo,
2Q.66.14.10,Reboque-prancha,
2Q.66.14.14,Semirr e boqu e d e carga,
2Q.66.14.18,Semirr e boqu e contêin e r,
2Q.66.14.22,Reboque de carroc e riaab e rta,
2Q.66.14.26,Reboqu e basculante,
2Q.66.14.30,Dolly para caminhãooucarr e ta,
2Q.66.18,Veículos e sp e ciais,
2Q.66.18.02,Limpa do r e s/varre do r e sd e rua,
2Q.66.18.06,Trilhos/plataformasd e carga,
2Q.66.18.10,Carroscontraincêndio em a e ródromos(CCI),
2Q.66.18.14,Caminhõ e stipolimpa-pistas,
2Q.66.18.14.02,Caminhãotipolimpa-pistas com hidrojat e amento,
2Q.66.18.14.06,Caminhãotipolimpa-pistas com granalha de aço (micro e sferas),
2Q.66.22,Equipamentosdeelevação e transporta do r e s,
2Q.66.22.02,Guin da st e s e guinchos,
2Q.66.22.06,Gruas,
2Q.66.22.10,Eleva do r e sd e construção,
2Q.66.22.14,Eleva do r e s,
2Q.66.22.16,Transel e va do r e s,
2Q.66.22.18,Transporta do r e s,
2Q.66.22.18.02,Corr e iatransporta do ra,
2Q.66.22.18.06,Caboaér e o,
2Q.66.22.22,Tap e t e srolant e s,
2Q.66.22.26,Sistemasd e trilhos para vagon e tas,
2Q.66.22.30,Empilha de iras,
2Q.66.22.32,Transpal e t e iras,
2Q.66.22.34,Plataformas e l e vatórias,
2Q.66.22.38,Equipamentosparael e vação e içamento,
2Q.66.22.38.02,Correia com can e cosoualcatruz e s,
2Q.66.22.38.06,Rol da na,
2Q.66.22.38.10,Talha,
2Q.66.22.38.14,Sarilho,
2Q.66.22.38.18,Duto,
2Q.66.26,Equipamentosd e suportefxo,
2Q.66.30,Equipamentosd e suport e articulado,
2Q.66.30.02,Manipuladoresd em at e riais com braçoarticulado,
2Q.66.30.06,Manipulador e st e l e scópicos,
2Q.92,Equipamentos e produtos para amanut e nçãode instalações,
2Q.92.02,Equipamentosparaamanut e nção de instalações,
2Q.92.02.02,Equipamentosd e jardinag e m,
2Q.92.02.02.02,Corta do r e sd e grama,
2Q.92.02.02.06,Roça de irasd e jardim,
2Q.92.02.06,EquipamentosparaLimpeza em anut e nçãodefacha da sde edifcaçõ e s,
2Q.92.02.06.02,Rodostelescópicosparalavag em d e jan e las,
2Q.92.02.06.06,Rodosparalavag em d e jan e las,
2Q.92.02.06.06.02,Gabarito para ro do s,
2Q.92.02.06.10,ConjuntosdeProdutos paralavag em d e jan e las,
2Q.92.02.06.14,Sistemasdesegurançaparas e rviçosd e lavag em de jan e las,
2Q.92.02.06.18,Luvasparaserviçosdelavag em d e jan e las,
2Q.92.02.06.22,Panosd em icrofbraparalavag em d e jan e las,
2Q.92.02.06.26,Baldeseacessóriosparalavag em d e jan e las,
2Q.92.02.06.30,Produtosquímicosparalavag em d e jan e las,
2Q.92.02.06.34,Assessóriosparalavag em d e jan e las,
2Q.92.02.06.38,Raspadorasparalavag em d e jan e las,
2Q.92.02.06.42,Lâminasparalavag em d e jan e las,
2Q.92.02.10,Equipamentosparalimpeza em anut e nção de áreas ext e rnas,
2Q.92.06,Produtosquímicosparamanut e nção de instalações,
3E.02,Elementos de man e jodo terr e no,
3E.02.02,Elementos de terrapl e no,
3E.02.02.02,Solo,
3E.02.02.04,Camada de soloorgânico,
3E.02.02.06,Platô,
3E.02.02.08,Faixa terraplanada,
3E.02.04,Elementos de Contenção,
3E.02.04.02,Murode arrimo,
3E.02.04.02.02,Murode arrimo por gravi da de,
3E.02.04.02.04,Murode arrimo por fexão,
3E.02.04.02.06,Murode gabião,
3E.02.04.02.08,Murode fexão,
3E.02.04.04,Sologramp e ado,
3E.02.04.06,Cortina de Contenção,
3E.02.04.06.02,Contenção escorada,
3E.02.04.06.04,Contenção não escorada,
3E.02.04.06.06,Berma,
3E.02.04.06.08,Cortina de Contenção compranchão,
3E.02.04.06.10,Cortina de Contenção com e stacas justapostas,
3E.02.04.06.12,Cortina de Contenção compar e de diafragma,
3E.02.06,Elementos de talude,
3E.02.06.02,Talude escalonado,
3E.02.06.04,Coroamentodo talude,
3E.02.06.06,Pé do talude,
3E.02.08,Elementos de aterro,
3E.02.08.02,Cort e do aterro,
3E.02.08.02.02,Pé do corte,
3E.02.08.04,Aterro,
3E.02.08.04.02,Aterrosobr e soloinconsist e nte,
3E.02.08.04.04,Berma de equilíbrio do aterro,
3E.02.08.04.06,Cristado aterro,
3E.02.08.04.08,Pé do aterro,
3E.02.08.04.10,Corpo do aterro,
3E.02.10,Elementos para delimitação de implantação,
3E.02.10.02,Cerca para delimitação de implantação,
3E.02.10.04,Muro para d e limitação de implantação,
3E.02.10.06,Mur e tapara delimitação de implantação,
3E.02.12,Elementos de plantio,
3E.02.12.02,Gramas,
3E.02.12.04,Mudas,
3E.02.12.06,Vegetação de pequ e no porte,
3E.02.12.08,Vegetação de médioporte,
3E.02.12.10,Vegetação de grande porte,
3E.04,Elementos de cant e iro de obra,
3E.04.02,Elementos de ancorag em temporária,
3E.04.04,Elementos de cimbramento,
3E.04.06,Elementos de escoramento,
3E.04.08,Elementos de marcação,
3E.04.10,Elementos de man e jode resíduos,
3E.04.10.02,Elementos de acondicionamentode resíduos,
3E.06,Elementos de drenag e m,
3E.06.02,Elementos de Drenagem de transposição de talv e gu e s,
3E.06.02.02,Bueiro paratransposição de talv e gu e s,
3E.06.02.04,Pontilhão para transposição de talv e gu e s,
3E.06.02.06,Pont e para transposição de talv e gu e s,
3E.06.04,Elementos de Drenagem sup e rcial,
3E.06.04.02,Val e tade Proteção de corte,
3E.06.04.04,Val e tade Proteção de aterro,
3E.06.04.06,Val e tade cant e iro central,
3E.06.04.08,Sarj e tade corte,
3E.06.04.10,Sarj e tade aterro,
3E.06.04.12,Descida d’água,
3E.06.04.14,Saída d’água,
3E.06.04.16,Caixa col e tora de Drenagem sup e rcial,
3E.06.04.18,Bueiro de greide,
3E.06.04.20,Dissipa do r de energiade Drenagem sup e rcial,
3E.06.04.20.02,Baciade amort e cimento,
3E.06.04.20.04,Dissipa do r contínuo,
3E.06.04.22,Corta-rios,
3E.06.04.24,Dreno de alíviode muros de arrimo,
3E.06.06,Elementos de Drenagem do pavimento,
3E.06.06.02,Camada drenante,
3E.06.06.04,Dreno raso longitudinal,
3E.06.06.06,Dreno lat e ral de base,
3E.06.06.08,Dreno transv e rsal,
3E.06.08,Elementos de Drenagem subt e rrân e a ou prounda,
3E.06.08.02,Dreno profundo,
3E.06.08.02.02,Dreno profundo contínuo,
3E.06.08.02.04,Dreno profundo descontínuo,
3E.06.08.04,Dreno espinha de peixe,
3E.06.08.06,Colchão drenante,
3E.06.08.08,Dreno sub-horizontal,
3E.06.08.10,Val e tão lat e ral,
3E.06.08.12,Dreno vertical,
3E.06.10,Elementos de Drenagem de trav e ssiaurbana,
3E.06.10.02,Sarj e tade Drenagem de trav e ssiaurbana,
3E.06.10.04,Boca-de-lobo de Drenagem de trav e ssiaurbana,
3E.06.10.06,Poço-de-visita de Drenagem de trav e ssiaurbana,
3E.06.12,Elementos geotêxt e is,
3E.06.12.02,Geotêxtil do tipo tecido,
3E.06.12.04,Geotêxtil do tipo não tecido,
3E.08,Elementos de tráego,
3E.08.02,Elementos de Pavimentação,
3E.08.02.02,Subl e ito de pavimento,
3E.08.02.04,Sub-base de pavimento,
3E.08.02.06,Base de pavimento,
3E.08.02.08,Rolamentodo pavimento,
3E.08.04,Elementos de balizamentode tráego,
3E.08.04.02,Meio-o,
3E.08.04.04,Defensa,
3E.08.04.06,Separa do r,
3E.08.04.08,Corrimão,
3E.08.04.10,Guarda-corpo,
3E.08.04.12,Guarda-rodas,
3E.08.04.14,Faixas sonoriza do ras,
3E.08.04.16,Barras de trepi da ção,
3E.08.04.18,Quebra-molas,
3E.08.04.20,Plataforma de tráfego,
3E.08.04.22,Barr e ira de tráfego,
3E.08.04.24,Piso tátil dir e cional,
3E.08.04.26,Piso tátil alerta,
3E.08.06,Elementos de con e xão de tráego,
3E.08.06.02,Rampa,
3E.08.06.02.02,Lance de rampa,
3E.08.06.02.04,Patamar de rampa,
3E.08.06.04,Escada,
3E.08.06.04.02,Pisada de escada,
3E.08.06.04.04,Esp e lho de escada,
3E.08.06.04.06,Patamar de escada,
3E.08.06.06,Eleva do r,
3E.08.06.08,Monta-carga,
3E.08.06.10,Plataforma,
3E.08.06.10.02,Plataforma elevatória,
3E.08.06.10.04,Plataforma giratória,
3E.08.08,Elementos de sinalização,
3E.08.08.02,Sinalização eml e tra dim e nsional,
3E.08.08.04,Sinalização empainel,
3E.08.08.06,Sinalização empost e e painel/coluna,
3E.08.08.08,Sinalização compainel iluminado,
3E.08.08.10,Sinalização compainel não iluminado,
3E.08.08.12,Sinalização fotolumin e sc e nte,
3E.08.08.14,Sinalização de mensag em eletrônica,
3E.08.08.16,Sinalização futuante,
3E.10,Elementos de undaçõ e s,
3E.10.02,Elementos de undaçõ e s dir e tas,
3E.10.02.02,Bloco de fundação,
3E.10.02.04,Sapata,
3E.10.02.06,Fun da ção emgr e lha,
3E.10.02.08,Radi e r,
3E.10.04,Elementos de undaçõ e s proundas,
3E.10.04.02,Estaca,
3E.10.04.02.02,Estaca cravada a percussão,
3E.10.04.02.04,Estaca cravada por prensag e m,
3E.10.04.02.06,Estaca franki,
3E.10.04.02.08,Estaca de tubo de pontafechada,
3E.10.04.02.10,Estaca escavada rotativa,
3E.10.04.02.12,Estaca escavada diafragma,
3E.10.04.02.14,Estaca mol da da strauss,
3E.10.04.02.16,Estaca mol da da raiz,
3E.10.04.02.18,Estaca pré-mol da da,
3E.10.04.04,Tubulão,
3E.10.04.06,Caixão de fundação,
3E.12,Elementos de estruturas,
3E.12.02,Elementos estruturaisde orma ativa,
3E.12.02.02,Estrutura de cabo,
3E.12.02.04,Estrutura de tenda,
3E.12.02.06,Estrutura de pneumático,
3E.12.02.08,Estrutura de arco,
3E.12.02.08.02,Arco funicular,
3E.12.02.08.02.02,Arco ach e te,
3E.12.02.08.02.04,Arcobotante,
3E.12.02.08.02.06,Arco cego,
3E.12.02.08.02.08,Arco cruz e iro,
3E.12.02.08.02.10,Arco de ogiva,
3E.12.02.08.02.12,Arco toral,
3E.12.02.08.02.14,Formal e te,
3E.12.02.08.02.16,Arco abatido,
3E.12.02.08.02.18,Arco ferradura,
3E.12.02.08.02.20,Arco geminado,
3E.12.02.08.02.22,Arco gótico,
3E.12.02.08.02.24,Arco mourisco,
3E.12.02.08.02.26,Arco pleno,
3E.12.02.08.02.28,Arco tribolado,
3E.12.02.08.02.30,Arco tudor,
3E.12.02.08.04,Estrutura de retículas abobada da s,
3E.12.04,Elementos estruturaisde vetor ativo,
3E.12.04.02,Treliça plana,
3E.12.04.04,Treliça combinada,
3E.12.04.06,Treliça curva,
3E.12.04.08,Treliça espacial,
3E.12.06,Elementos estruturaisde seção ativa,
3E.12.06.02,Viga,
3E.12.06.02.02,Verga,
3E.12.06.02.04,Contrav e rga,
3E.12.06.04,Pórtico,
3E.12.06.06,Malha de viga,
3E.12.06.08,Laje,
3E.12.08,Elementos estruturaisde sup e rície-ativa,
3E.12.08.02,Estrutura de placas,
3E.12.08.04,Estrutura de placas dobra da s,
3E.12.08.06,Estrutura de casca,
3E.12.08.06.02,Casca de curvas simpl e s,
3E.12.08.06.04,Casca emcúpula,
3E.12.08.06.06,Casca ems e la,
3E.12.10,Elementos estruturaisde altura-ativa,
3E.12.10.02,Estrutura de transmissão vertical de cargas,
3E.12.10.02.02,Pilar,
3E.12.12,Elementos de acoplamento estrutural,
3E.12.12.02,Acoplamento e lástico,
3E.12.12.04,Acoplamentoflexível,
3E.12.12.06,Acoplamentos e co,
3E.12.12.08,Acoplamentoúmido,
3E.12.12.10,Ancorag e m,
3E.14,Elementos de vedaçõ e s,
3E.14.02,Par e de,
3E.14.02.02,Núcl e o de par e de,
3E.14.02.04,Acabamentode par e de,
3E.14.04,cobertura,
3E.14.04.02,Telhado,
3E.14.04.02.02,Cume e ira,
3E.14.04.02.04,Espigão,
3E.14.04.02.06,Rincão,
3E.14.04.02.08,Beiral,
3E.14.04.02.10,Telhamento,
3E.14.04.02.12,Tesoura,
3E.14.04.02.14,Pontal e te,
3E.16,Elementos de acabamentos,
3E.16.02,Pisos,
3E.16.02.02,Contrapiso,
3E.16.02.04,Rev e stimentode piso,
3E.16.02.06,Sol e ira,
3E.16.02.08,Pinga de ira,
3E.16.02.10,Tropicão,
3E.16.04,Forros,
3E.16.04.02,painel de forro,
3E.16.04.04,Pendural,
3E.16.04.06,Juntade dilatação de forro,
3E.16.04.08,Tabica,
3E.16.06,Acabamentos de Parede s,
3E.16.06.02,Canton e ira paraParede s,
3E.16.06.04,Rodapé,
3E.16.06.06,Rodam e io,
3E.16.06.08,Sanca,
3E.18,Elementos de imp e rm e abilização,
3E.18.02,Elementos de regularização da imp e rm e abilização,
3E.18.04,Elementos imp e rm e abilizante,
3E.18.06,Elementos de isolamento térmico da imp e rm e abilização,
3E.18.08,Elementos de Proteção mecânica da imp e rm e abilização,
3E.20,Elementos de aberturas,
3E.20.02,Elementos de aberturas para circulação,
3E.20.02.02,Portas,
3E.20.02.02.02,Portade corr e r,
3E.20.02.02.04,Portade girar,
3E.20.02.02.06,Portacamarão,
3E.20.02.02.08,Portade enrolar,
3E.20.02.02.10,Portapivotante,
3E.20.02.02.12,Portagiratória,
3E.20.02.04,Alçapõ e s,
3E.20.04,Elementos de aberturas para ventilação e iluminação natural,
3E.20.04.02,Jan e las,
3E.20.04.02.02,Jan e lade corr e r,
3E.20.04.02.04,Jan e lapivotante,
3E.20.04.02.06,Jan e labasculante,
3E.20.04.02.08,Jan e laproj e tante,
3E.20.04.02.10,Jan e laguilhotina,
3E.20.04.04,Domus,
3E.20.04.06,Cúpula,
3E.20.04.08,Claraboia,
3E.20.04.10,Átrio para iluminação e ventilação,
3E.20.04.12,Lant e rnim,
3E.20.04.14,Shed,
3E.22,Elementos acústicos,
3E.22.02,Elementos absorve do r e s,
3E.22.04,Elementos de barr e ira,
3E.22.06,Elementos atenua do r e s,
3E.22.08,Elementos de enclausuramento,
3E.24,Elementos de re de s de transmissão de eletrici da de,
3E.24.02,Linhas de transmissão,
3E.24.04,Rede de distribuição,
3E.24.06,Sub e stação de distribuição,
3E.24.08,Transorma do r de distribuição,
3E.26,Elementos de instalações prediaisde eletrici da de,
3E.26.02,Ramaisde orn e cimento de corr e nte,
3E.26.02.02,Ramal de ligação,
3E.26.02.04,Ramal de entrada,
3E.26.02.06,Ramal alim e nta do r,
3E.26.04,Elementos para a int e rrupção de corr e nte,
3E.26.04.02,Fusív e is,
3E.26.04.02.02,Fusív e l paraProteção de uso geral,
3E.26.04.02.04,Fusív e l de circuitos motor e s,
3E.26.04.02.06,Fusív e l paraProteção de semicondutor e s,
3E.26.04.04,Disjuntor e s,
3E.26.04.06,Dispositivo diferencial-residual (DR),
3E.26.06,Elementos para o isolamento de corr e nte,
3E.26.06.02,Secciona do r,
3E.26.06.04,Isola do r,
3E.26.06.06,Resistor de aterramento,
3E.26.06.08,Dispara do r diferencial,
3E.26.06.10,Limita do r de sobr e t e nsõ e s,
3E.26.08,Elementos para a estabilização de corr e nte,
3E.26.08.02,Dispositivo de Proteção contra sobr e t e nsõ e s elétricas (DPS-e),
3E.26.08.04,Dispositivo de Proteção contra surtos,
3E.26.08.06,Barramentode equipot e ncialização principal (BEP),
3E.26.10,Elementos para disp e rsão de descargas elétricas,
3E.26.10.02,Aterramentofuncional,
3E.26.10.04,Aterramentode Proteção,
3E.26.10.06,Aterramentode trabalho,
3E.26.10.08,Aterramentopara e ntrada de energia/entrada de serviço,
3E.26.10.10,Rede captora de descargas,
3E.26.10.12,Eletrodo para a disp e rsão de descargas elétricas,
3E.26.10.14,Descida de descarga,
3E.26.10.16,Condutor de descida,
3E.26.10.18,Condutor de equipot e ncialização,
3E.26.10.20,Barramentode equipot e ncialização funcional,
3E.26.10.22,Con e ctor de medição,
3E.26.10.24,Anel de cintamento,
3E.26.10.26,Caixa de equalização,
3E.26.12,Elementos para a distribuição de corr e nte,
3E.26.12.02,Circuitos,
3E.26.12.02.02,Circuito de alta-tensão,
3E.26.12.02.04,Circuito de baixa tensão,
3E.26.12.02.06,Circuito de corr e nt e alt e rnada,
3E.26.12.02.08,Circuito de corr e nt e contínua,
3E.26.12.02.10,Circuito monofásico,
3E.26.12.02.12,Circuito bifásico,
3E.26.12.02.14,Circuito trifásico,
3E.26.12.04,Quadro de distribuição resi de ncial,
3E.26.12.06,painel geral de baixa tensão,
3E.26.14,Elementos para a transormação de corr e nte,
3E.26.14.02,Transforma do r diferencial,
3E.26.14.04,Transforma do r de corr e nte,
3E.26.14.06,Transforma do r de potência,
3E.26.16,Elementos para o acionamento de corr e nte,
3E.26.16.02,Int e rruptor e s,
3E.26.16.04,Controla do r e s de int e nsi da de - dimm e r,
3E.26.18,Elementos para o orn e cimentode corr e nte,
3E.26.20,Elementos condutor e s de corr e nte,
3E.26.20.02,Condutor para baixa tensão,
3E.26.20.04,Condutor para uso geral,
3E.26.20.06,Condutor para uso esp e cíco,
3E.26.20.08,Condutor de fase,
3E.26.20.10,Condutor neutro,
3E.26.20.12,Condutor-terra,
3E.26.20.14,Condutor de retorno,
3E.26.20.16,Condutor pen,
3E.26.22,Elementos para a Proteção de condutor e s,
3E.26.22.02,Condutos,
3E.26.22.04,Fixa do r e s,
3E.26.22.06,Grampos,
3E.26.22.08,Suport e s,
3E.26.22.10,Con e ctor e s,
3E.26.22.10.02,Deriva do r e s,
3E.26.22.10.04,Emen da s,
3E.26.22.10.06,Terminais,
3E.28,Elementos de iluminação,
3E.28.02,Elementos de iluminação de uso geral,
3E.28.02.02,Fluxo luminoso dir e to,
3E.28.02.04,Fluxo luminoso indir e to,
3E.28.02.06,Fluxo luminoso semidir e to,
3E.28.02.08,Fluxo luminoso semi-indir e to,
3E.28.02.10,Fluxo luminoso geral-difuso,
3E.28.04,Elementos para modicar fuxos luminosos,
3E.28.04.02,Sup e rfíci e de absorção,
3E.28.04.04,Sup e rfíci e de refração,
3E.28.04.06,Sup e rfíci e de ref e xão,
3E.28.04.08,Sup e rfíci e de difusão,
3E.28.04.10,Sup e rfíci e louv e r,
3E.28.06,Elementos de iluminação de emergência,
3E.30,Elementos de ventilação e exaustão,
3E.30.02,Elementos de ventilação,
3E.30.02.02,Ventila do r centrífugo,
3E.30.02.04,Ventila do r axial ou tipo hélice,
3E.30.04,Elementos de exaustão,
3E.30.04.02,Captor de exaustão,
3E.30.04.04,Dutode ar de exaustão,
3E.30.04.06,Ventila do r de exaustão,
3E.30.04.08,Chaminé de exaustão,
3E.32,Elementos de rede de distribuição de tele com unicaçõ e s,
3E.32.02,Elementos de rede de distribuição de teleonia,
3E.32.02.02,Elementos da rede primáriade distribuição de telefonia,
3E.32.02.04,Elementos da rede secundáriade distribuição de telefonia,
3E.32.04,Elementos para re de s de rádio,
3E.32.06,Elementos para re de s de tv,
3E.32.08,Elementos para distribuição de int e rn e t,
3E.34,Elementos de instalações prediaisde tele com unicaçõ e s,
3E.34.02,Elementos de instalações de teleonia,
3E.34.02.02,Elementos de entrada telefônica,
3E.34.02.04,Elementos de ramaisde entrada telefônica,
3E.34.02.06,Elementos para distribuição int e rna de telefonia,
3E.34.04,Elementos para instalações de int e rn e t,
3E.34.06,Elementos para instalações de rec e pção de sinal de rádio,
3E.34.08,Elementos para instalações de rec e pção de sinal de tv,
3E.36,Elementos para sist em as de abast e cimentode água,
3E.36.02,Elementos para captação de água bruta,
3E.36.04,Elementos para adução de água bruta,
3E.36.06,Elementos para res e rvação de água bruta,
3E.36.08,Elementos para tratamento de água bruta,
3E.36.10,Elementos para adução de água potável,
3E.36.12,Elementos para res e rvação de água potável,
3E.36.14,Elementos para distribuição de água potável,
3E.36.14.02,Elementos para distribuição dir e tade água potável,
3E.36.14.04,Elementos para distribuição indir e tade água potável,
3E.36.14.04.02,Elementos para distribuição indir e tade água potável sem bomb e amento,
3E.36.14.04.04,Elementos para distribuição indir e tade água potável com bomb e amento,
3E.36.14.06,Elementos para distribuição mistade água potável,
3E.36.14.08,Elementos para distribuição hidropn e umática de água potável,
3E.38,Elementos de instalações hidráulicas,
3E.38.02,Elementos alim e nta do r e s eminstalaçõ e s hidráulicas,
3E.38.02.02,Ramal de alim e ntação de água,
3E.38.02.04,Alim e nta do r de água,
3E.38.02.06,Caval e t e de água,
3E.38.02.08,Res e rvatório de água,
3E.38.02.10,Condutor de recalque de água,
3E.38.02.12,Dispositivo para sucção de água,
3E.38.02.14,Dispositivo para ventilação de água,
3E.38.04,Elementos extravasor e s eminstalaçõ e s hidráulicas,
3E.38.04.02,Tubulação para e xtravasão de água,
3E.38.04.04,Tubulação paraLimpeza de água,
3E.38.06,Elementos distribui do r e s eminstalaçõ e s hidráulicas,
3E.38.06.02,Barril e t e de água,
3E.38.06.02.02,Barril e t e de água unicado,
3E.38.06.02.04,Barril e t e de água ramicado,
3E.38.06.04,Prumada de água,
3E.38.06.06,Coluna de água,
3E.38.06.08,Ramal de distribuição de água,
3E.38.06.10,Sub-ramal de distribuição de água,
3E.38.08,Elementos con e ctor e s eminstalaçõ e s hidráulicas,
3E.38.10,Elementos aqu e ce do r e s para instalações hidráulicas,
3E.38.10.02,Aqu e ce do r elétrico para instalações hidráulicas,
3E.38.10.02.02,Aqu e ce do r elétrico de passag em para instalações hidráulicas,
3E.38.10.02.04,Aqu e ce do r elétrico por acumulação parainstalaçõ e s hidráulicas,
3E.38.10.04,Aqu e ce do r a gás parainstalaçõ e s hidráulicas,
3E.38.10.04.02,Aqu e ce do r a gás de passag em para instalações hidráulicas,
3E.38.10.04.04,Aqu e ce do r a gás por acumulação para instalações hidráulicas,
3E.38.12,Elementos de isolamento térmico para instalações hidráulicas,
3E.38.14,Elementos controla do r e s de fuxo eminstalaçõ e s hidráulicas,
3E.38.16,Elementos terminais em instalações hidráulicas,
3E.40,Elementos de instalações de água pluvial,
3E.40.02,Elementos para captação de águas pluviais,
3E.40.04,Elementos para Inspeção de instalações de água pluvial,
3E.40.06,Elementos para tratamento de águas pluviais,
3E.40.06.02,Dispositivo de descarte da s prim e iras águas,
3E.40.06.04,Separa do r de mat e riaisgross e iros paraaprov e itamentode águas pluviais,
3E.40.06.06,Sist em a de tratamentoe desinfecção paraaprov e itamentode águas pluviais,
3E.40.06.08,Res e rvatório paraaprov e itamentode águas pluviais,
3E.40.06.10,Bomba de recalque paraaprov e itamentode águas pluviais,
3E.40.06.12,Poço de inltração para aprov e itamentode águas pluviais,
3E.40.06.14,Extravasor para aprov e itamentode águas pluviais,
3E.40.08,Elementos para esgotamento de águas pluviais,
3E.42,Elementos de instalações sanitárias,
3E.42.02,Elementos controla do r e s de fuxo eminstalaçõ e s sanitárias,
3E.42.02.02,Válvulade ret e nção de instalação sanitária,
3E.42.02.02.02,Tipo leve,
3E.42.02.02.04,Tipo pesado,
3E.42.02.04,Registro de instalação sanitária,
3E.42.02.04.02,Registro globo aberto,
3E.42.02.04.04,Registro gav e taab e rto,
3E.42.02.04.06,Registro ânguloab e rto,
3E.42.04,Elementos col e tor e s eminstalaçõ e s sanitárias,
3E.42.04.02,Col e tor de instalação sanitária,
3E.42.04.04,Sub-col e tor de instalação sanitária,
3E.42.06,Elementos distribui do r e s eminstalaçõ e s sanitárias,
3E.42.06.02,Distribuição primáriade instalação sanitária,
3E.42.06.04,Distribuição secundária de instalação sanitária,
3E.42.06.06,Ramal de esgotode instalação sanitária,
3E.42.06.08,Ramal de descarga de instalação sanitária,
3E.42.06.10,Prumada de queda de instalação sanitária,
3E.42.06.12,Coluna de queda de instalação sanitária,
3E.42.08,Elementos con e ctor e s eminstalaçõ e s sanitárias,
3E.42.10,Elementos para ventilação eminstalaçõ e s sanitárias,
3E.42.10.02,Ramal de ventilação de instalação sanitária,
3E.42.10.04,Coluna de ventilação de instalação sanitária,
3E.42.10.06,Ventila do r primáriode instalação sanitária,
3E.42.10.08,Ventila do r secundário de instalação sanitária,
3E.42.12,Elementos de Inspeção de instalações sanitárias,
3E.42.14,Elementos de reúso de águas cinzas,
3E.42.14.02,Col e tade reúso de águas cinzas,
3E.42.14.04,Estação de tratamentode reúso de águas cinzas,
3E.42.14.06,Res e rvatório de reúso de águas cinzas,
3E.42.14.08,Terminal de reúso de águas cinzas,
3E.42.16,Elementos para esgotamento sanitáriolocal,
3E.42.16.02,Fossa séptica,
3E.42.16.02.02,Sumi do uro,
3E.42.16.02.04,Caixa de distribuição,
3E.42.16.02.06,Valade inltração,
3E.42.16.02.08,Galerialtrante,
3E.42.16.02,Fossa seca,
3E.42.16.02,Fossa negra,
3E.42.18,Elementos para esgotamento sanitárioviar e de col e tora,
3E.42.18.02,Baciade Drenagem para a rede col e torade esgoto,
3E.42.18.04,Caixa de passag em para a rede col e tora de esgoto,
3E.42.18.06,Ligação predial para a rede col e tora de esgoto,
3E.44,Elementos da rede de esgotamentosanitário,
3E.44.02,Elementos col e tor e s de esgoto,
3E.44.02.02,Tubulação da rede col e tora de esgoto,
3E.44.02.04,Estação elevatória de rede col e tora de esgoto,
3E.44.02.04.02,Bomba de rede col e tora de esgoto,
3E.44.02.04.04,Poço de sucção de rede col e tora de esgoto,
3E.44.02.04.06,Canalização de sucção de rede col e torade esgoto,
3E.44.02.04.08,Recalque de rede col e tora de esgoto,
3E.44.02.04.10,Dispositivo acessóriode rede col e torade esgoto,
3E.44.04,Elementos para tratamento de esgoto,
3E.44.04.02,Grade paratratamentode esgoto,
3E.44.04.04,Tanque de areia para tratamentode esgoto,
3E.44.04.06,Decanta do r primário paratratamentode esgoto,
3E.44.04.08,Câmarade aeração para tratamentode esgoto,
3E.44.04.10,Decanta do r secundário para tratamentode esgoto,
3E.44.04.12,Dig e stor ana e róbiode para tratamentode esgoto,
3E.44.04.14,Emissáriode estação de tratamentode esgoto,
3E.48,Elementos de tratamentode resíduos sóli do s,
3E.48.02,Elementos para sist em as de col e tade resíduos sóli do s,
3E.48.04,Elementos para tratamento mecânico de resíduos sóli do s,
3E.48.04.02,Compacta do r de resíduos sóli do s,
3E.48.06,Elementos para tratamento bioquímico de resíduos sóli do s,
3E.48.06.02,Compost e ira de resíduos sóli do s,
3E.48.08,Elementos para tratamento térmico de resíduos sóli do s,
3E.48.08.02,Forno de incin e ração de resíduos sóli do s,
3E.48.10,Elementos para a destinação de resíduos sóli do s,
3E.50,Elementos de sist em as de rerig e ração,
3E.50.02,Elementos de distribuição emsist em as de rerig e ração,
3E.50.02.02,Isolamentotérmico de rede de dutos,
3E.50.02.04,Dutoflexível para distribuição de ar refrig e rado,
3E.50.02.06,Dutorígido para distribuição de ar refrig e rado,
3E.50.02.08,Dutoconv e ncional retangular apar e nte,
3E.50.04,Elementos para diusão de ar,
3E.50.04.02,Boca de ar,
3E.50.04.04,Difusor de insufamento,
3E.50.04.06,Difusor de retorno,
3E.50.04.08,Grelha de insufamento,
3E.50.04.10,Grelha de retorno,
3E.50.04.12,Tomada de ar ext e rno,
3E.50.04.14,Ventila do r para distribuição de ar,
3E.50.06,Elementos para troca de calor de sist em as de rerig e ração,
3E.50.06.02,Evapora do r paratroca de calor de sist em as de refrig e ração,
3E.50.06.04,Cond e nsa do r paratroca de calor de sist em as de refrig e ração,
3E.50.08,Elementos de compr e ssão de sist em as de rerig e ração,
3E.50.08.02,Compr e ssor de êmbolo,
3E.50.08.04,Compr e ssor de parafuso,
3E.50.08.06,Compr e ssor de palh e ta,
3E.50.08.08,Compr e ssor centrífugo,
3E.50.08.10,Compr e ssor scroll,
3E.50.10,Elementos de expansão de sist em as de rerig e ração,
3E.50.10.02,Ramal de expansão de sist em as de refrig e ração,
3E.50.10.04,Válvulade expansão de sist em as de refrig e ração,
3E.50.10.06,Depósito de água de expansão de sist em as de refrig e ração,
3E.50.10.08,Seca do r de expansão de sist em as de refrig e ração,
3E.50.10.10,Filtro de expansão de sist em as de refrig e ração,
3E.50.10.14,Fréon de expansão de sist em as de refrig e ração,
3E.50.10.14.02,Fréon gasoso,
3E.50.10.14.04,Fréon líquido,
3E.50.10.16,Dreno de expansão de sist em as de refrig e ração,
3E.50.12,Elementos de sist em as de água gelada emsist em as de rerig e ração,
3E.50.12.02,Resfria do r a água,
3E.50.12.04,Resfria do r a ar,
3E.50.12.06,Fan coil,
3E.50.12.08,Torre de resfriamento,
3E.50.12.10.02,Torre atmosférica,
3E.50.12.10.04,Torre de corr e nt e de ar forçado,
3E.50.12.10.06,Torre de corr e nt e de ar induzido,
3E.50.12.12,Bomba de água gelada,
3E.50.12.14,Tanque de expansão,
3E.50.14,Elementos de expansão dir e ta- cond e nsação a água,
3E.50.14.02,Bomba de água de cond e nsação,
3E.50.14.04,Caixa d’água de cond e nsação a água,
3E.50.16,Elementos de expansão dir e ta- unidades compactas,
3E.50.16.02,Uni da de compactade cond e nsação a água,
3E.50.16.04,Torre de resfriamento para uni da d e s compactas,
3E.50.16.06,Bomba parauni da d e s compactas,
3E.50.16.08,Ramal de recalque parauni da d e s compactas,
3E.50.16.10,Ramal de retorno para unidades compactas,
3E.50.16.12,Registro de gav e tapara unidades compactas,
3E.50.16.14,Registro de globo para unidades compactas,
3E.50.16.16,Válvulade ret e nção para unidades compactas,
3E.50.18,Elementos para sist em as de expansão indir e ta de água gelada,
3E.50.18.02,Entrada de água para sist em as de expansão indir e tade água gelada,
3E.50.18.04,Ladrão parasist em as de expansão indir e tade água gelada,
3E.50.18.06,Caixa de expansão para sist em as de expansão indir e tade água gelada,
3E.50.18.08,Bomba parasist em as de expansão indir e tade água gelada,
3E.50.18.10,Bomba de circulação parasist em as de expansão indir e tade água gelada,
3E.50.18.12,Bomba de cond e nsação para sist em as de expansão indir e tade água gelada,
3E.50.18.14,Resfria do r para sist em as de expansão indir e tade água gelada,
3E.50.18.16,Depósito para sist em as de expansão indir e tade água gelada,
3E.50.18.18,Alim e nta do r principal para sist em as de expansão indir e tade água gelada,
3E.50.18.20,Válvulade alíviode pressão para sist em as de expansão indir e tade água gelada,
3E.50.18.22,Válvulade três vias parasist em as de expansão indir e tade água gelada,
3E.50.20,Elementos para instalação central de água gelada,
3E.50.20.02,Alim e ntação de água gelada,
3E.50.20.04,Retorno de água gelada,
3E.50.20.06,Alim e ntação de água de cond e nsação,
3E.50.20.08,Retorno de água de cond e nsação,
3E.50.20.10,Bomba parao sist em a de cond e nsação,
3E.50.20.12,Bomba parao sist em a de água gelada,
3E.50.20.14,Resfria do r para instalação central de água gelada,
3E.50.20.16,Manôm e tro parainstalação central de água gelada,
3E.50.20.18,Termôm e tro para instalação central de água gelada,
3E.50.20.20,Flowswitch,
3E.50.20.22,Flowm e t e r,
3E.50.20.24,Redução concêntrica para instalação central de água gelada,
3E.50.20.26,Redução excêntrica parainstalação central de água gelada,
3E.50.20.28,Filtro de linha parainstalação central de água gelada,
3E.50.20.30,Amort e ce do r de vibração para instalação central de água gelada,
3E.52,Elementos de sist em as de aqu e cimento,
3E.52.02,Elementos para sist em as de aqu e cimentosolar ativo,
3E.52.02.02,Col e tor de placa plana,
3E.52.02.04,Tanque de Armazenamentopara líquido quente,
3E.52.02.06,Bomba parasist em as de aqu e cimentosolar ativo,
3E.52.02.08,Ventila do r para sist em as de aqu e cimentosolar ativo,
3E.52.02.10,Serp e ntina para sist em as de aqu e cimentosolar ativo,
3E.52.02.12,Dutopara sist em as de aqu e cimentosolar ativo,
3E.52.02.14,Difusor parasist em as de aqu e cimentosolar ativo,
3E.52.04,Elementos para sist em as de aqu e cimentohidrônico por água quente,
3E.52.04.02,Cald e ira parasist em as de aqu e cimentohidrônico por água quente,
3E.52.04.04,Tanque de compr e ssão para sist em as de aqu e cimentohidrônico por água quente,
3E.52.04.06,Bomba parasist em as de aqu e cimentohidrônico por água quente,
3E.52.04.08,Ramal de distribuição para sist em as de aqu e cimentohidrônico por água quente,
3E.52.04.10,Válvulade pressão para sist em as de aqu e cimentohidrônico por água quente,
3E.52.04.12,Válvulade control e para sist em as de aqu e cimentohidrônico por água quente,
3E.52.04.14,Radia do r de calor parasist em as de aqu e cimentohidrônico por água quente,
3E.52.06,Elementos para sist em as de aqu e cimentoa vapor,
3E.52.06.02,Cald e ira parasist em as de aqu e cimentoa vapor,
3E.52.06.04,Bomba de vácuo para sist em as de aqu e cimentoa vapor,
3E.52.06.06,Ramal de alim e ntação para sist em as de aqu e cimentoa vapor,
3E.52.06.08,Ramal de retorno da água para sist em as de aqu e cimentoa vapor,
3E.52.06.10,Válvulade control e para sist em as de aqu e cimentoa vapor,
3E.52.06.12,Radia do r para sist em as de aqu e cimentoa vapor,
3E.52.08,Elementos para sist em as de aqu e cimentopor ar quente,
3E.52.08.02,Combustor para sist em as de aqu e cimentopor ar quente,
3E.52.08.04,Ventila do r para sist em as de aqu e cimentopor ar quente,
3E.52.08.06,Filtro de poeira parasist em as de aqu e cimentopor ar quente,
3E.52.08.08,Tanque de óleo para sist em as de aqu e cimentopor ar quente,
3E.52.08.10,Dutode insufamento para sist em as de aqu e cimentopor ar quente,
3E.52.08.12,Dutode retorno parasist em as de aqu e cimentopor ar quente,
3E.54,Elementos de instalações de gas e s,
3E.54.02,Elementos para instalações de gas e s combustív e is,
3E.54.02.02,Elementos alim e nta do r e s eminstalaçõ e s de gas e s combustív e is,
3E.54.02.04,Elementos distribui do r e s eminstalaçõ e s de gas e s combustív e is,
3E.54.02.04.02,Prumada de gas e s combustív e is,
3E.54.02.04.04,Ramal de distribuição de gas e s combustív e is,
3E.54.02.04.06,Sub-ramal de distribuição de gas e s combustív e is,
3E.54.02.06,Elementos con e ctor e s eminstalaçõ e s de gas e s combustív e is,
3E.54.02.08,Elementos controla do r e s de fuxo eminstalaçõ e s de gas e s combustív e is,
3E.54.02.08.02,Regula do r individual parainstalação de gas e s combustív e is,
3E.54.02.08.04,Regula do r col e tivo parainstalação de gas e s combustív e is,
3E.54.02.10,Elementos medi do r e s de consumo eminstalaçõ e s de gas e s combustív e is,
3E.54.02.10.02,Medi do r individual para instalação de gas e s combustív e is,
3E.54.02.10.04,Medi do r col e tivo parainstalação de gas e s combustív e is,
3E.54.02.12,Elementos terminais em instalações de gas e s combustív e is,
3E.54.04,Elementos para instalações de gas e s medicinais,
3E.54.04.02,Elementos alim e nta do r e s eminstalaçõ e s de gas e s medicinais,
3E.54.04.04,Elementos para tratamento em instalações de gas e s medicinais,
3E.54.04.06,Elementos distribui do r e s eminstalaçõ e s de gas e s medicinais,
3E.54.04.08,Elementos con e ctor e s eminstalaçõ e s de gas e s medicinais,
3E.54.04.10,Elementos controla do r e s de fuxo eminstalaçõ e s de gas e s medicinais,
3E.54.04.12,Elementos para monitoramentode instalações de gas e s medicinais,
3E.54.04.12.02,painel de alarme de gas e s medicinais,
3E.54.04.12.04,painel rep e ti do r de alarme para instalações prediais de gas e s medicinais,
3E.54.04.14,Elementos terminais em instalações de gas e s medicinais,
3E.54.06,Elementos para instalações de gas e s industriais,
3E.54.06.02,Elementos alim e nta do r e s eminstalaçõ e s de gas e s industriais,
3E.54.06.04,Elementos para tratamento em instalações de gas e s industriais,
3E.54.06.06,Elementos distribui do r e s eminstalaçõ e s de gas e s industriais,
3E.54.06.08,Elementos con e ctor e s eminstalaçõ e s de gas e s industriais,
3E.54.06.10,Elementos controla do r e s de fuxo eminstalaçõ e s de gas e s industriais,
3E.54.06.12,Elementos para monitoramentode instalações de gas e s industriais,
3E.54.06.12.02,painel de alarme de gas e s industriais,
3E.54.06.12.04,painel rep e ti do r de alarme para instalações prediais de gas e s industriais,
3E.54.06.14,Elementos terminais em instalações de gas e s industriais,
3E.54.08,Elementos para instalações de gas e s esp e ciais,
3E.54.08.02,Elementos alim e nta do r e s eminstalaçõ e s de gas e s esp e ciais,
3E.54.08.04,Elementos para tratamento em instalações de gas e s esp e ciais,
3E.54.08.06,Elementos distribui do r e s eminstalaçõ e s de gas e s esp e ciais,
3E.54.08.08,Elementos con e ctor e s eminstalaçõ e s de gas e s esp e ciais,
3E.54.08.10,Elementos controla do r e s de fuxo eminstalaçõ e s de gas e s esp e ciais,
3E.54.08.12,Elementos para monitoramentode instalações de gas e s esp e ciais,
3E.54.08.12.02,painel de alarme de gas e s esp e ciais,
3E.54.08.12.04,painel rep e ti do r de alarme para instalações prediais de gas e s esp e ciais,
3E.54.08.14,Elementos terminais em instalações de gas e s esp e ciais,
3E.56,Elementos móv e is,
3E.56.02,Elementos para comunicação visual,
3E.56.04,Elementos de mobiliário,
3E.56.06,Equipamentos móv e iscon e cta do s às instalações elétricas,
3E.56.08,Equipamentos móv e iscon e cta do s às instalações hidráulicas,
3E.58,Elementos de automação,
3E.58.02,Elementos de automação predial,
3E.58.04,Elementos de automação industrial,
3E.60,Elementos de sist em as de Proteção a descargas atmoséricas,
3E.60.02,Elementos para a captação de descargas atmoséricas,
3E.60.02.02,Para-raios,
3E.60.02.04,Hast e Franklin,
3E.60.02.06,Hast e ionizante,
3E.60.02.08,Gaiolade Fara da y,
3E.60.04,Elementos para descida de descargas atmoséricas,
3E.60.04.02,Condutor de int e rligação,
3E.60.06,Elementos para a con e xão de aterramento da descarga atmosérica,
3E.60.06.02,Eletrodo para a con e xão de aterramentoda descarga atmosférica,
3E.60.08,Dispositivos para sist em as de Proteção a descargas atmoséricas,
3E.60.06.02,Dispositivo de Proteção contra surtos atmosféricos (dps-a),
3E.62,Elementos de Proteção a incêndio,
3E.62.02,Elementos para restrição ao surgimentoe à propagação de incêndio,
3E.62.02.02,Compartim e ntação horizontal,
3E.62.02.04,Compartim e ntação vertical,
3E.62.04,Elementos para control e de crescimentoe supr e ssão de incêndio,
3E.62.06,Elementos de rede de gás para combate a incêndio,
3E.62.08,Elementos de rede de Proteção por espuma,
3E.62.10,Elementos de rede de Proteção por chuv e iros,
3E.62.10.02,Válvulade governo e alarme (vga),
3E.62.10.04,Câmarade retardo,
3E.62.10.06,Registro de recalque,
3E.62.10.08,Con e xão de recalque,
3E.62.10.10,Dispositivo de recalque,
3E.62.10.12,Válvular e dutora de pressão,
3E.62.10.14,Barril e t e de chuv e iro automático para incêndio,
3E.62.10.16,Prumada de chuv e iro automático paraincêndio,
3E.62.10.18,Ramal de chuv e iro automático paraincêndio,
3E.62.10.20,Terminal de chuv e iro automático paraincêndio,
3E.62.12,Elementos de det e cção de incêndio,
3E.62.14,Elementos de alerta de incêndio,
3E.62.16,Elementos de acesso e acili da de para operaçõ e s de socorro,
3E.62.18,Elementos de Proteção estrutural emsituaçõ e s de incêndio,
3E.62.20,Elementos de control e de umaça e gas e s,
3E.64,Elementos de segurança patrimonial,
3E.64.02,Elementos para monitoramento por câm e ras,
3E.64.04,Elementos para monitoramento de pres e nça,
3E.64.06,Elementos para alertas sonoros,
3E.64.08,Elementos para comunicação de ocorrência,
3E.64.10,Elementos para control e de acesso,
3R.02,"Resulta do s dos trabalhos de Planejamento, proj e toe gestão",
3R.02.02,Resulta do s dos trabalhos de Planejamento,
3R.02.02.02,plan e jado (a),
3R.02.02.06,delin e ado (a),
3R.02.02.10,preconc e bido (a),
3R.02.06,Resulta do s dos trabalhos de Levantamento,
3R.02.06.02,levantado (a),
3R.02.06.06,pesquisado (a),
3R.02.06.10,son da do (a),
3R.02.06.14,consultado (a),
3R.02.10,Resulta do s dos trabalhos de análise,
3R.02.10.02,identicado (a),
3R.02.10.06,analisado (a),
3R.02.10.10,int e rpr e tado (a),
3R.02.10.14,diagnosticado (a),
3R.02.10.18,simulado (a),
3R.02.14,Resulta do s dos trabalhos de Desenvolvimento,
3R.02.14.02,proposto(a),
3R.02.14.06,conc e bido (a),
3R.02.14.10,proj e tado (a),
3R.02.14.14,dim e nsionado (a),
3R.02.14.18,detalhado (a),
3R.02.14.22,prototipado (a),
3R.02.14.26,des e nvolvido (a),
3R.02.18,Resulta do s dos trabalhos de gestão,
3R.02.18.02,contratado (a),
3R.02.18.06,conduzido (a),
3R.02.18.10,dirigido (a),
3R.02.18.14,gerido (a),
3R.02.18.18,coord e nado (a),
3R.02.18.22,compatibilizado (a),
3R.02.18.26,comprado (a),
3R.02.18.30,organizado (a),
3R.02.18.34,estab e l e cido (a),
3R.02.18.38,mobilizado (a),
3R.02.18.42,desmobilizado (a),
3R.02.22,Resulta do s dos trabalhos de docum e ntação,
3R.02.22.02,fotografado (a),
3R.02.22.06,lmado (a),
3R.02.22.10,escan e ado (a),
3R.02.22.14,descrito(a),
3R.02.22.18,relatado (a),
3R.02.22.22,esqu em atizado (a),
3R.02.22.26,rot e irizado (a),
3R.02.22.30,tab e lado (a),
3R.02.22.34,listado (a),
3R.02.22.38,map e ado (a),
3R.02.22.42,des e nhado (a),
3R.02.22.46,mo de lado (a),
3R.02.22.50,rend e rizado (a),
3R.02.22.54,diagramado (a),
3R.02.22.58,esp e cicado (a),
3R.02.22.62,docum e ntado (a),
3R.02.22.66,memoriado (a),
3R.02.26,Resulta do s dos trabalhos de comunicação,
3R.02.26.02,protocolado (a),
3R.02.26.06,publicado (a),
3R.02.26.10,dir e cionado (a),
3R.02.26.14,comunicado (a),
3R.02.26.18,noticado (a),
3R.02.30,Resulta do s dos trabalhos de classicação,
3R.02.30.02,hierarquizado (a),
3R.02.30.06,associado (a),
3R.02.30.10,agr e gado (a),
3R.02.30.14,composto(a),
3R.02.34,Resulta do s dos trabalhos de quanticação,
3R.02.34.02,calculado (a),
3R.02.34.02.02,somado (a),
3R.02.34.02.06,subtraído (a),
3R.02.34.02.10,fatorado (a),
3R.02.34.06,quanticado (a),
3R.02.34.10,orçado (a),
3R.02.38,"Resulta do s dos trabalhos de medição, monitoramentoe controle",
3R.02.38.02,medido (a),
3R.02.38.06,testado (a),
3R.02.38.10,controlado (a),
3R.02.38.14,monitorado (a),
3R.02.38.18,periciado (a),
3R.02.38.22,comissionado (a),
3R.02.38.26,vericado (a),
3R.02.38.26.02,vistoriado (a),
3R.02.38.26.06,auditado (a),
3R.02.38.30,corrigido (a),
3R.02.38.34,vali da do (a),
3R.06,Resulta do s dos trabalhos de logística,
3R.06.02,Resulta do s dos trabalhos de transporte,
3R.06.02.02,transportado (a),
3R.06.02.06,içado (a),
3R.06.02.10,carr e gado (a),
3R.06.02.14,descarr e gado (a),
3R.06.02.18,manobrado (a),
3R.06.02.22,estacionado (a),
3R.06.06,Resulta do s dos trabalhos de Armazenamento,
3R.06.06.02,forn e cido (a),
3R.06.06.06,abast e cido (a),
3R.06.06.10,etiqu e tado (a),
3R.06.06.14,ensacado (a),
3R.06.06.18,encaixotado (a),
3R.06.06.22,acondicionado (a),
3R.06.06.26,empilhado (a),
3R.06.06.30,guar da do (a),
3R.06.06.34,armaz e nado (a),
3R.06.06.38,hospe da do (a),
3R.06.10,Resulta do s dos trabalhos de descarte,
3R.06.10.02,col e tado (a),
3R.06.10.06,destruído (a),
3R.06.10.10,triturado (a),
3R.06.10.14,queimado (a),
3R.06.10.18,apagado (a),
3R.06.10.22,formatado (a),
3R.10,Resulta do s dos trabalhos de transormação,
3R.10.02,Resulta do s dos trabalhos de divisão de umproduto (separação. corte etc.),
3R.10.02.02,cortado (a),
3R.10.02.06,recortado (a),
3R.10.02.10,serrado (a),
3R.10.02.14,chanfrado (a),
3R.10.02.18,apar e lhado (a),
3R.10.02.22,pontal e tado (a),
3R.10.02.26,rasgado (a),
3R.10.02.30,quebrado (a),
3R.10.02.34,britado (a),
3R.10.02.38,ssurado (a),
3R.10.02.42,lascado (a),
3R.10.02.46,dosado (a),
3R.10.06,Resulta do s dos trabalhos da retirada de part e s de umproduto,
3R.10.06.02,ranhurado (a),
3R.10.06.06,raspado (a),
3R.10.06.10,desgastado (a),
3R.10.06.14,arranhado (a),
3R.10.06.18,fresado (a),
3R.10.06.22,frisado (a),
3R.10.06.26,escaricado (a),
3R.10.06.30,furado (a),
3R.10.06.34,perfurado (a),
3R.10.06.38,lixado (a),
3R.10.06.42,des em p e nado (a),
3R.10.06.46,usinado (a),
3R.10.06.50,podado (a),
3R.10.06.54,escavado (a),
3R.10.10,Resulta do s dos trabalhos do acréscimo de part e s a umproduto,
3R.10.10.02,enchido (a),
3R.10.10.06,pre e nchido (a),
3R.10.10.10,acamurçado (a),
3R.10.10.14,ume de cido (a),
3R.10.10.18,aterrado (a),
3R.10.10.22,reat e rrado (a),
3R.10.14,"Resulta do s dos trabalhos de alt e ração na orma (deormação) de umproduto semr e tirada ou acréscimo de part e s (dobra, torção, compr e ssão, ext e nsão)",
3R.10.14.02,dobrado (a),
3R.10.14.06,torcido (a),
3R.10.14.10,enrolado (a),
3R.10.14.14,comprimido (a),
3R.10.14.18,compactado (a),
3R.10.14.22,adensado (a),
3R.10.14.26,alargado (a),
3R.10.14.30,expandido (a),
3R.10.14.34,extru da do (a),
3R.10.14.38,prot e ndido (a),
3R.10.14.42,can e lado (a),
3R.10.14.46,temp e rado (a),
3R.10.18,"Resulta do s dos trabalhos de con e xão de produtos (ácil descon e xão, sem da nos aos produtos)",
3R.10.18.02,con e ctado (a),
3R.10.18.06,amarrado (a),
3R.10.18.10,parafusado (a),
3R.10.18.14,rosqu e ado (a),
3R.10.18.18,engastado (a),
3R.10.18.22,encunhado (a),
3R.10.18.26,ent e rrado (a),
3R.10.18.30,plantado (a),
3R.10.22,"Resulta do s dos trabalhos de união de produtos (na desunião, os produtos são danicados, porémnão totalment e d e struí do s)",
3R.10.22.02,xado (a),
3R.10.22.06,aderido (a),
3R.10.22.10,colado (a),
3R.10.22.14,sol da do (a),
3R.10.22.18,chumbado (a),
3R.10.22.22,pregado (a),
3R.10.22.26,gramp e ado (a),
3R.10.22.30,crimpado (a),
3R.10.26,Resulta do s dos trabalhos da mistura de produtos (não há como separar os produtos semque maisde umd e l e s seja de struído),
3R.10.26.02,mol da do (a),
3R.10.26.06,pré-mol da do (a),
3R.10.26.10,graut e ado (a),
3R.10.26.14,concr e tado (a),
3R.10.26.18,pavim e ntado (a),
3R.10.26.22,cim e ntado (a),
3R.10.26.26,revolvido (a),
3R.10.26.30,amassado (a),
3R.10.26.34,misturado (a),
3R.10.26.38,mesclado (a),
3R.10.30,Resulta do s dos trabalhos do rev e stimentode produtos (não há como separar os produtos semque pelom e nos umd e l e s seja destruído),
3R.10.30.02,emboçado (a),
3R.10.30.06,chapiscado (a),
3R.10.30.10,estucado (a),
3R.10.30.14,jat e ado (a),
3R.10.30.18,lançado (a),
3R.10.30.22,pintado (a),
3R.10.30.26,pulv e rizado (a),
3R.10.30.30,caiado (a),
3R.10.30.34,plasticado (a),
3R.10.30.38,resinado (a),
3R.10.30.42,imp e rm e abilizado (a),
3R.10.30.46,laminado (a),
3R.10.30.50,selado (a),
3R.10.30.54,polido (a),
3R.10.30.58,galvanizado (a),
3R.10.30.58.02,cromado (a),
3R.10.30.58.06,zincado (a),
3R.10.30.62,oxi da do (a),
3R.10.34,"Resulta do s dos trabalhos da montag em de produtos (associação de produtos que pode ocorr e r depois do s resulta do s de união, con e xão, alt e ração ou divisão)",
3R.10.34.02,fabricado (a),
3R.10.34.06,pré-fabricado (a),
3R.10.34.10,instalado (a),
3R.10.34.14,montado (a),
3R.10.34.18,formado (a),
3R.10.34.22,emoldurado (a),
3R.10.34.26,apoiado (a),
3R.10.34.26.02,escorado (a),
3R.10.34.26.06,sobr e posto(a),
3R.10.34.26.10,ass e ntado (a),
3R.10.34.26.14,reass e ntado (a),
3R.10.34.30,colocado (a),
3R.10.34.34,combinado (a),
3R.10.34.38,cob e rto(a),
3R.10.34.42,armado (a),
3R.10.34.46,aramado (a),
3R.10.34.50,travado (a),
3R.10.34.50.02,contrav e ntado (a),
3R.10.34.54,estaqu e ado (a),
3R.10.34.54.02,cravado (a),
3R.10.34.58,embutido (a),
3R.10.34.62,encaixado (a),
3R.10.34.66,acoplado (a),
3R.10.34.70,contido (a),
3R.10.34.70.02,cercado (a),
3R.10.34.70.06,vedado (a),
3R.10.38,Resulta do s dos trabalhos da separação de produtos,
3R.10.38.02,destilado (a),
3R.10.38.06,vaporizado (a),
3R.10.38.10,liquefeito (a),
3R.10.38.14,ltrado (a),
3R.10.38.18,centrifugado (a),
3R.10.38.22,dissolvido (a),
3R.10.38.26,desmagn e tizado (a),
3R.10.38.30,soprado (a),
3R.10.38.34,pen e irado (a),
3R.10.38.38,levigado (a),
3R.10.38.42,fotado (a),
3R.10.38.46,foculado (a),
3R.10.38.50,catado (a),
3R.10.38.54,isolado (a),
3R.10.38.58,drenado (a),
3R.10.38.62,esgotado (a),
3R.10.42,Resulta do s dos trabalhos da desmontag em de produtos,
3R.10.42.02,desmontado (a),
3R.10.42.06,desformado (a),
3R.10.42.10,removido (a),
3R.10.42.14,retirado (a),
3R.10.42.18,descolado (a),
3R.10.42.22,desgramp e ado (a),
3R.10.42.26,despr e gado (a),
3R.10.42.30,desaparafusado (a),
3R.10.42.34,descon e ctado (a),
3R.10.42.38,desamarrado (a),
3R.10.42.42,desrosqu e ado (a),
3R.10.42.46,des e ngastado (a),
3R.10.46,Resulta do s dos trabalhos da descaract e rização de produtos,
3R.10.46.02,demolido (a),
3R.10.46.06,desconstruído (a),
3R.10.46.10,arrasado (a),
3R.10.50,Resulta do s dos trabalhos de reaprov e itamento de produtos,
3R.10.50.02,reaprov e itado (a),
3R.10.50.06,recup e rado (a),
3R.10.50.10,reciclado (a),
3R.14,Resulta do s dos trabalhos de operação,
3R.14.02,Resulta do s dos trabalhos de acionamentode equipamentos,
3R.14.02.02,acionado (a),
3R.14.02.06,iniciado (a),
3R.14.02.10,ligado (a),
3R.14.06,Resulta do s dos trabalhos de desligamentode equipamentos,
3R.14.06.02,desligado (a),
3R.14.06.06,desativado (a),
3R.14.06.10,inativo (a),
3R.18,Resulta do s dos trabalhos de Manutenção,
3R.18.02,Resulta do s dos trabalhos de substituição,
3R.18.02.02,substituído (a),
3R.18.02.06,recolocado (a),
3R.18.06,Resulta do s dos trabalhos de reparo,
3R.18.06.02,reparado (a),
3R.18.06.06,reconstruído (a),
3R.22,Resulta do s dos trabalhos de apoio,
3R.22.02,Resulta do s dos trabalhos de Limpeza,
3R.22.02.02,limpo (a),
3R.22.02.06,lavado (a),
3R.22.02.10,varrido (a),
3R.22.06,Resulta do s dos trabalhos de treinamento e capacitação,
3R.22.06.02,treinado (a),
3R.22.06.06,capacitado (a),
3R.22.10,Resulta do s dos trabalhos de segurança e saúde,
3R.22.10.02,sinalizado (a),
3R.22.10.06,imunizado (a),
4U.02,Unidades fundiárias e para Planejamentot e rritorial,
4U.02.02,Terr e nos,
4U.02.02.02,Terr e no público,
4U.02.02.06,Terr e no privado,
4U.02.02.10,Terr e no estrang e iro,
4U.02.06,Unidades de Proteção int e gral,
4U.02.06.02,Res e rva biológica,
4U.02.06.06,Parque nacional,
4U.02.06.10,Refúgiode vida silv e stre,
4U.02.06.14,Monumentonatural,
4U.02.10,Unidades de uso sust e ntável,
4U.02.10.02,Área de Proteção ambiental,
4U.02.10.06,Área de relevant e int e r e sse ecológico,
4U.02.10.10,Flor e stanacional,
4U.02.10.14,Res e rva extrativista,
4U.02.10.18,Res e rva de fauna,
4U.02.10.22,Res e rva de Desenvolvimentosust e ntável,
4U.02.10.26,Res e rva particular do patrimônionatural,
4U.02.14,Lot e s,
4U.02.14.02,Lot e industrial,
4U.02.14.06,Lot e com e rcial,
4U.02.14.10,Lot e r e si de ncial,
4U.02.14.14,Lot e institucional,
4U.02.18,Áreas relacionada à água,
4U.02.18.02,Costa,
4U.02.18.06,Ilha,
4U.02.18.10,Zona de ench e nt e s,
4U.02.18.14,Pantanal/pântano,
4U.02.22,Áreas selvag e ns,
4U.02.26,Áreas rurais,
4U.02.30,Áreas urbanas,
4U.02.30.02,Área industrial,
4U.02.30.06,Área com e rcial,
4U.02.30.10,Área resi de ncial,
4U.02.30.14,Área institucional,
4U.02.34,Áreas comdir e itos compartilha do s,
4U.02.34.02,Área comdir e itos compartilha do s para Conservação/pres e rvação,
4U.02.34.06,Área comdir e itos compartilha do s como governo,
4U.02.34.10,Área comdir e ito de passag e m,
4U.02.38,Unidades paraPlanejamentot e rritorial,
4U.02.38.02,Metrópole,
4U.02.38.06,Capital regional,
4U.02.38.10,Centro sub-regional,
4U.02.38.14,Centro de zona,
4U.02.38.18,Centro local,
4U.06,"Unidades agrop e cuárias, produção for e stal, pesca e aquicultura",
4U.06.02,Unidades da indústriaagrícola,
4U.06.02.02,Uni da de de cultivo de culturas não per e n e s,
4U.06.02.02.02,"Uni da de de cultivo de cer e ais(exc e toarroz), leguminosas e sem e nt e s oleaginosas",
4U.06.02.02.06,Uni da de de cultivo de arroz,
4U.06.02.02.10,"Uni da de de cultivo de veg e taise melõ e s, raíz e s e tubérculos",
4U.06.02.02.14,Uni da de de cultivo de cana-de-açúcar,
4U.06.02.02.18,Uni da de de cultivo de tabaco,
4U.06.02.02.22,Uni da de de cultivo de safras de bra,
4U.06.02.06,Uni da de de cultivo de safras per e n e s,
4U.06.02.06.02,Uni da de de cultivo de uvas,
4U.06.02.06.06,Uni da de de cultivo de frutas tropicaise subtropicais,
4U.06.02.06.10,Uni da de de cultivo de frutas cítricas,
4U.06.02.06.14,Uni da de de cultivo de pomói de as e frutas de caroço,
4U.06.02.06.18,Uni da de de cultivo de outras frutas e noz e s de árvor e s e arbustos,
4U.06.02.06.22,Uni da de de cultivo de frutas oleaginosas,
4U.06.02.06.26,Uni da de de cultivo de safras de bebi da s,
4U.06.02.06.30,"Uni da de de cultivo de esp e ciarias, culturas aromáticas, medicamentosas e farmacêuticas",
4U.06.02.10,Uni da de de cultivo de sem e nt e s,
4U.06.02.14,Uni da de de cultivo de plantas,
4U.06.02.14.02,Uni da de de cultivo de plantas ornam e ntais,
4U.06.02.18,Uni da de de apoioà produção agrícola,
4U.06.02.18.02,Uni da de de colh e ita e pós-colh e ita,
4U.06.02.18.06,Uni da de de proc e ssamentode sem e nt e s,
4U.06.06,Unidades da indústriap e cuária,
4U.06.06.02,Uni da de de criação animal,
4U.06.06.02.02,Uni da de de criação de gado e búfalos,
4U.06.06.02.06,Uni da de de criação de cavalos e outros equinos,
4U.06.06.02.10,Uni da de de criação de cam e los e cam e líd e os,
4U.06.06.02.14,Uni da de de criação de caprinos e ovinos,
4U.06.06.02.18,Uni da de de criação de suínos,
4U.06.06.02.22,Uni da de de criação de aves,
4U.06.06.02.26,Uni da de de criação de abelhas,
4U.06.06.06,Uni da de de apoioà produção animal,
4U.06.06.06.02,Centro de operaçõ e s de alim e ntação de animais,
4U.06.06.06.06,Engorda de animais,
4U.06.06.10,Uni da de de proc e ssamentoda produção animal,
4U.06.06.10.02,Mata do uroe centro de proc e ssamento,
4U.06.10,Unidades de agrop e cuária mista,
4U.06.14,Unidades de caça e captura,
4U.06.14.02,Uni da de de caça,
4U.06.14.06,Uni da de de captura,
4U.06.18,Unidades de comércioe leilõ e s agrop e cuários,
4U.06.22,Unidades da indústriafor e stal,
4U.06.22.02,Uni da de de cultivo de for e stas,
4U.06.22.06,Uni da de de apoioà silvicultura,
4U.06.22.10,Uni da de de exploração ma de ir e ira,
4U.06.22.14,Uni da de de recolha de produtos for e staisnão lenhosos,
4U.06.22.18,Estufa,
4U.06.26,Unidades das indústrias de pesca e aquicultura,
4U.06.26.02,Uni da de de pesca,
4U.06.26.02.02,Uni da de de pesca marinha,
4U.06.26.02.06,Uni da de de pesca de água-doce,
4U.06.26.02,Uni da de de aquicultura,
4U.06.26.02.02,Uni da de de aquicultura marinha,
4U.06.26.02.06,Uni da de de aquicultura de água doce,
4U.10,Unidades das indústrias extrativas,
4U.10.02,Unidades de min e ração de carvão e linhito,
4U.10.02.02,Uni da de de extração de produtos de carvão,
4U.10.02.06,Uni da de de extração de produtos de linhito,
4U.10.06,Unidades da extração de petról e o cru e gás natural,
4U.10.06.02,Uni da de de extração de petról e o cru,
4U.10.06.06,Uni da de de extração de gás natural,
4U.10.10,Unidades de extração de min e raism e tálicos,
4U.10.10.02,Uni da de de extração de bauxita,
4U.10.10.06,Uni da de de extração de chumbo,
4U.10.10.10,Uni da de de extração de cobalto,
4U.10.10.14,Uni da de de extração de cobre,
4U.10.10.18,Uni da de de extração de cromo,
4U.10.10.22,Uni da de de extração de estanho,
4U.10.10.26,Uni da de de extração de minério de ferro,
4U.10.10.30,Uni da de de extração de manganês,
4U.10.10.34,Uni da de de extração de nióbio,
4U.10.10.38,Uni da de de extração de níqu e l,
4U.10.10.42,Uni da de de extração de ouro,
4U.10.10.46,Uni da de de extração de titânio,
4U.10.10.50,Uni da de de extração de zinco,
4U.10.10.54,Uni da de de extração de zircônio,
4U.10.10.58,Uni da de de extração de cobre,
4U.10.10.62,Uni da de de extração de chumbo,
4U.10.14,Unidades das indústrias de extração de min e raisnão-metálicos,
4U.10.14.02,Uni da de de extração de água min e ral,
4U.10.14.06,Uni da de de extração de amianto,
4U.10.14.10,Uni da de de extração de barita,
4U.10.14.14,Uni da de de extração de bentonita,
4U.10.14.18,Uni da de de extração de cal,
4U.10.14.22,Uni da de de extração de caulim,
4U.10.14.26,Uni da de de extração de cimento,
4U.10.14.30,Uni da de de extração de diatomito,
4U.10.14.34,Uni da de de extração de enxofre,
4U.10.14.38,Uni da de de extração de feldspato,
4U.10.14.42,Uni da de de extração de fosfato,
4U.10.14.46,Uni da de de extração de fuorita,
4U.10.14.50,Uni da de de extração de gipsita,
4U.10.14.54,Uni da de de extração de grata,
4U.10.14.58,Uni da de de extração de magn e sita,
4U.10.14.62,Uni da de de extração de mica,
4U.10.14.66,Uni da de de extração de saisde potássio,
4U.10.14.70,Uni da de de extração de quartzo,
4U.10.14.74,Uni da de de extração de rochas ornam e ntais,
4U.10.14.78,Uni da de de extração de sal,
4U.10.14.82,Uni da de de extração de talco,
4U.10.14.86,Uni da de de extração de vermiculita,
4U.10.18,Unidades de apoioàs indústrias de min e ração e extração,
4U.14,Unidades das indústrias de transformação,
4U.14.02,Unidades de proc e ssamentoe fabricação de alimentos,
4U.14.02.02,Uni da de de proc e ssamentoe pres e rvação de carne,
4U.14.02.06,"Uni da de de proc e ssamentoe pres e rvação de peix e s, crustáceos e moluscos",
4U.14.02.10,Uni da de de proc e ssamentoe pres e rvação de frutas e veg e tais,
4U.14.02.14,Uni da de de fabricação de óleos e gorduras veg e taise animais,
4U.14.02.18,Uni da de de fabricação de laticínios,
4U.14.02.22,Uni da de de fabricação de produtos de moag em de grãos,
4U.14.02.26,Uni da de de fabricação de ami do s e produtos de amido,
4U.14.02.30,Uni da de de fabricação de produtos de panicação,
4U.14.02.34,Uni da de de fabricação de açúcar,
4U.14.02.38,"Uni da de de fabricação de cacau, chocolat e e conf e itaria",
4U.14.02.42,"Uni da de de fabricação de macarrão, cuscuz ou produtos farináceos sem e lhant e s",
4U.14.02.46,Uni da de de fabricação de pratos e ref e içõ e s prepara da s,
4U.14.02.54,Uni da de de fabricação de raçõ e s prepara da s para animais,
4U.14.06,Unidades de fabricação de bebi da s,
4U.14.06.02,Uni da de de fabricação de refrig e rant e s,
4U.14.06.06,Uni da de de fabricação de isotônicos,
4U.14.06.10,Uni da de de fabricação de bebi da s energéticas,
4U.14.06.14,Uni da de de fabricação de xarope para elaboração de bebi da s,
4U.14.06.18,"Uni da de de fabricação de malte, cerv e jas e chope",
4U.14.06.22,"Uni da de de fabricação de aguard e nt e de cana-de-açúcar, rumou taá",
4U.14.06.26,"Uni da de de fabricação de aguard e nt e de frutas, gimou gen e bra",
4U.14.06.30,Uni da de de fabricação de uísqu e s,
4U.14.06.34,Uni da de de fabricação de vodcas,
4U.14.06.38,"Uni da de de fabricação de aguard e nt e de vinho ou bagaço de uva (conhaque, brande)",
4U.14.06.42,Uni da de de fabricação de vinhos,
4U.14.06.46,Uni da de de fabricação de champanha,
4U.14.06.50,Uni da de de fabricação de sidra,
4U.14.06.54,Uni da de de fabricação de vermute,
4U.14.06.58,Uni da de de fabricação de águas mineraisnaturaiss em a do çant e s ou aromatizant e s,
4U.14.06.62,Uni da de de fabricação de águas min e raisnaturaisgas e icadas sem adoçant e s ou aromatizant e s,
4U.14.06.66,Uni da de de fabricação de águas minerais com a do çant e s ou aromatizant e s,
4U.14.06.70,Uni da de de fabricação de águas min e raisgas e icadas coma do çant e s ou aromatizant e s,
4U.14.06.74,Uni da de de fabricação de água puricada adicionada de saise sem adoçant e s ou aromatizant e s,
4U.14.06.78,Uni da de de fabricação de água puricada gas e icada adicionada de sais e sema do çant e s ou aromatizant e s,
4U.14.10,Unidades de fabricação de produtos de tabaco,
4U.14.10.02,Uni da de de fabricação de produtos de tabaco combustív e l,
4U.14.10.02.02,Uni da de de fabricação de cigarros,
4U.14.10.02.06,Uni da de de fabricação de charutos,
4U.14.10.02.10,Uni da de de fabricação de cigarrilha,
4U.14.10.02.14,Uni da de de fabricação de fumo desado,
4U.14.10.02.18,Uni da de de fabricação de fumo de rola,
4U.14.10.02.22,Uni da de de fabricação de cachimbo,
4U.14.10.02.26,Uni da de de fabricação de cigarro kret e k,
4U.14.10.02.30,Uni da de de fabricação de cigarro de palha,
4U.14.10.02.34,Uni da de de fabricação de cigarro bidi,
4U.14.10.02.38,Uni da de de fabricação de cigarro blunt,
4U.14.10.06,Uni da de de fabricação de produtos de tabacos não gera do r e s de fumaça,
4U.14.10.06.02,Uni da de de fabricação de tabaco inalável,
4U.14.10.06.06,Uni da de de fabricação de snus,
4U.14.10.06.10,Uni da de de fabricação de fumo para mascar,
4U.14.10.10,Uni da de de fabricação de produtos de tabaco aqu e cido,
4U.14.10.10.02,Uni da de de fabricação de fumo para narguilé,
4U.14.10.10.06,Uni da de de fabricação de dispositivos eletrônicos,
4U.14.14,Unidades de fabricação de produtos têxt e is,
4U.14.14.02,Uni da de de Preparação e ação de bras têxt e is,
4U.14.14.02.02,Uni da de de Preparação e ação de bras de algodão,
4U.14.14.02.06,"Uni da de de Preparação e ação de bras têxt e isnaturais, exc e toalgodão",
4U.14.14.02.10,Fiação de bras articiaise sintéticas,
4U.14.14.02.14,Uni da de de fabricação de linhas para costurar e bor da r,
4U.14.14.06,Tec e lag e m,
4U.14.14.06.02,Tec e lag em de os de algodão,
4U.14.14.06.06,"Tec e lag em de os de bras têxt e isnaturais, exc e toalgodão",
4U.14.14.06.10,Tec e lag em de os de bras articiaise sintéticas,
4U.14.14.10,Uni da de de fabricação de teci do s de malha,
4U.14.14.14,"Uni da de de produção de acabamentos emos, teci do s e art e fatos têxt e is",
4U.14.14.18,"Uni da de de fabricação de art e fatos têxt e is, exc e tov e stuário",
4U.14.14.18.02,Uni da de de fabricação de art e fatos têxt e is para uso doméstico,
4U.14.14.18.06,Uni da de de fabricação de art e fatos de tap e çaria,
4U.14.14.18.10,Uni da de de fabricação de art e fatos de cor do aria,
4U.14.14.18.14,"Uni da de de fabricação de teci do s esp e ciais, inclusive art e fatos",
4U.14.18,Unidades de fabricação de artigos do vestuário e acessórios,
4U.14.18.02,Conf e cção de roupas íntimas,
4U.14.18.06,"Conf e cção de peças do vestuário, exc e toroupas íntimas",
4U.14.18.10,Conf e cção de roupas prossionais,
4U.14.18.14,"Uni da de de fabricação de acessórios do vestuário, exc e topara segurança e Proteção",
4U.14.18.18,Uni da de de fabricação de meias,
4U.14.18.22,"Uni da de de fabricação de artigos do vestuário, produzi do s emmalharias e tricotag e ns, exc e tom e ias",
4U.14.22,Unidades de fabricação de couroe produtos relacionados,
4U.14.22.02,Uni da de de curtimentoe outras pre para çõ e s de couro,
4U.14.22.06,Uni da de de fabricação de artigos paraviag em e de art e fatos div e rsos de couro,
4U.14.22.06.02,"Uni da de de fabricação de artigos paraviag e m, bolsas e sem e lhant e s de qualqu e r mat e rial",
4U.14.22.10,Uni da de de fabricação de calça do s,
4U.14.22.10.02,Uni da de de fabricação de calça do s de couro,
4U.14.22.10.06,Uni da de de fabricação de tênisde qualqu e r mat e rial,
4U.14.22.10.10,Uni da de de fabricação de calça do s de mat e rial sintético,
4U.14.22.14,"Uni da de de fabricação de part e s paracalça do s, de qualqu e r mat e rial",
4U.14.26,"Unidades de fabricação de ma de ira e de suas obras e cortiça, exc e to móv e is",uni da de de fabricação de artigos de espartariae cestaria
4U.14.26.02,Uni da de para des do bramentode ma de ira,
4U.14.26.06,"Uni da de de fabricação de ma de ira laminada ou de chapas de ma de ira comp e nsada, prensada e aglom e rada",
4U.14.26.10,Uni da de de fabricação de estruturas de ma de ira e de artigos de carpintariapara construção,
4U.14.26.14,Uni da de de fabricação de art e fatos de tanoariae de embalag e ns de ma de ira,
4U.14.26.18,"Uni da de de fabricação de art e fatos de ma de ira, palha, cortiça, vime e mat e rial trançado, exc e tomóv e is",
4U.14.30,Unidades de fabricação de pap e l e produtos de pap e l,
4U.14.30.02,Uni da de de fabricação de celulose e outras pastas,
4U.14.30.06,"Uni da de de fabricação de pap e l, cartolina e pap e l-cartão",
4U.14.30.06.02,Uni da de de fabricação de pap e l,
4U.14.30.06.06,Uni da de de fabricação de cartolina e pap e l-cartão,
4U.14.30.10,"Uni da de de fabricação de embalag e ns de pap e l, cartolina, pap e l-cartão e pap e lão ondulado",
4U.14.30.10.02,Uni da de de fabricação de embalag e ns de pap e l,
4U.14.30.10.06,Uni da de de fabricação de embalag e ns de cartolina e pap e l-cartão,
4U.14.30.10.10,Uni da de de fabricação de chapas e de embalag e ns de pap e lão ondulado,
4U.14.30.14,"Uni da de de fabricação de produtos div e rsos de pap e l, cartolina, pap e l- cartão e pap e lão ondulado",
4U.14.30.14.02,"Uni da de de fabricação de produtos de pap e l, cartolina, pap e l-cartão e pap e lão ondulado para uso com e rcial e de escritório",
4U.14.30.14.06,Uni da de de fabricação de produtos de pap e l parausos doméstico e higiênico-sanitário,
4U.14.34,Unidades de Impressão e prensag em de mídiagravada,
4U.14.34.02,Uni da de de Impressão,
4U.14.34.02.02,"Uni da de de Impressão de jornais, livros, revistas ou outras publicaçõ e s periódicas",
4U.14.34.02.06,Uni da de de Impressão de mat e rial de segurança,
4U.14.34.02.10,Uni da de de Impressão de mat e rial para uso publicitário,
4U.14.34.06,Uni da de de serviços de pré-Impressão e acabamentos grácos,
4U.14.34.06.02,Uni da de de serviços de pré-Impressão,
4U.14.34.06.06,Uni da de de serviços de enca de rnação e plasticação,
4U.14.34.06.10,"Uni da de de serviços de acabamentos grácos, exc e to e nca de rnação e plasticação",
4U.14.34.10,Uni da de de reprodução de mat e riaisgrava do s emqualqu e r suporte,
4U.14.34.10.02,Uni da de de prensag em de mídiasonora,
4U.14.34.10.06,Uni da de de prensag em de mídiaaudiovisual,
4U.14.34.10.10,Uni da de de prensag em de mídiapara distribuição de sotware,
4U.14.38,Unidades de produção de coque e de produtos petrolíf e ros renados,
4U.14.38.02,Uni da de de produção de coque,
4U.14.38.06,Uni da de de produção de deriva do s do petról e o,
4U.14.38.06.02,Uni da de de reno de petról e o,
4U.14.38.06.06,"Uni da de de produção de deriva do s do petról e o, exc e toprodutos do reno",
4U.14.38.10,Uni da de de produção de bio com bustív e is,
4U.14.38.10.02,Uni da de de produção de álcool,
4U.14.38.10.06,"Uni da de de produção de bio com bustív e is, exc e toálcool",
4U.14.42,Unidades de produção de elementos e produtos químicos,
4U.14.42.02,Uni da de de produção de produtos químicos inorgânicos,
4U.14.42.02.02,Uni da de de produção de cloroe álcalis,
4U.14.42.02.06,Uni da de de produção de int e rm e diários paraf e rtilizant e s,
4U.14.42.02.10,Uni da de de produção de adubos e fertilizant e s,
4U.14.42.02.14,Uni da de de produção de gas e s industriais,
4U.14.42.06,Uni da de de produção de produtos químicos orgânicos,
4U.14.42.06.02,Uni da de de produção de produtos petroquímicos básicos,
4U.14.42.06.06,"Uni da de de produção de int e rm e diários paraplasticant e s, resinas e bras",
4U.14.42.10,Uni da de de produção de resinas e elastôm e ros,
4U.14.42.10.02,Uni da de de produção de resinas termoplásticas,
4U.14.42.10.06,Uni da de de produção de resinas termoxas,
4U.14.42.10.10,Uni da de de produção de elastôm e ros,
4U.14.42.14,Uni da de de produção de bras articiaise sintéticas,
4U.14.42.18,Uni da de de produção de def e nsivos agrícolas e desinf e stant e s domissanitários,
4U.14.42.18.02,Uni da de de produção de def e nsivos agrícolas,
4U.14.42.18.06,Uni da de de produção de desinf e stant e s domissanitários,
4U.14.42.22,"Uni da de de produção de sabõ e s, det e rg e nt e s, produtos de Limpeza, cosméticos, produtos de perfumariae de higi e ne pessoal",
4U.14.42.22.02,Uni da de de produção de sabõ e s e det e rg e nt e s sintéticos,
4U.14.42.22.06,Uni da de de produção de produtos de Limpeza e polimento,
4U.14.42.22.10,"Uni da de de produção de cosméticos, produtos de perfumaria e de higi e ne pessoal",
4U.14.42.26,"Uni da de de produção de tintas, verniz e s, esmalt e s, lacas e produtos ans",
4U.14.42.26.02,"Uni da de de produção de tintas, verniz e s, esmalt e s e lacas",
4U.14.42.26.06,Uni da de de produção de tintas de Impressão,
4U.14.42.26.10,"Uni da de de produção de imp e rm e abilizant e s, solv e nt e s e produtos ans",
4U.14.42.30,Uni da de de produção de produtos e prepara do s químicos div e rsos,
4U.14.42.30.02,Uni da de de produção de adesivos e selant e s,
4U.14.42.30.06,Uni da de de produção de explosivos,
4U.14.42.30.10,Uni da de de produção de aditivos de uso industrial,
4U.14.42.30.14,Uni da de de produção de catalisa do r e s,
4U.14.46,Unidades de produção de farmacoquímicos e farmacêuticos,
4U.14.46.02,Uni da de de produção de farmacoquímicos,
4U.14.46.06,Uni da de de produção de medicamentos para uso humano,
4U.14.46.10,Uni da de de produção de medicamentos para uso vet e rinário,
4U.14.46.14,Uni da de de produção de pre para çõ e s farmacêuticas,
4U.14.50,Unidades de fabricação de produtos de borracha e mat e rial plástico,
4U.14.50.02,Uni da de de fabricação de pneumáticos e de câmaras-de-ar,
4U.14.50.06,Uni da de de reforma de pneumáticos usa do s,
4U.14.50.14,Uni da de de fabricação de lamina do s planos e tubular e s de mat e rial plástico,
4U.14.50.18,Uni da de de fabricação de embalag e ns de mat e rial plástico,
4U.14.50.22,Uni da de de fabricação de tubos e acessórios de mat e rial plástico para uso na construção,
4U.14.54,Unidades de fabricação de produtos min e raisnão metálicos,
4U.14.54.02,Uni da de de fabricação de vidro e de produtos do vidro,
4U.14.54.02.02,Uni da de de fabricação de vidro plano e de segurança,
4U.14.54.02.06,Uni da de de fabricação de embalag e ns de vidro,
4U.14.54.02.10,Uni da de de fabricação de artigos de vidro,
4U.14.54.06,Uni da de de fabricação de cimento,
4U.14.54.10,"Uni da de de fabricação de art e fatos de concr e to, cimento, brocimento, gesso ou materiaiss em e lhant e s",
4U.14.54.14,Uni da de de fabricação de produtos cerâmicos,
4U.14.54.14.02,Uni da de de fabricação de produtos cerâmicos refratários,
4U.14.54.14.06,Uni da de de fabricação de produtos cerâmicos não refratários parauso estrutural na construção,
4U.14.54.18,Uni da de para apar e lhamentode pedras e fabricação de outros produtos de min e raisnão metálicos,
4U.14.54.18.02,Uni da de para apar e lhamentoe outros trabalhos emp e dras,
4U.14.54.18.06,Uni da de de fabricação de cal e gesso,
4U.14.58,Unidades de produção metalúrgica,
4U.14.58.02,Uni da de de produção de ferro-gusa e de ferroligas,
4U.14.58.02.02,Uni da de de produção de ferro-gusa,
4U.14.58.02.06,Uni da de de produção de ferroligas,
4U.14.58.06,Uni da de de produção si de rúrgica,
4U.14.58.06.02,Uni da de de produção de semiacaba do s de aço,
4U.14.58.06.06,Uni da de de produção de lamina do s planos de aço,
4U.14.58.06.10,Uni da de de produção de lamina do s longos de aço,
4U.14.58.06.14,"Uni da de de produção de relamina do s, trelados e perlados de aço",
4U.14.58.10,"Uni da de de produção de tubos de aço, exc e totubos comcostura",
4U.14.58.14,Uni da de de produção de tubos de aço comcostura,
4U.14.58.18,Uni da de de produção de metaisnão ferrosos,
4U.14.58.18.02,Uni da de de produção de alumínioou suas ligas,
4U.14.58.18.06,Uni da de de produção de metaispr e ciosos,
4U.14.58.18.10,Uni da de de produção de cobre,
4U.14.58.18.14,Uni da de de produção de metaisnão ferrosos ou suas ligas,
4U.14.58.22,Uni da de de fundição,
4U.14.58.22.02,Uni da de de fundição de ferro e aço,
4U.14.58.22.06,Uni da de de fundição de metaisnão ferrosos ou suas ligas,
4U.14.62,"Unidades de fabricação de produtos de metal, exc e tomáquinas e equipamentos",
4U.14.62.02,Uni da de de fabricação de estruturas metálicas e obras de cald e iraria pesada,
4U.14.62.02.02,Uni da de de fabricação de estruturas metálicas,
4U.14.62.02.06,Uni da de de fabricação de esquadrias de metal,
4U.14.62.02.10,Uni da de de fabricação de obras de cald e irariap e sada,
4U.14.62.06,"Uni da de de fabricação de tanqu e s, res e rvatórios metálicos e cald e iras",
4U.14.62.06.02,"Uni da de de fabricação de tanqu e s, res e rvatórios metálicos e cald e iras para aqu e cimentoc e ntral",
4U.14.62.06.06,"Uni da de de fabricação de cald e iras gera do ras de vapor, exc e topara aqu e cimentoc e ntral e para veículos",
4U.14.62.10,"Uni da de para forjaria, estamparia, metalurgiado pó e serviços de tratamentode metais",
4U.14.62.10.02,Uni da de de produção de forja do s de aço e de metaisnão ferrosos e suas ligas,
4U.14.62.10.06,Uni da de de produção de art e fatos estampa do s de metal,
4U.14.62.10.10,"Uni da de para realização de serviços de usinag e m, solda, tratamentoou revestimento em m e tais",
4U.14.62.14,"Uni da de de fabricação de artigos de cut e laria, de serralh e ria e ferram e ntas",
4U.14.62.14.02,Uni da de de fabricação de artigos de cut e laria,
4U.14.62.14.06,"Uni da de de fabricação de artigos de serralh e ria, exc e to e squadrias",
4U.14.62.14.10,Uni da de de fabricação de ferram e ntas,
4U.14.62.18,"Uni da de de fabricação de equipamentobélico pesado, armas e muniçõ e s",
4U.14.66,"Unidades de fabricação de equipamentos de informática, eletrônicos e ópticos",
4U.14.66.02,Uni da de de fabricação de compon e nt e s eletrônicos,
4U.14.66.06,Uni da de de fabricação de equipamentos de informática e periféricos,
4U.14.66.06.02,Uni da de de fabricação de equipamentos de informática,
4U.14.66.06.06,Uni da de de fabricação de periféricos para equipamentos de informática,
4U.14.66.10,Uni da de de fabricação de equipamentos de comunicação,
4U.14.66.10.02,Uni da de de fabricação de equipamentos transmissor e s de comunicação,
4U.14.66.10.06,Uni da de de fabricação de apar e lhos tel e fônicos e de outros equipamentos de comunicação,
4U.14.66.14,"Uni da de de fabricação de apar e lhos de rec e pção, reprodução, gravação e amplicação de áudioe víd e o",
4U.14.66.18,"Uni da de de fabricação de apar e lhos e instrumentos de medida, test e e controle",
4U.14.66.18.02,"Uni da de de fabricação de apar e lhos e equipamentos de medida, test e e controle",
4U.14.66.18.06,Uni da de de fabricação de cronôm e tros e relógios,
4U.14.66.22,Uni da de de fabricação de apar e lhos eletromédicos e eletrot e rapêuticos e equipamentos de irradiação,
4U.14.66.26,"Uni da de de fabricação de equipamentos e instrumentos ópticos, fotográcos e cin em atográcos",
4U.14.66.30,"Uni da de de fabricação de mídias virg e ns, magnéticas e ópticas",
4U.14.70,"Unidades de fabricação de máquinas, apar e lhos ou mat e riais e létricos",
4U.14.70.02,"Uni da de de fabricação de gera do r e s, transforma do r e s ou motor e s elétricos",
4U.14.70.06,"Uni da de de fabricação de pilhas, bat e rias e acumula do r e s elétricos",
4U.14.70.06.02,"Uni da de de fabricação de pilhas, bat e rias e acumula do r e s elétricos, exc e topara veículos automotor e s",
4U.14.70.06.06,Uni da de de fabricação de bat e rias e acumula do r e s parav e ículos automotor e s,
4U.14.70.10,Uni da de de fabricação de equipamentos paradistribuição e control e de energia e létrica,
4U.14.70.10.02,Uni da de de fabricação de apar e lhos e equipamentos paradistribuição e control e de energia e létrica,
4U.14.70.10.06,Uni da de de fabricação de mat e rial elétrico parainstalaçõ e s emcircuito de consumo,
4U.14.70.10.10,"Uni da de de fabricação de os, cabos e condutor e s elétricos isola do s",
4U.14.70.14,Uni da de de fabricação de lâmpa da s e outros equipamentos de iluminação,
4U.14.70.18,Uni da de de fabricação de eletro do mésticos,
4U.14.70.18.02,"Uni da de de fabricação de fogõ e s, refrig e ra do r e s e máquinas de lavar e secar para uso doméstico",
4U.14.74,Unidades de fabricação de máquinas e equipamentos,
4U.14.74.02,"Uni da de de fabricação de motor e s, bombas, compr e ssor e s e equipamentos de transmissão",
4U.14.74.02.02,"Uni da de de fabricação de motor e s e turbinas, exc e topara aviõ e s e veículos rodoviários",
4U.14.74.02.06,"Uni da de de fabricação de equipamentos hidráulicos e pneumáticos, exc e toválvulas",
4U.14.74.02.10,"Uni da de de fabricação de válvulas, registros e dispositivos sem e lhant e s",
4U.14.74.02.14,Uni da de de fabricação de compr e ssor e s,
4U.14.74.02.18,Uni da de de fabricação de equipamentos de transmissão para ns industriais,
4U.14.74.06,Uni da de de fabricação de máquinas e equipamentos de uso geral,
4U.14.74.06.02,Uni da de de fabricação de apar e lhos e equipamentos parainstalaçõ e s térmicas,
4U.14.74.06.06,"Uni da de de fabricação de máquinas, equipamentos e apar e lhos para transport e e elevação de cargas e pessoas",
4U.14.74.06.10,Uni da de de fabricação de máquinas e apar e lhos de refrig e ração e ventilação parauso industrial e com e rcial,
4U.14.74.06.14,Uni da de de fabricação de apar e lhos e equipamentos de ar-condicionado,
4U.14.74.06.18,Uni da de de fabricação de máquinas e equipamentos para san e amento básico e ambiental,
4U.14.74.10,Uni da de de fabricação de trator e s e de máquinas e equipamentos para a agricultura e pecuária,
4U.14.74.10.02,Uni da de de fabricação de trator e s agrícolas,
4U.14.74.10.06,Uni da de de fabricação de equipamentos parairrigação agrícola,
4U.14.74.10.10,"Uni da de de fabricação de máquinas e equipamentos para a agricultura e pecuária, exc e topara irrigação",
4U.14.74.14,Uni da de de fabricação de máquinas-ferram e nta,
4U.14.74.18,Uni da de de fabricação de máquinas e equipamentos de uso na extração min e ral e na construção,
4U.14.74.18.02,Uni da de de fabricação de máquinas e equipamentos para a Prospecção e extração de petról e o,
4U.14.74.18.06,"Uni da de de fabricação de outras máquinas e equipamentos para uso na extração min e ral, exc e tona extração de petról e o",
4U.14.74.18.10,"Uni da de de fabricação de trator e s, exc e toagrícolas",
4U.14.74.18.14,"Uni da de de fabricação de máquinas e equipamentos para terrapl e nag e m, Pavimentação e construção, exc e totrator e s",
4U.14.74.22,Uni da de de fabricação de máquinas e equipamentos de uso industrial esp e cíco,
4U.14.74.22.02,"Uni da de de fabricação de máquinas para a indústriam e talúrgica, exc e to máquinas-ferram e nta",
4U.14.74.22.06,"Uni da de de fabricação de máquinas e equipamentos para as indústrias de alimentos, bebi da s e fumo",
4U.14.74.22.10,Uni da de de fabricação de máquinas e equipamentos para a indústria têxtil,
4U.14.74.22.14,"Uni da de de fabricação de máquinas e equipamentos para as indústrias do vestuário, do couro e de calça do s",
4U.14.74.22.18,"Uni da de de fabricação de máquinas e equipamentos para as indústrias de celulose, pap e l e pap e lão e art e fatos",
4U.14.74.22.22,Uni da de de fabricação de máquinas e equipamentos para a indústriado plástico,
4U.14.78,"Unidades de fabricação de veículos motoriza do s, reboqu e s e carroc e rias",
4U.14.78.02,"Uni da de de fabricação de automóv e is, camion e tas e utilitários",
4U.14.78.06,Uni da de de fabricação de caminhõ e s e ônibus,
4U.14.78.10,"Uni da de de fabricação de cabin e s, carroc e rias e reboqu e s parav e ículos automotor e s",
4U.14.78.14,Uni da de de fabricação de peças e acessórios parav e ículos automotor e s,
4U.14.78.14.02,Uni da de de fabricação de peças e acessórios parao sist em a motor de veículos automotor e s,
4U.14.78.14.06,Uni da de de fabricação de peças e acessórios paraos sist em as de marcha e transmissão de veículos automotor e s,
4U.14.78.14.10,Uni da de de fabricação de peças e acessórios parao sist em a de freios de veículos automotor e s,
4U.14.78.14.14,Uni da de de fabricação de peças e acessórios parao sist em a de dir e ção e susp e nsão de veículos automotor e s,
4U.14.78.14.18,"Uni da de de fabricação de mat e rial elétrico e eletrônico para veículos automotor e s, exc e tobat e rias",
4U.14.78.18,Uni da de de recondicionamentoe Recuperação de motor e s parav e ículos automotor e s,
4U.14.82,"Unidades de fabricação de outros equipamentos de transporte, exc e to veículos automotor e s",
4U.14.82.02,Uni da de de fabricação de embarcaçõ e s ou estruturas futuant e s,
4U.14.82.06,Uni da de de fabricação de veículos ferroviários,
4U.14.82.06.02,"Uni da de de fabricação de locomotivas, vagõ e s e outros mat e riais rodant e s",
4U.14.82.06.06,Uni da de de fabricação de peças e acessórios parav e ículos ferroviários,
4U.14.82.10,Uni da de de fabricação de aeronav e s e peças,
4U.14.82.10.02,Uni da de de fabricação de aeronav e s,
4U.14.82.10.06,"Uni da de de fabricação de turbinas, motor e s e outros compon e nt e s e peças para aeronav e s",
4U.14.82.14,Uni da de de fabricação de veículos militar e s de combate,
4U.14.82.18,Uni da de de fabricação de motocicl e tas,
4U.14.82.22,Uni da de de fabricação de bicicletas e triciclos não motoriza do s,
4U.14.86,Unidades de fabricação de móv e is,
4U.14.86.02,Uni da de de fabricação de móv e is com pre do minânciade ma de ira,
4U.14.86.06,Uni da de de fabricação de móv e is com pre do minânciade metal,
4U.14.86.10,"Uni da de de fabricação de móv e isde outros mat e riais, exc e toma de ira e metal",
4U.14.86.14,Uni da de de fabricação de colchõ e s,
4U.14.90,Unidades de fabricação de produtos div e rsos,
4U.14.90.02,Uni da de para a lapi da ção de gemas e uni da de de fabricação de art e fatos de ouriv e sariae joalh e ria,
4U.14.90.06,Uni da de de fabricação de bijut e rias e art e fatos sem e lhant e s,
4U.14.90.10,Uni da de de fabricação de instrumentos musicais,
4U.14.90.14,Uni da de de fabricação de art e fatos para pesca e esporte,
4U.14.90.18,Uni da de de fabricação de brinque do s e jogos recr e ativos,
4U.14.90.22,Uni da de de fabricação de instrumentos e mat e riais para uso médico e odontológico e de artigos ópticos,
4U.14.90.26,"Uni da de de fabricação de escovas, pincéise vassouras",
4U.14.90.30,Uni da de de fabricação de equipamentos e acessórios para segurança e Proteção pessoal e prossional,
4U.14.94,"Unidades paramanut e nção, reparação de máquinas e equipamentos",
4U.14.94.02,"Uni da de para Manutenção e reparação de tanqu e s, res e rvatórios metálicos e cald e iras, exc e topara veículos",
4U.14.94.06,Uni da de para Manutenção e reparação de equipamentos eletrônicos e ópticos,
4U.14.94.10,Uni da de para Manutenção e reparação de máquinas e equipamentos elétricos,
4U.14.94.14,Uni da de para Manutenção e reparação de máquinas e equipamentos da indústriam e cânica,
4U.14.94.18,Uni da de para Manutenção e reparação de veículos ferroviários,
4U.14.94.22,Uni da de para Manutenção e reparação de aeronav e s,
4U.14.94.26,Uni da de para Manutenção e reparação de embarcaçõ e s,
4U.14.94.30,Uni da de para Manutenção e reparação de equipamentos e produtos não esp e cicados ant e riorm e nte,
4U.14.94.34,Uni da de para Manutenção e reparação de máquinas e equipamentos industriais,
4U.14.94.38,Uni da de para Manutenção e reparação de móv e isde qualqu e r mat e rial,
4U.14.94.42,Uni da de para Manutenção e reparação de equipamentos não esp e cicados ant e riorm e nte,
4U.18,Unidades parasan e amento,
4U.18.02,Estaçõ e s de tratamento,
4U.18.02.02,Estação de col e tade rej e itos e reciclagem,
4U.18.02.06,Estação de tratamentode esgoto,
4U.18.02.10,Estação de col e tade rej e itos e reciclagem,
4U.18.02.14,Estação de tratamentode resíduos industriais,
4U.18.02.18,Estação de separação de água,
4U.18.02.22,Estaçõ e s de bomb e amentode esgoto,
4U.18.02.26,Estação de col e tae armaz e nag em de resíduos,
4U.18.06,Aterros,
4U.18.06.02,Aterro de resíduos perigosos,
4U.18.06.06,Aterro sanitário,
4U.18.06.10,Centro de proc e ssamentode recicláveis,
4U.18.10,Unidades de apoio,
4U.18.10.02,Fossa séptica e campo de drenag e m,
4U.18.10.06,Lagoa séptica e baciade ajuste,
4U.18.10.10,Uni da de para a armaz e nag em de resíduos esp e ciais,
4U.18.10.14,Uni da de para o Manuseiode resíduos animais,
4U.18.10.18,Uni da de para o proc e ssamentode resíduos,
4U.18.10.22,Uni da de para a Recuperação de resíduos esp e ciais,
4U.18.10.26,Uni da de incin e ra do ra,
4U.22,"Unidades paraprodução, Armazenamentoe distribuição de eletrici da de e gás",
4U.22.02,Usinas de produção de energia,
4U.22.02.02,Usina de geração de energianucl e ar,
4U.22.02.06,Usina de geração de energia e ólica,
4U.22.02.10,Usina de geração de energiasolar,
4U.22.02.14,Usina hidr e létrica,
4U.22.02.18,Usina de geração geotérmica de energia,
4U.22.02.22,Usina de geração de energiaviagás,
4U.22.02.26,Usina de geração de energiaviacarvão,
4U.22.02.30,Usina de geração de energiaviaól e o,
4U.22.02.34,Usina term e létrica,
4U.22.02.38,Uni da de de res e rva de energiade emergência,
4U.22.06,Unidades da malha de distribuição de energia,
4U.22.06.02,Sub e stação elétrica,
4U.22.06.06,Estação de comutação elétrica,
4U.22.06.10,Transforma do r elétrico,
4U.22.06.14,Estação de bomb e amentode gás natural,
4U.22.06.18,Estação de bomb e amentog e nérica,
4U.22.10,instalações de Armazenamentode energia,
4U.22.10.02,Depósito de combustív e l líquido,
4U.22.10.06,Depósito de combustív e l sólido,
4U.22.10.10,Depósito de gás combustív e l,
4U.22.10.14,Depósito de eletrici da de,
4U.22.10.18,Tanque de Armazenamentode líqui do s div e rsos,
4U.22.14,Unidades de distribuição de energia,
4U.22.14.02,Tún e l de energia,
4U.22.14.06,Dutode energia,
4U.22.14.10,Linha de tubulação,
4U.22.14.14,Linha de energia,
4U.22.14.18,Tún e l de vapor,
4U.22.14.22,Gasoduto,
4U.22.18,Unidades de produção de gas e s paraaqu e cimentoe refrig e ração,
4U.22.18.02,Uni da de de produção de gás para aqu e cimento,
4U.22.18.06,Uni da de de Armazenamentode gás para aqu e cimento,
4U.22.18.10,Uni da de de produção de gas e s pararefrigeração e ar-condicionado,
4U.22.18.14,Uni da de de Armazenamentogas e s pararefrigeração e ar-condicionado,
4U.26,"Unidades parahabitação, escritórios e comércio",
4U.26.02,Residências unifamiliar e s,
4U.26.02.02,Casa isolada,
4U.26.02.06,Casa geminada,
4U.26.02.10,Sobrado,
4U.26.02.14,Bangalô,
4U.26.02.18,Edícula,
4U.26.02.22,Loft,
4U.26.02.26,Mansão,
4U.26.02.30,Quitin e te,
4U.26.02.34,Estúdio,
4U.26.02.38,Flat,
4U.26.02.42,Apartamento-padrão,
4U.26.02.46,Apartamentodúpl e x,
4U.26.02.50,Apartamentotrípl e x,
4U.26.06,Residências multifamiliar e s,
4U.26.06.02,Residênciamultifamiliar simpl e s,
4U.26.06.06,Residênciamultifamiliar compl e xa,
4U.26.10,Edifícios,
4U.26.10.02,Edifícior e si de ncial,
4U.26.10.06,Edifíciocom e rcial,
4U.26.14,Edicaçõ e s para escritórios,
4U.26.14.02,Edifícioaaa,
4U.26.14.06,Edifícioaa,
4U.26.14.10,Edifícioa,
4U.26.14.14,Edifíciobbb,
4U.26.14.18,Edifíciobb,
4U.26.14.22,Edifíciob,
4U.26.14.26,Edifícioc,
4U.26.18,Edifícios de uso misto,
4U.26.18.02,Edifíciode uso resi de ncial e com e rcial,
4U.26.18.06,Edifíciode uso resi de ncial e de serviços,
4U.26.18.10,"Edifíciode uso resi de ncial, com e rcial e de serviços",
4U.26.18.14,Edifíciode uso com e rcial e de serviços,
4U.26.18.18,Edifíciode uso industrial e com e rcial,
4U.26.18.22,Edifíciode uso industrial e de serviços,
4U.26.18.26,"Edifíciode uso industrial, com e rcial e de serviços",
4U.26.22,Edicaçõ e s de uso com e rcial misto,
4U.26.22.02,Shopping cent e r,
4U.26.22.10,Centro com e rcial anexo,
4U.26.22.14,Comérciode rua,
4U.26.22.18,Centro com e rcial,
4U.26.26,Con do mínios,
4U.26.26.02,Con do mínior e si de ncial horizontal,
4U.26.26.06,Con do mínior e si de ncial vertical,
4U.26.26.10,Con do mínioindustrial,
4U.30,Unidades parainfra e strutura,
4U.30.02,Unidades paracirculação de pe de str e s,
4U.30.02.02,Acesso parap e d e str e s,
4U.30.02.06,Calçada,
4U.30.02.10,Calçadão,
4U.30.02.14,Praça,
4U.30.02.18,Largo,
4U.30.06,Unidades parao ass e ntamentode construçõ e s,
4U.30.06.02,Quart e irão,
4U.30.10,Unidades da infra e strutura rodoviária,
4U.30.10.02,Uni da de de movim e ntação rodoviária,
4U.30.10.02.02,Acesso parav e ículos,
4U.30.10.02.06,Viela,
4U.30.10.02.10,Beco,
4U.30.10.02.14,Cul-de-sac,
4U.30.10.02.18,Ciclovia,
4U.30.10.02.22,Via com partilhada,
4U.30.10.02.26,Vialocal,
4U.30.10.02.30,Viacol e tora,
4U.30.10.02.34,Viaart e rial,
4U.30.10.02.38,Viade trânsito rápido,
4U.30.10.02.42,Estrada,
4U.30.10.02.46,Rodovia,
4U.30.10.02.50,Acesso,
4U.30.10.02.54,Marginal viária,
4U.30.10.02.58,Int e rligação viária,
4U.30.10.02.62,Dispositivo viário,
4U.30.10.06,Uni da de de control e de tráfego rodoviário,
4U.30.10.06.02,Praça de pedágio,
4U.30.10.06.06,Postode pesag em para v e ículos,
4U.30.10.06.10,Postopolicial rodoviário,
4U.30.10.06.14,Postode controlescal,
4U.30.10.06.18,Postode control e sanitário,
4U.30.10.06.22,Postode apoioao usuário,
4U.30.10.06.26,Centro de control e op e racional - CCO,
4U.30.10.10,Passag em e trav e ssia,
4U.30.10.10.02,Passag em para pe de str e s,
4U.30.10.10.06,Passag em para bicicletas e outros veículos não motoriza do s,
4U.30.10.10.10,"Passag em para pe de str e s, bicicletas e outros veículos não motoriza do s",
4U.30.10.10.14,Trav e ssiade fauna,
4U.30.10.10.18,Trav e ssiade gado,
4U.30.14,Unidades da infra e strutura ferroviária,
4U.30.14.02,Viade carga pesada,
4U.30.14.06,Viade carga leve,
4U.30.14.10,Viapara alta veloci da de,
4U.30.14.14,Viapara monotrilho,
4U.30.14.18,Viapara levitação magnética,
4U.30.18,Obras-de-arte,
4U.30.18.02,Obras-de-arte esp e ciais,
4U.30.18.02.02,Ponte,
4U.30.18.02.06,Viaduto,
4U.30.18.02.10,Tún e l,
4U.30.18.02.14,Contenção,
4U.30.18.02.18,Aterro estaqu e ado,
4U.30.18.02.22,Passar e la,
4U.30.18.06,Obras de arte corr e nt e s,
4U.30.18.06.02,Bueiro,
4U.30.18.06.06,Galeria,
4U.30.22,Obras de terrapl e nag e m,
4U.30.22.02,Cort e para infra e struturaviária,
4U.30.22.06,Aterro para infra e struturaviária,
4U.34,"Unidades com e rciais, de var e joe serviços",
4U.34.02,Unidades parao comércioe reparação de veículos automotor e s e motocicl e tas,
4U.34.02.02,Uni da de para o comérciode veículos automotor e s,
4U.34.02.02.02,"Comércioa var e jode automóv e is, camion e tas e utilitários novos",
4U.34.02.02.06,"Comércioa var e jode automóv e is, camion e tas e utilitários usa do s",
4U.34.02.02.10,"Comérciopor atacado de automóv e is, camion e tas e utilitários novos e usa do s",
4U.34.02.02.14,Comérciopor atacado de caminhõ e s novos e usa do s,
4U.34.02.02.18,Comérciopor atacado de reboqu e s e semirr e boqu e s novos e usa do s,
4U.34.02.02.22,Comérciopor atacado de ônibus e microônibus novos e usa do s,
4U.34.02.02.26,Comérciosob consignação de veículos automotor e s,
4U.34.02.06,Uni da de para a Manutenção e reparação de veículos automotor e s,
4U.34.02.06.02,Uni da de de Manutenção e reparação mecânica de veículos automotor e s,
4U.34.02.06.06,Uni da de de lant e rnag em ou funilaria e pinturade veículos automotor e s,
4U.34.02.06.10,Uni da de de Manutenção e reparação elétrica de veículos automotor e s,
4U.34.02.06.14,Uni da de de alinhamentoe balanc e amentode veículos automotor e s,
4U.34.02.06.18,"Uni da de de lavag e m, lubricação e polimentode veículos automotor e s",
4U.34.02.06.22,Uni da de de borrachariapara veículos automotor e s,
4U.34.02.06.26,"Uni da de de instalação, Manutenção e reparação de acessórios para veículos automotor e s",
4U.34.02.06.30,Uni da de de capotaria,
4U.34.02.10,Uni da de para o comérciode peças e acessórios parav e ículos automotor e s,
4U.34.02.10.02,Comérciopor atacado de peças e acessórios novos para veículos automotor e s,
4U.34.02.10.06,Comérciopor atacado de pneumáticos e câmaras de ar,
4U.34.02.10.10,Comércioa var e jode peças e acessórios novos parav e ículos automotor e s,
4U.34.02.10.14,Comércioa var e jode peças e acessórios usa do s para veículos automotor e s,
4U.34.02.10.18,Comércioa var e jode pneumáticos e câmaras de ar,
4U.34.02.14,"Uni da de para o comércio, Manutenção e reparação de motocicl e tas, peças e acessórios",
4U.34.02.14.02,Comérciopor atacado de motocicl e tas e moton e tas,
4U.34.02.14.06,Comérciopor atacado de peças e acessórios paramotocicl e tas e moton e tas,
4U.34.02.14.10,Comércioa var e jode motocicl e tas e moton e tas novas,
4U.34.02.14.14,Comércioa var e jode motocicl e tas e moton e tas usa da s,
4U.34.02.14.18,Comércioa var e jode peças e acessórios novos paramotocicl e tas e moton e tas,
4U.34.02.14.22,Comérciosob consignação de motocicl e tas e moton e tas,
4U.34.02.18,Uni da de para a Manutenção e reparação de motocicl e tas,
4U.34.06,"Unidades parao comérciopor atacado, exc e tov e ículos automotor e s e motocicl e tas",
4U.34.06.02,Uni da de para o comércioatacadistade matérias-primas agrícolas e animaisvivos,
4U.34.06.02.02,Comércioatacadistade café em grão,
4U.34.06.02.06,Comércioatacadistade soja,
4U.34.06.02.10,Comércioatacadistade animaisvivos,
4U.34.06.02.14,"Comércioatacadistade couros, lãs, pel e s e outros subprodutos não com e stív e isde orig em animal",
4U.34.06.02.18,Comércioatacadistade algodão,
4U.34.06.02.22,Comércioatacadistade fumo emfolha não beneciado,
4U.34.06.02.26,Comércioatacadistade cacau,
4U.34.06.02.30,"Comércioatacadistade sem e nt e s, for e s, plantas e gramas",
4U.34.06.02.34,Comércioatacadistade sisal,
4U.34.06.02.38,Comércioatacadistade matérias-primas agrícolas comativi da de de fracionamentoe acondicionamentoassociada,
4U.34.06.02.42,Comércioatacadistade alimentos para animais,
4U.34.06.06,"Uni da de para o comércioatacadista e sp e cializado emprodutos alim e ntícios, bebi da s e fumo",
4U.34.06.06.02,Comércioatacadistade leite e laticínios,
4U.34.06.06.06,"Comércioatacadistade cer e aise leguminosas benecia do s, farinhas, ami do s e féculas",
4U.34.06.06.10,Comércioatacadistade hortifrutigranj e iros,
4U.34.06.06.14,"Comércioatacadistade carn e s, produtos da carne e pescado",
4U.34.06.06.18,Comércioatacadistade bebi da s,
4U.34.06.06.22,Comércioatacadistade produtos do fumo,
4U.34.06.06.26,Comércioatacadistade produtos alim e ntícios emg e ral,
4U.34.06.10,Uni da de para o comércioatacadistade produtos de consumo não alim e ntar,
4U.34.06.10.02,"Comércioatacadistade teci do s, art e fatos de teci do s e de armarinho",
4U.34.06.10.06,Comércioatacadistade artigos do vestuárioe acessórios,
4U.34.06.10.10,Comércioatacadistade calça do s e artigos de viag e m,
4U.34.06.10.14,Comércioatacadistade produtos farmacêuticos para uso humano e vet e rinário,
4U.34.06.10.18,"Comércioatacadistade instrumentos e mat e riaispara uso médico, cirúrgico, ortopédico e odontológico",
4U.34.06.10.22,"Comércioatacadistade cosméticos, produtos de perfumariae de higi e ne pessoal",
4U.34.06.10.26,Comércioatacadistade artigos de escritórioe de pap e laria,"livros, jornais e outras publicaçõ e s"
4U.34.06.10.30,Comércioatacadistade equipamentos elétricos de uso pessoal e doméstico,
4U.34.06.10.34,Comércioatacadistade apar e lhos eletrônicos de uso pessoal e doméstico,
4U.34.06.10.38,"Comércioatacadistade bicicletas, triciclos e outros veículos recr e ativos",
4U.34.06.10.42,Comércioatacadistade móv e ise artigos de colchoaria,
4U.34.06.10.46,Comércioatacadistade artigos de tap e çaria,persianas e cortinas
4U.34.06.10.50,"Comércioatacadistade lustr e s, luminárias e abajur e s",
4U.34.06.10.54,"Comércioatacadistade lmes, cds, dvds, tas e discos",
4U.34.06.10.58,"Comércioatacadistade produtos de higi e ne, Limpeza e Conservação domiciliar",
4U.34.06.10.62,"Comércioatacadistade joias, relógios e bijut e rias, inclusive pedras preciosas e semipr e ciosas lapida da s",
4U.34.06.14,Uni da de para o comércioatacadistade equipamentos e produtos de tecnologias de informação e comunicação,
4U.34.06.14.02,"Comércioatacadistade computa do r e s, periféricos e suprimentos de informática",
4U.34.06.14.06,Comércioatacadistade compon e nt e s eletrônicos e equipamentos de tel e foniae comunicação,
4U.34.06.18,"Uni da de para o comércioatacadistade máquinas, apar e lhos e equipamentos, exc e tode tecnologias de informação e comunicação",
4U.34.06.18.02,"Comércioatacadistade máquinas, apar e lhos e equipamentos parauso agrop e cuário",part e s e peças
4U.34.06.18.06,"Comércioatacadistade máquinas, equipamentos parat e rrapl e nag e m, min e ração e construção",part e s e peças
4U.34.06.18.10,Comércioatacadistade máquinas e equipamentos para uso industrial,part e s e peças
4U.34.06.18.14,"Comércioatacadistade máquinas, apar e lhos e equipamentos parauso odonto-médico-hospitalar",part e s e peças
4U.34.06.18.18,Comércioatacadistade máquinas e equipamentos para uso com e rcial,part e s e peças
4U.34.06.18.22,"Comércioatacadistade máquinas, apar e lhos e equipamentos não esp e cicados ant e riorm e nte",part e s e peças
4U.34.06.22,"Uni da de para o comércioatacadistade ma de ira, ferrag e ns, ferram e ntas, mat e rial elétrico e mat e rial de construção",
4U.34.06.22.02,Comércioatacadistade ma de ira e produtos deriva do s,
4U.34.06.22.06,Comércioatacadistade ferrag e ns e ferram e ntas,
4U.34.06.22.10,Comércioatacadistade mat e rial elétrico,
4U.34.06.22.14,Comércioatacadistade cimento,
4U.34.06.22.18,"Comércioatacadistade tintas, verniz e s e similar e s",
4U.34.06.22.22,Comércioatacadistade mármor e s e granitos,
4U.34.06.22.26,"Comércioatacadistade vidros, esp e lhos e vitrais",
4U.34.06.22.30,Comércioatacadista e sp e cializado de mat e riaisde construção não esp e cicados ant e riorm e nte,
4U.34.06.22.34,Comércioatacadistade mat e riaisde construção emg e ral,
4U.34.06.26,Uni da de para o comércioatacadista e sp e cializado emoutros produtos,
4U.34.06.26.02,"Comércioatacadistade combustív e issóli do s, líqui do s e gasosos, exc e to gás natural e glp",
4U.34.06.26.06,Comércioatacadistade gás liqu e f e ito de petról e o (glp),
4U.34.06.26.10,"Comércioatacadistade def e nsivos agrícolas, adubos, fertilizant e s e corr e tivos do solo",
4U.34.06.26.14,"Comércioatacadistade produtos químicos e petroquímicos, exc e to agroquímicos",
4U.34.06.26.18,"Comércioatacadistade produtos si de rúrgicos e metalúrgicos, exc e to para construção",
4U.34.06.26.22,Comércioatacadistade pap e l e pap e lão embrutoe de embalag e ns,
4U.34.06.26.26,Comércioatacadistade resíduos e sucatas,
4U.34.06.26.30,"Comércioatacadistade produtos da extração min e ral, exc e to combustív e is",
4U.34.06.26.34,Comércioatacadistade os e bras benecia do s,
4U.34.06.26,Uni da de para o comércioatacadistanão esp e cializado,
4U.34.06.26.02,"Comércioatacadistade merca do rias emg e ral, compre do minânciade produtos alim e ntícios",
4U.34.06.26.06,"Comércioatacadistade merca do rias emg e ral, compre do minânciade insumos agrop e cuários",
4U.34.06.26.10,"Comércioatacadistade merca do rias emg e ral, sempre do minânciade alimentos ou de insumos agrop e cuários",
4U.34.10,Unidades parao comérciovar e jista,
4U.34.10.02,Uni da de para o comérciovar e jistanão esp e cializado,
4U.34.10.02.02,Hip e rm e rcado,
4U.34.10.02.06,Sup e rm e rcado,
4U.34.10.02.10,Minim e rcado,
4U.34.10.02.14,Merc e aria,
4U.34.10.02.18,Armazém,
4U.34.10.02.22,"Lojas de varie da d e s, exc e tolojas de departamentos ou magazin e s",
4U.34.10.02.26,Lojas de departamentos ou magazin e s,
4U.34.10.02.30,Lojas francas (dutyree),
4U.34.10.06,"Uni da de para o comérciovar e jistade produtos alim e ntícios, bebi da s e fumo",
4U.34.10.06.02,"Comérciovar e jistade produtos de padaria, laticínio, doc e s, balas e sem e lhant e s",
4U.34.10.06.06,Açougue,
4U.34.10.06.10,Peixaria,
4U.34.10.06.14,Comérciovar e jistade bebi da s,
4U.34.10.06.18,Comérciovar e jistade hortifrutigranj e iros,
4U.34.10.06.22,Tabacaria,
4U.34.10.06.26,Comérciovar e jistade merca do rias emlojas de conv e niência,
4U.34.10.10,Comérciovar e jistade combustív e ispara veículos automotor e s,
4U.34.10.14,Comérciovar e jistade lubricant e s,
4U.34.10.18,Comérciovar e jistade mat e rial de construção,
4U.34.10.18.02,Comérciovar e jistade tintas e mat e riaispara pintura,
4U.34.10.18.06,Comérciovar e jistade mat e rial elétrico,
4U.34.10.18.10,Comérciovar e jistade vidros,
4U.34.10.18.14,"Comérciovar e jistade ferrag e ns, ma de ira e mat e riaisde construção",
4U.34.10.22,Uni da de para o comérciovar e jistade equipamentos de informática e comunicação,equipamentos e artigos de uso doméstico
4U.34.10.22.02,Comérciovar e jista e sp e cializado de equipamentos e suprimentos de informática,
4U.34.10.22.06,Comérciovar e jista e sp e cializado de equipamentos de tel e foniae comunicação,
4U.34.10.22.10,Comérciovar e jista e sp e cializado de eletro do mésticos e equipamentos de áudioe víd e o,
4U.34.10.22.14,"Comérciovar e jista e sp e cializado de móv e is, colchoariae artigos de iluminação",
4U.34.10.22.18,"Comérciovar e jista e sp e cializado de teci do s e artigos de cama, mesa e banho",
4U.34.10.22.22,Comérciovar e jista e sp e cializado de instrumentos musicais e acessórios,
4U.34.10.22.26,"Comérciovar e jistade artigos de tap e çaria, cortinas e persianas",
4U.34.10.26,"Uni da de para o comérciovar e jistade artigos culturais, recr e ativos e esportivos",
4U.34.10.26.02,"Comérciovar e jistade livros, jornais, revistas e pap e laria",
4U.34.10.26.06,"Comérciovar e jistade discos, cds, dvds e tas",
4U.34.10.26.10,Comérciovar e jistade artigos recr e ativos e esportivos,
4U.34.10.30,"Uni da de para o comérciovar e jistade produtos farmacêuticos, perfumaria e cosméticos e artigos médicos, ópticos e ortopédicos",
4U.34.10.30.02,"Comérciovar e jistade produtos farmacêuticos, semmanipulação de fórmulas",
4U.34.10.30.06,"Comérciovar e jistade produtos farmacêuticos, commanipulação de fórmulas",
4U.34.10.30.10,Comérciovar e jistade produtos farmacêuticos hom e opáticos,
4U.34.10.30.14,Comérciovar e jistade medicamentos vet e rinários,
4U.34.10.30.18,"Comérciovar e jistade cosméticos, produtos de perfumariae de higi e ne pessoal",
4U.34.10.30.22,Comérciovar e jistade artigos médicos e ortopédicos,
4U.34.10.30.26,Comérciovar e jistade artigos de óptica,
4U.34.10.34,Uni da de para o comérciovar e jistade produtos novos não esp e cicados ant e riorm e nt e e de produtos usa do s,
4U.34.10.34.02,Comérciovar e jistade artigos do vestuário e acessórios,
4U.34.10.34.06,Comérciovar e jistade calça do s,
4U.34.10.34.10,Comérciovar e jistade artigos de viag e m,
4U.34.10.34.14,Comérciovar e jistade artigos de joalh e ria,
4U.34.10.34.18,Comérciovar e jistade artigos de relojoaria,
4U.34.10.34.22,Comérciovar e jistade gás liqu e f e ito de petról e o (GLP),
4U.34.10.34.26,Comérciovar e jistade antigui da d e s,
4U.34.10.34.30,Comérciovar e jistade outros artigos usa do s,
4U.34.10.34.34,Comérciovar e jistade outros produtos novos não esp e cicados ant e riorm e nte,
4U.34.10.34.38,"Comérciovar e jistade suv e nir e s, bijut e rias e art e sanatos",
4U.34.10.34.42,Comérciovar e jistade plantas e for e s naturais,
4U.34.10.34.46,Comérciovar e jistade obj e tos de arte,
4U.34.10.34.50,Comérciovar e jistade animaisvivos e de artigos e alimentos para animaisde estimação,
4U.34.10.34.54,Comérciovar e jistade produtos san e ant e s domissanitários,
4U.34.10.34.58,Comérciovar e jistade fogos de artifícioe artigos pirotécnicos,
4U.34.10.34.62,Comérciovar e jistade equipamentos para e scritório,
4U.34.10.34.66,Comérciovar e jistade artigos fotográcos e paralmag e m,
4U.34.10.34.70,Comérciovar e jistade armas e muniçõ e s,
4U.38,"Unidades paratransport e s, armaz e nag em e Correio",
4U.38.02,Unidades parao transport e t e rr e stre,
4U.38.02.02,Terminal ferroviárioe metrof e rroviário,
4U.38.02.02.02,Terminal ferroviáriode carga,
4U.38.02.02.06,Terminal metrof e rroviáriode passag e iros,
4U.38.02.06,Terminal rodoviáriode passag e iros,
4U.38.02.06.02,"Terminal rodoviáriocol e tivo de passag e iros, comitin e rárioxo, municipal e emr e gião metropolitana",
4U.38.02.06.06,"Terminal rodoviáriocol e tivo de passag e iros, comitin e rárioxo, int e rmunicipal, int e r e stadual e int e rnacional",
4U.38.02.06.10,"Abrigo de transport e col e tivo de passag e iros, comitin e rárioxo, municipal e emr e gião metropolitana",
4U.38.02.06.22,"Terminal rodoviáriocol e tivo de passag e iros, sob regime de fretamento, e outros transportes rodoviários não esp e cicados ant e riorm e nte",
4U.38.02.10,Terminal rodoviáriode carga,
4U.38.02.10.02,"Terminal rodoviáriode carga, exc e toprodutos perigosos e mudanças, municipal",
4U.38.02.10.06,"Terminal rodoviáriode carga, exc e toprodutos perigosos e mudanças, int e rmunicipal, int e r e stadual e int e rnacional",
4U.38.02.10.10,Terminal rodoviáriode produtos perigosos,
4U.38.02.14,Transporte dutoviário,
4U.38.02.14.02,Uni da de de transport e por tubulaçõ e s,
4U.38.02.14.06,Uni da de de bomb e amento,
4U.38.02.18,"Terminal de trens turísticos, tel e féricos e similar e s",
4U.38.06,Unidades parao transport e aquaviário,
4U.38.06.02,Terminal marítimo de cabotag e m,
4U.38.06.02.02,Terminal marítimo de cabotag e m- carga,
4U.38.06.02.06,Terminal marítimo de cabotag e m- passag e iros,
4U.38.06.06,Terminal marítimo de longo curso,
4U.38.06.06.02,Terminal marítimo de longo curso - carga,
4U.38.06.06.06,Terminal marítimo de longo curso - passag e iros,
4U.38.06.10,Terminal paranav e gação int e rior,
4U.38.06.10.02,Terminal paranav e gação int e rior de carga,
4U.38.06.10.06,Terminal paranav e gação int e rior de passag e iros emlinhas regular e s,
4U.38.06.14,Terminal paranav e gação de apoio,
4U.38.06.18,Terminal paranav e gação de trav e ssia,
4U.38.06.22,Terminal aquaviáriopara pass e ios turísticos,
4U.38.10,Unidades parao transport e aér e o,
4U.38.10.02,Terminal paratransport e aér e o de passag e iros regular,
4U.38.10.06,Terminal paratransport e aér e o de passag e iros não regular,
4U.38.10.10,Terminal paratransport e aér e o de carga,
4U.38.10.14,Terminal paratransporte e spacial,
4U.38.10.18,Pistade pouso,
4U.38.10.22,Pistade taxiamento,
4U.38.10.26,Pátio de aeronav e s,
4U.38.14,Unidades paraArmazenamentoe atividades auxiliar e s dos transportes,
4U.38.14.02,"Uni da de para Armazenamento, carga e descarga",
4U.38.14.02.02,Uni da de para Armazenamentode alimentos,
4U.38.14.02.06,Uni da de para Armazenamentode produtos agrícolas,
4U.38.14.02.10,Silo gran e l e iro,
4U.38.14.02.14,Eleva do r de grãos,
4U.38.14.02.18,Uni da de para Armazenamentode produtos de consumo,
4U.38.14.02.22,Uni da de para Armazenamentode peças,
4U.38.14.02.26,Uni da de para Armazenamentode equipamentos,
4U.38.14.02.30,Uni da de para Armazenamentode matéria prima,
4U.38.14.02.34,Guarda-móv e is,
4U.38.14.06,Uni da de auxiliar e s dos transportes terr e str e s,
4U.38.14.06.02,Estacionamentode motocicl e tas,
4U.38.14.06.06,Estacionamentode automóv e is,
4U.38.14.06.10,Estacionamentode caminhõ e s,
4U.38.14.06.14,Estacionamentode bicicletas,
4U.38.14.06.18,Estacionamentode veículos movi do s à tração animal,
4U.38.14.10,Uni da de auxiliar e s dos transportes aquaviários,
4U.38.14.10.02,Sede da administração da infra e strutura portuária,
4U.38.14.10.06,Sede da administração de terminais aquaviários,
4U.38.14.10.10,Uni da de de agenciamentomarítimo,
4U.38.14.14,Uni da de de auxiliar e s dos transportes aér e os,
4U.38.14.14.02,Uni da de de operação dos aeroportos e campos de aterrissag e m,
4U.38.14.18,Unidades relaciona da s à organização do transport e de carga,
4U.38.14.18.02,Uni da de de comissariade despachos,
4U.38.14.18.06,Uni da de de despachant e s aduan e iros,
4U.38.14.18.10,"Uni da de de agenciamentode cargas, exc e topara o transport em arítimo",
4U.38.14.18.14,Uni da de de organização logística do transport e de carga,
4U.38.14.18.18,Uni da de de operação de transporte multimo da l - otm,
4U.38.18,Unidades paraCorreio e outras atividades de Entrega,
4U.38.18.02,Agênciade Correio,
4U.38.18.02.02,Agênciado Correio nacional,
4U.38.18.02.06,Agênciade franqu e a da s e permissionárias do Correio nacional,
4U.38.18.06,Uni da de de serviço de malot e e de Entrega,
4U.38.18.06.02,Uni da de de serviços de malot e não realiza do s peloCorreio nacional,
4U.38.18.06.06,Uni da de de serviços de Entrega rápida,
4U.42,Unidades paraalojamentoe alim e ntação,
4U.42.02,Unidades paraalojamento,
4U.42.02.02,Hot e l,
4U.42.02.06,Pousada,
4U.42.02.10,Apart-hot e l,
4U.42.02.14,Mot e l,
4U.42.02.18,"Alb e rgu e s, exc e toassist e nciais",
4U.42.02.22,Campings,
4U.42.02.26,Pensõ e s (alojamento),
4U.42.06,Unidades paraalim e ntação,
4U.42.06.02,Restaurant e e similar e s,
4U.42.06.02.02,Cantina - serviço de alim e ntação privativo,
4U.42.06.06,Bar e outros estab e l e cimentos esp e cializa do s ems e rvir bebi da s,
4U.42.06.06.02,Bar,
4U.42.06.06.06,Tav e rna,
4U.42.06.06.10,Microc e rv e jaria,
4U.42.06.10,"Lanchon e te, casa de chá, de sucos e similar e s",
4U.42.06.10.02,Lanchon e te,
4U.42.06.10.06,Fast-food,
4U.42.06.10.10,Past e laria,
4U.42.06.10.14,Sorv e t e ria,
4U.42.06.10.18,Casa de chá,
4U.42.06.10.22,Casa de suco,
4U.42.06.14,"Serviços de cat e ring, bufêe outros serviços de comida pre para da",
4U.42.06.14.02,Uni da de de produção de alimentos prepara do s preponderant em e nt e para empr e sas,
4U.42.06.14.06,Uni da de de alimentos prepara do s preponderant em e nt e para consumo domiciliar,
4U.42.06.14.10,Bufêpara eventos e rec e pçõ e s,
4U.46,Unidades paras e rviços de informação e comunicação,
4U.46.02,Editoras e estúdios de design gráco,
4U.46.02.02,"Editorade livros, jornais, revistas e outras atividades de edição",
4U.46.02.02.02,Editorade livros,
4U.46.02.02.06,Editorade jornais,
4U.46.02.02.10,Editorade revistas,
4U.46.02.02.14,"Editorade cadastros, listas e outros produtos grácos",
4U.46.02.06,"Estúdiode design gráco para a produção e edição de livros, jornais, revistas e outras publicaçõ e s",
4U.46.02.06.02,Estúdiode design gráco para a produção e edição de livros,
4U.46.02.06.06,Estúdiode design gráco para a produção e edição de jornais,
4U.46.02.06.10,Estúdiode design gráco para a produção e edição de revistas,
4U.46.02.06.14,"Estúdiode design gráco para a produção e edição de cadastros, listas e outros produtos grácos",
4U.46.06,"Unidades cin em atográcas, produção de víd e os e de programas de tel e visão",gravação de some edição de música
4U.46.06.02,"Uni da de cin em atográcas, produção de víd e os e de programas de tel e visão",
4U.46.06.02.02,Estúdiocin em atográcos,
4U.46.06.02.06,Estúdiode lmes para Publicidade,
4U.46.06.06,"Uni da de de pós-produção cin em atográca, de víd e os e de programas de tel e visão",
4U.46.06.06.02,Estúdiode dublag e m,
4U.46.06.06.06,Estúdiode mixag em sonora em produção audiovisual,
4U.46.06.10,"Uni da de de distribuição cin em atográca, de víd e o e de programas de tel e visão",
4U.46.06.14,Uni da de de exibição cin em atográca,
4U.46.06.18,Estúdiode gravação de some de edição de música,
4U.46.10,Unidades pararádioe de tel e visão,
4U.46.10.02,Estúdiode rádio,
4U.46.10.06,Estúdiode tel e visão,
4U.46.14,Unidades parat e le com unicaçõ e s,
4U.46.14.02,Uni da de para transmissão de tele com unicaçõ e s por o,
4U.46.14.06,Uni da de para transmissão de tele com unicaçõ e s semo,
4U.46.14.10,Uni da de para transmissão de tele com unicaçõ e s por satélite,
4U.46.14.14,Uni da de para transmissão de opera do ras de tel e visão por assinatura,
4U.46.14.18,Uni da de para prove do r e s de acesso às re de s de comunicaçõ e s,
4U.46.14.22,Uni da de para prove do r e s de voz sobre protocolo int e rn e t - voip,
4U.46.18,Unidades de prestação de serviços de tecnologiada informação,
4U.46.18.02,Uni da de para Desenvolvimentode programas de computa do r sob encom e nda,
4U.46.18.06,Uni da de para Desenvolvimentode web design,
4U.46.18.10,Uni da de para Desenvolvimentoe lic e nciamentode programas de computa do r customizáveis,
4U.46.18.14,Uni da de para consultoria emt e cnologiada informação,
4U.46.18.18,"Uni da de para suport e técnico, Manutenção e outros serviços em tecnologiada informação",
4U.46.22,Unidades de prestação de serviços de gestão e hospe da g em de informaçõ e s,
4U.46.22.02,"Uni da de de tratamentode dados, prove do r e s de serviços de aplicação e serviços de hospe da g em na int e rn e t",
4U.46.22.06,"Portal, prove do r de cont e údo e outros serviços de informação na int e rn e t",
4U.46.22.10,Agênciade notícias,
4U.50,"Unidades nanc e iras, de seguros e serviços relacionados",
4U.50.02,Unidades paras e rviços nanc e iros,
4U.50.02.02,Banco com e rcial,
4U.50.02.06,"Banco múltiplo, comcart e ira com e rcial",
4U.50.02.10,Caixa econômica,
4U.50.02.14,Crédito coop e rativo,
4U.50.02.14.02,Banco coop e rativo,
4U.50.02.14.06,Coop e rativa central de crédito,
4U.50.02.14.10,Coop e rativa de crédito mútuo,
4U.50.02.14.14,Coop e rativa de crédito rural,
4U.50.02.18,"Banco múltiplo, semcart e ira com e rcial",
4U.50.02.22,Banco de inv e stimento,
4U.50.02.26,Banco de Desenvolvimento,
4U.50.02.30,Agênciade fomento,
4U.50.02.34,Empr e sa de crédito imobiliário,
4U.50.02.34.02,Socie da de de crédito imobiliário,
4U.50.02.34.06,Associação de poupança e empréstimo,
4U.50.02.34.10,Companhiahipot e cária,
4U.50.02.38,"Financ e ira de crédito, nanciamentoe inv e stimento",
4U.50.02.42,Financ e ira de crédito ao micro em pre e nde do r,
4U.50.02.46,Banco de câmbioe outras instituiçõ e s de int e rm e diação não mon e tária,
4U.50.02.50,Empr e sa de arren da mentom e rcantil,
4U.50.02.54,Socie da de de capitalização,
4U.50.02.58,Empr e sa de socie da de de participação,
4U.50.02.58.02,Holding de instituiçõ e s nanc e iras,
4U.50.02.58.06,Holding de instituiçõ e s não nanc e iras,
4U.50.02.58.10,"Socie da de de participação, exc e to holdings",
4U.50.02.62,Fundo de inv e stimento,
4U.50.02.66,Socie da de de fomentom e rcantil - actoring,
4U.50.02.70,Segura do ra de créditos,
4U.50.02.74,Administra do ra de consórcios para aquisição de bens e dir e itos,
4U.50.06,"Unidades de seguros, ress e guros, previdência com pl em e ntar e planos de saúde",
4U.50.06.02,Companhiade seguros,
4U.50.06.14,Companhiade ress e guros,
4U.50.06.18,Empr e sa de previdência com pl em e ntar,
4U.50.06.22,Companhiade planos de saúde,
4U.50.10,"Unidades auxiliar e s dos serviços nanc e iros, seguros, previdência compl em e ntar e planos de saúde",
4U.50.10.02,Administra do ra de bolsas e merca do s de balcão organiza do s,
4U.50.10.02.02,Bolsa de valores,
4U.50.10.02.06,Bolsa de merca do rias,
4U.50.10.02.10,Bolsa de merca do rias e futuros,
4U.50.10.02.14,Administra do ra de merca do s de balcão organiza do s,
4U.50.10.06,"Corr e tora de títulos, valores mobiliários e merca do rias",
4U.50.10.06.02,Corr e tora de títulos e valores mobiliários,
4U.50.10.06.06,Distribui do rade títulos e valores mobiliários,
4U.50.10.06.10,Corr e tora de câmbio,
4U.50.10.06.14,Corr e tora de contratos de merca do rias,
4U.50.10.06.18,Agênciade inv e stimentos emaplicaçõ e s nanc e iras,
4U.50.10.10,Administra do ra de cartõ e s de crédito,
4U.50.10.14,Uni da de auxiliar dos serviços nanc e iros,
4U.50.10.14.02,Empr e sa de liqui da ção e custódia,
4U.50.10.14.06,Corr e spond e nt e de instituiçõ e s nanc e iras,
4U.50.10.14.10,Escritório de repr e s e ntaçõ e s de bancos estrang e iros,
4U.50.10.14.18,Opera do rade cartõ e s de débito,
4U.50.10.18,"Uni da de auxiliar dos seguros, da previdência com pl em e ntar e dos planos de saúde",
4U.50.10.18.02,Escritório de peritos e avalia do r e s de seguros,
4U.50.10.18.06,Escritório de auditoria e consultoria atuarial,
4U.50.10.22,"Corr e tora e agênciade seguros, de planos de previdência com pl em e ntar e de saúde",
4U.50.10.26,Administra do ra de fun do s por contratoou comissão,
4U.54,Unidades paraatividades imobiliárias,
4U.54.02,Unidades paraatividades imobiliárias por contratoou comissão,
4U.54.02.02,Imobiliária,
4U.54.02.06,Lot e a do ra,
4U.54.02.10,Urbaniza do ra,
4U.54.06,Unidades parag e stão e administração da proprie da de imobiliária,
4U.54.06.02,Escritório de gestão da proprie da de imobiliária,
4U.54.06.06,Escritório de administração da proprie da de imobiliária,
4U.54.06.10,Escritório de gestão de con do mínios,
4U.54.06.14,Escritório de administração de con do mínios,
4U.58,"Unidades paraatividades prossionais, cientícas e técnicas",
4U.58.02,instalações jurídicas e contábeis,
4U.58.02.02,Escritório de advocacia,
4U.58.02.06,Escritório de contabili da de,
4U.58.02.10,Escritório de auditoria,
4U.58.02.14,Escritório de consultoriatributária,
4U.58.02.18,Escritório de agênciade proprie da de industrial,
4U.58.02.22,Cartório,
4U.58.02.22.02,Registro de imóv e is,
4U.58.02.22.06,Registro natural de pessoas físicas,
4U.58.06,Unidades matriz e s,uni da de de consultoriade gestão
4U.58.06.02,Uni da de-sede paraadministração,
4U.58.06.06,Uni da de local paraadministração,
4U.58.06.10,Escritório de consultoriade gestão,
4U.58.10,Unidades de arquit e turae Engenharia,test e e análise técnica
4U.58.10.02,Escritório de Arquitetura,
4U.58.10.06,Escritório de Engenharia,
4U.58.10.10,"Escritório de cartograa, topograa e geodésica",
4U.58.10.14,Escritório de estu do s geológicos,
4U.58.10.18,Escritório de Desenho técnico paraarquit e turae Engenharia,
4U.58.10.22,Escritório de períciatécnica relacionado à segurança do trabalho,
4U.58.10.26,Uni da de de test e s e análise técnica,
4U.58.14,Unidades paraDesenvolvimentoci e ntíco e tecnológico,
4U.58.14.02,Uni da de de pesquisa e desenvolvimento e xp e rim e ntal emciências físicas e naturais,
4U.58.14.02.02,Uni da de de pesquisa e Desenvolvimentode física,
4U.58.14.02.06,Uni da de de pesquisa de química,
4U.58.14.02.10,Uni da de de pesquisa e Desenvolvimentode Engenharia,
4U.58.14.02.14,Uni da de de pesquisa de computação,
4U.58.14.02.18,Uni da de de pesquisa emnanot e cnologia,
4U.58.14.02.22,Uni da de de pesquisa de eletrônica,
4U.58.14.02.26,Uni da de de pesquisa de Engenharia,
4U.58.14.02.30,Uni da de de pesquisa nucl e ar,
4U.58.14.02.34,Uni da de de pesquisa das ciências da vida,
4U.58.14.02.38,Uni da de de pesquisa biomédica,
4U.58.14.02.42,Uni da de de pesquisa biométrica,
4U.58.14.02.46,Uni da de de pesquisa e Desenvolvimentoagrário,
4U.58.14.02.50,Uni da de de pesquisa de perícia,
4U.58.14.02.54,Uni da de de pesquisa de mat e riais tóxicos,
4U.58.14.02.58,Uni da de de pesquisa de Contenção de resíduos tóxicos,
4U.58.14.06,Uni da de de pesquisa e desenvolvimento e xp e rim e ntal emciências sociais e humanas,
4U.58.14.10,Uni da de de pesquisa e Desenvolvimentoda indústriade manufatura,
4U.58.14.10.02,Uni da de de pesquisa e Desenvolvimentode test e s e serviço técnico de avaliação,
4U.58.14.10.06,Uni da de de pesquisa e Desenvolvimentode test e s de fábrica de alimentos,
4U.58.14.10.10,Uni da de de pesquisa e Desenvolvimentode test e s de fábrica de bebi da s e tabaco,
4U.58.14.10.14,Uni da de de pesquisa e Desenvolvimentode test e s de fábrica de produtos têxt e is,
4U.58.14.10.18,Uni da de de pesquisa e Desenvolvimentode test e s de fábrica de alimentos,
4U.58.14.10.22,Uni da de de pesquisa e Desenvolvimentode test e s de fábrica de produtos de ma de ira,
4U.58.14.10.26,"Uni da de de pesquisa e Desenvolvimentode test e s de fábrica de pap e l, celulose e pap e lão",
4U.58.14.10.30,Uni da de de pesquisa e Desenvolvimentode test e s de fábrica de produtos de petról e o e carvão,
4U.58.14.10.34,Uni da de de pesquisa e Desenvolvimentode test e s de fábrica de produtos químicos,
4U.58.14.10.38,Uni da de de pesquisa e Desenvolvimentode test e s de fábrica de plástico e borracha,
4U.58.14.10.42,Uni da de de pesquisa e Desenvolvimentode test e s de fábrica de produtos min e raisnão metálicos,
4U.58.14.10.46,Uni da de de pesquisa e Desenvolvimentode test e s de metalurgia,
4U.58.14.10.50,Uni da de de pesquisa e Desenvolvimentode test e s de metal transformado,
4U.58.14.10.54,Uni da de de pesquisa e Desenvolvimentode test e s de armamentos,
4U.58.14.10.58,"Uni da de de pesquisa e Desenvolvimentode test e s de explosivos, muniçõ e s e tóxicos",
4U.58.14.10.62,Uni da de de pesquisa e Desenvolvimentode test e s de fábrica de máquinas,
4U.58.14.10.66,"Uni da de de pesquisa e Desenvolvimentode test e s de fábrica de compon e nt e s de propulsão (ou motor e s, turbinas e transmissão de energia)",
4U.58.14.10.70,Uni da de de pesquisa e Desenvolvimentode test e s de fábrica de produtos eletrônicos e computacionais,
4U.58.14.10.74,"Uni da de de pesquisa e Desenvolvimentode test e s de fábrica de eletro do mésticos, equipamentos eletrônicos e compon e nt e s",
4U.58.14.10.78,Uni da de de pesquisa e Desenvolvimentode test e s de fábrica de equipamentos de transporte,
4U.58.14.10.82,Uni da de de pesquisa e Desenvolvimentode test e s de aeronav e s,
4U.58.14.10.86,Uni da de de pesquisa e Desenvolvimentode test e s espaciaise de míss e is,
4U.58.14.10.90,Uni da de de pesquisa e Desenvolvimentode test e s de embarcaçõ e s marinhas,
4U.58.14.10.94,Uni da de de pesquisa e Desenvolvimentode test e s de automóv e ise tanqu e s,
4U.58.14.10.98,Uni da de de pesquisa e Desenvolvimentode test e s de equipamentos submarinos,
4U.58.18,"Agências de Publicidade, ven da s e pesquisa de mercado",
4U.58.18.02,Agênciade Publicidade,
4U.58.18.06,Agênciade espaços para Publicidade ext e rna,
4U.58.18.10,Agênciade criação de estand e s paraf e iras e exposiçõ e s,
4U.58.18.14,Promotora de ven da s,
4U.58.18.18,Agênciade Marketing dir e to,
4U.58.18.22,Consultoria em Publicidade,
4U.58.18.26,Agênciade pesquisa de mercado e pesquisas de opinião pública,
4U.58.22,Outras unidades prossionais,
4U.58.22.02,Escritório de design de interiores,
4U.58.22.06,Escritório de design de produto,
4U.58.22.14,Escritório de fotograa,
4U.58.22.18,Laboratóriofotográco,
4U.58.22.22,Escritório de serviços de lmag e ns de festas e eventos,
4U.58.22.26,Escritório de serviços de microlmag e m,
4U.58.22.30,"Escritório de serviços de tradução, int e rpr e tação e similar e s",
4U.58.22.34,Agênciade escafandriae mergulho,
4U.58.22.38,Escritório de serviços de agronomiae de consultoriaàs atividades agrícolas e pecuárias,
4U.58.22.42,"Escritório de int e rm e diação e agenciamentode serviços e negócios em geral, exc e toimobiliários",
4U.58.22.46,"Escritório de agenciamentode prossionaispara atividades esportivas, culturaise artísticas",
4U.62,Unidades paraatividades administrativas e serviços complementares,
4U.62.02,Unidades paralocação de ativos não imobiliários e gestão de ativos intangív e isnão nanc e iros,
4U.62.02.02,Locação de meios de transporte semcondutor,
4U.62.02.02.02,Loca do ra de automóv e iss em condutor,
4U.62.02.02.06,"Loca do ra de embarcaçõ e s semtripulação, exc e toparans recr e ativos",
4U.62.02.02.10,Loca do ra de aeronav e s semtripulação,
4U.62.02.06,Locação de obj e tos pessoais e domésticos,
4U.62.02.06.02,Loca do ra de equipamentos recr e ativos e esportivos,
4U.62.02.06.06,"Loca do ra de tas de víd e o, dvds e similar e s",
4U.62.02.06.10,"Loca do ra de obj e tos do vestuário, jóias e acessórios",
4U.62.02.06.14,Loca do ra de apar e lhos de jogos eletrônicos,
4U.62.02.06.18,"Loca do ra de móv e is, utensílios e apar e lhos de uso doméstico e pessoal",instrumentos musicais
4U.62.02.06.22,Loca do ra de mat e rial médico,
4U.62.02.10,Locação de máquinas e equipamentos semop e ra do r,
4U.62.02.10.02,Loca do ra de máquinas e equipamentos agrícolas semop e ra do r,
4U.62.02.10.06,Loca do ra de máquinas e equipamentos paraconstrução semop e ra do r,
4U.62.02.10.10,Loca do ra de andaim e s,
4U.62.02.10.14,Loca do ra de máquinas e equipamentos para e scritório,
4U.62.02.10.18,"Loca do ra de máquinas e equipamentos para e xtração de minérios e petról e o, semop e ra do r",
4U.62.02.10.22,"Loca do ra de equipamentos cientícos, médicos e hospitalar e s, sem opera do r",
4U.62.02.10.26,"Loca do ra de palcos, coberturas e outras estruturas de uso temporário, exc e toan da im e s",
4U.62.02.14,Escritório de gestão de ativos intangív e isnão nanc e iros,
4U.62.06,"Unidades de Seleção, agenciamentoe locação de mão de obra",
4U.62.06.02,Empr e sa de Seleção e agenciamentode mão de obra,
4U.62.06.06,Empr e sa de locação de mão de obratemporária,
4U.62.06.10,Empr e sa de Fornecimentoe gestão de recursos humanos para terc e iros,
4U.62.10,"Agências de viag e ns, opera do r turístico, serviço de res e rvas e atividades relaciona da s",
4U.62.10.02,Agênciade viag e ns,
4U.62.10.06,Opera do r turístico,
4U.62.10.10,Serviços de res e rvas,
4U.62.14,Unidades de segurança e inv e stigação,
4U.62.14.02,Empr e sa de segurança pessoal,
4U.62.14.06,Empr e sa de segurança patrimonial,
4U.62.14.10,Escritório de inv e stigação,
4U.62.18,Serviços para edifícios e atividades paisagísticas,
4U.62.18.02,Agênciade Limpeza de edifícios resi de nciais,
4U.62.18.06,Agênciade Limpeza de escritórios,
4U.62.18.10,Empr e sa de imunização e control e de pragas urbanas,
4U.62.18.14,Empr e sa de Manutenção de parqu e s e jardins,
4U.62.22,"Empr e sas de serviços de escritório, de apoioadministrativo e outros serviços presta do s principalm e nt e às empr e sas",
4U.62.22.02,Empr e sa de serviços de escritório e apoioadministrativo,
4U.62.22.02.02,Empr e sa de serviços combina do s de escritório e apoioadministrativo,
4U.62.22.02.06,"Fotocópia, Preparação de documentos e outros serviços esp e cializa do s de apoioadministrativo",
4U.62.22.06,Empr e sa de tel e at e ndimento,
4U.62.22.10,"Empr e sa de organização de eventos, exc e toculturaise esportivos",
4U.62.22.14,Empr e sa de cobrança e informaçõ e s cadastrais,
4U.62.22.18,Empr e sa de envasamentoe empacotamentosob contrato,
4U.62.22.18.02,"Empr e sa de medição de consumo de energia e létrica, gás e água",
4U.62.22.18.06,"Empr e sa de emissão de val e s-alim e ntação, val e s-transport e e similar e s",
4U.62.22.18.10,"Empr e sa de gravação de carimbos, exc e toconf e cção",
4U.62.22.18.14,Leilo e iro ind e p e nd e nte,
4U.62.22.18.18,Empr e sa de Levantamentode fun do s sob contrato,
4U.62.22.18.22,Casa lotérica,
4U.62.22.18.26,Salade acesso à int e rn e t,
4U.66,"Uni da 0des da administração pública, def e sa e seguri da de social",
4U.66.02,Unidades da administração do estado e da política econômica e social,
4U.66.02.02,Uni da de da administração pública emg e ral,
4U.66.02.06,"Uni da de de agênciar e gula do rade atividades de saúde, educação, serviços culturaisou outros serviços sociais",
4U.66.02.10,Uni da de de agênciar e gula do rade atividades econômicas,
4U.66.06,Unidades de serviços col e tivos presta do s pelaadministração pública,
4U.66.10,Unidades de relaçõ e s ext e rior e s,
4U.66.14,Unidades do legislativo,
4U.66.14.02,Câmara de deputa do s,
4U.66.14.06,Câmara municipal,
4U.66.18,Unidades de justiça,
4U.66.18.02,Tribunal de justiça,
4U.66.18.06,Tribunal de contas,
4U.66.18.10,Fórumde justiça,
4U.66.22,Unidades de segurança e ord em pública,
4U.66.22.02,Corpo de bomb e iros,
4U.66.22.06,Del e gaciade polícia,
4U.66.22.10,Centro de encaminhamento,
4U.66.22.14,Centro de det e nção,
4U.66.22.18,Centro de det e nção provisória,
4U.66.22.22,Centro de det e nção de imigrant e s,
4U.66.22.26,Centro de det e nção juv e nil,
4U.66.22.30,Prisão,
4U.66.22.34,Presídio,
4U.66.26,Unidades da def e sa civil,
4U.66.30,Unidades da seguri da de social obrigatória,
4U.66.30.02,Abrigo público parap e ssoas emsituação de rua,
4U.66.30.02.02,Dormitóriomasculino ou feminino,
4U.66.30.02.06,Dormitóriomisto,
4U.66.30.06,Uni da de de apoioa desabriga do s emd e sastr e s,
4U.66.30.10,Banh e iro público/ducha,
4U.66.30.14,Centro de jov e ns,
4U.66.30.18,Orfanato,
4U.66.30.22,Lar adotivo,
4U.66.30.26,Apartamentode estu da nte,
4U.66.30.30,Casa de frat e rni da de,
4U.66.34,Unidades de def e sa,
4U.66.34.02,Centro de forças arma da s,
4U.66.34.06,Centro de comando militar,
4U.66.34.06.02,Escritório de comando militar,
4U.66.34.10,Uni da de de bas e s militar e s,
4U.66.34.10.02,Campo militar,
4U.66.34.10.06,Instalação paraapoioop e racional militar,
4U.66.34.10.10,Vestiáriomilitar,
4U.66.34.10.14,Prédio-apoiodo comérciomilitar,
4U.66.34.10.18,Armazémdo comérciomilitar,
4U.66.34.14,Uni da de de centro de treinamentomilitar,
4U.66.34.14.02,Centro de apoio para tr e inamentomilitar,
4U.66.34.14.06,Instalação parasimulaçõ e s,
4U.66.34.14.10,"Área de impacto, manobrae treinamento",
4U.66.34.14.14,Estande de tiro,
4U.66.34.14.18,Estande de tiropara armas pequ e nas,
4U.66.34.14.22,Estande de equip e s e batalhõ e s,
4U.66.34.14.26,Estande de explosivos e chamas,
4U.66.34.14.30,Casamata,
4U.66.34.18,Centro de administração militar,
4U.66.34.22,Centro de pesquisas militar e s,
4U.66.34.26,Centro de Entregas militar e s,
4U.66.34.30,Centro de Manutenção militar,
4U.66.34.30.02,Centro de Manutenção de armas e sobr e ssal e nt e s,
4U.66.34.30.06,Centro de Manutenção de míss e isguia do s,
4U.66.34.30.10,"Centro de Manutenção de munição, explosivos e tóxicos",
4U.66.34.30.14,Centro de Manutenção de equipamentos e outros itens,
4U.66.34.30.18,Centro de Manutenção das instalações militar e s,
4U.70,Unidades educacionais,
4U.70.02,Unidades de educação infantil e ensino fun da m e ntal,
4U.70.02.02,"Escolade educação infantil - creche, jardimde infânciae pré-escola",
4U.70.02.06,Escolade ensino fun da m e ntal,
4U.70.06,Unidades de ensino médio,
4U.70.06.02,Escolade ensino médio,
4U.70.10,Unidades de ensino sup e rior,
4U.70.10.02,Facul da de,
4U.70.10.06,Faculdades int e gra da s,
4U.70.10.10,Centro univ e rsitário,
4U.70.10.14,Univ e rsi da de,
4U.70.14,Unidades de ensino prossionalizant e de nív e l técnico e tecnológico,
4U.70.14.02,Escolaprossionalizant e de nív e l técnico,
4U.70.14.06,Escolaprossionalizant e de nív e l tecnológico,
4U.70.18,Unidades de ensino compl em e ntar e continuado,
4U.70.18.02,Escolade esport e s,
4U.70.18.06,Escolade dança,
4U.70.18.10,"Escolade art e s cênicas, exc e to da nça",
4U.70.18.14,Escolade música,
4U.70.18.18,Escolade idiomas,
4U.70.18.22,Escolade formação de condutor e s,
4U.70.18.26,Escolade pilotag e m,
4U.70.18.30,Escolade informática,
4U.70.18.34,Escolade Desenvolvimentoprossional e ger e ncial,
4U.70.18.38,Escolapre para tória paraconcursos,
4U.74,Unidades de saúde e serviços sociais,
4U.74.02,Unidades de atendimentohospitalar,
4U.74.02.02,Hospital para em e rgências gerais,
4U.74.02.06,Hospital pequ e no de tratamentobásico,
4U.74.02.10,Uni da de indep e nd e nte para casos críticos,
4U.74.02.14,Uni da de independente para tratamentourg e nte,
4U.74.02.18,Hospital livre paratratamentode cânc e r,
4U.74.02.22,Hospital de reabilitação,
4U.74.02.26,Mat e rni da de,
4U.74.02.30,Pronto-socorrog e ral,
4U.74.02.34,Pronto-socorroortopédico,
4U.74.02.38,Pronto-socorrooftalmológico,
4U.74.06,Unidades de atenção ambulatorial,
4U.74.06.02,Uni da de médica ambulatorial comrecursos parar e alização de proc e dimentos cirúrgicos,
4U.74.06.06,Uni da de médica ambulatorial comrecursos parar e alização de exam e s complementares,
4U.74.06.10,Uni da de médica ambulatorial restrita a consultas,
4U.74.06.14,Uni da de odontológica,
4U.74.06.18,Uni da de de vacinação e imunização humana,
4U.74.06.22,Uni da de de reprodução humana assistida,
4U.74.06.26,Unidades de serviços de compl em e ntação diagnóstica e terapêutica,
4U.74.10,Laboratórios de anatomiapatológica e citológica,
4U.74.10.02,Laboratórioclínico,
4U.74.10.06,Uni da de de diálise e nefrologia,
4U.74.10.10,Uni da de de tomograa,
4U.74.10.14,"Uni da de de diagnóstico por imag em com uso de radiação ionizante, exc e totomograa",
4U.74.10.18,Uni da de de ressonânciamagnética,
4U.74.10.22,"Uni da de de diagnóstico por imag em s em uso de radiação ionizante, exc e tor e ssonânciamagnética",
4U.74.10.26,"Uni da de de diagnóstico por registro gráco - ecg, eeg e outros exam e s análogos",
4U.74.10.30,Uni da de de diagnóstico por méto do s ópticos - endoscopiae outros exam e s análogos,
4U.74.10.34,Uni da de de quimiot e rapia,
4U.74.10.38,Uni da de de radiot e rapia,
4U.74.10.42,Uni da de de hemot e rapia,
4U.74.10.46,Uni da de de litotripsia,
4U.74.10.50,Uni da de de bancos de células e teci do s humanos,
4U.74.14,Consultórios,
4U.74.14.02,Consultóriomédico,
4U.74.14.06,Consultóriode prossionaisda nutrição,
4U.74.14.10,Consultóriode psicologiae psicanálise,
4U.74.14.14,Consultóriode siot e rapia,
4U.74.14.18,Consultóriode terapiaocupacional,
4U.74.14.22,Consultóriode fonoaudiologia,
4U.74.14.26,Consultóriode terapiade nutrição ent e ral e par e nt e ral,
4U.74.14.30,Consultóriode acupuntura,
4U.74.14.34,Consultóriode podologia,
4U.74.18,Unidades de atenção à saúde humana não esp e cicadas ant e riorm e nte,
4U.74.18.02,Uni da de de práticas int e grativas e complementares emsaúde humana,
4U.74.18.06,Banco de leite humano,
4U.74.22,"Unidades de assistênciaa idosos, decient e s físicos, imuno de primi do s e conval e sc e nt e s presta da s emr e sidências col e tivas e particular e s",
4U.74.22.02,Clínica e residênciag e riátrica,
4U.74.22.06,Instituição de longa permanênciapara idosos,
4U.74.22.10,"Uni da de de assistênciaa decient e s físicos, imuno de primi do s e conval e sc e nt e s",
4U.74.22.14,Centro de apoioa paci e nt e s comcânc e r e comaids,
4U.74.26,Unidades de assistênciapsicossocial e social,
4U.74.26.02,"Uni da de de assistênciapsicossocial e à saúde a porta do r e s de distúrbios psíquicos, deciênciam e ntal e dep e ndênciaquímica",
4U.74.26.06,Orfanato,
4U.74.26.10,Alb e rgue assist e ncial,
4U.74.26.14,Centro de assistênciasocial,
4U.78,"Unidades paraatividades artísticas, culturais, esportivas e recr e ativas",
4U.78.02,"Escritórios e ateliês de art e s cênicas, esp e táculos e atividades complementares",
4U.78.02.02,"Escritório paraa gestão de espaços para art e s cênicas, esp e táculos e outras atividades artísticas",
4U.78.02.06,Escritório de produção teatral,
4U.78.02.10,Escritório de produção musical,
4U.78.02.14,Escritório de produção de esp e táculos de dança,
4U.78.02.18,"Escritório produção de esp e táculos circ e ns e s, de marion e t e s e similar e s",
4U.78.02.22,"Escritório de produção de esp e táculos de ro de ios, vaqu e ja da s e similar e s",
4U.78.02.26,Escritório de produção de sonorização e de iluminação,
4U.78.02.30,Escritório de produção de sonorização e de iluminação,
4U.78.02.34,"Ateliê de artistas plásticos, jornalistas indep e nd e nt e s ou escritor e s",
4U.78.02.38,Ateliê de restauração de obras de arte,
4U.78.06,"Espaços de exibição da produção de art e s cênicas, esp e táculos e atividades complementares",
4U.78.06.02,Auditório,
4U.78.06.06,Teatro,
4U.78.06.10,Cin em a,
4U.78.06.14,Concha acústica,
4U.78.06.18,Circo,
4U.78.06.22,"Arena para ro de io, vaqu e jada ou similar",
4U.78.06.26,Galeria de arte,
4U.78.10,Bibliot e cas e arquivos,
4U.78.10.02,Bibliot e ca geral,
4U.78.10.06,Bibliot e ca infantil,
4U.78.10.10,Bibliot e ca audiovisual,
4U.78.10.14,Bibliot e ca acadêmica,
4U.78.10.18,Arquivo histórico,
4U.78.14,Mus e us e centros de ciências,
4U.78.14.02,Mus e u de arte,
4U.78.14.06,Mus e u de história,
4U.78.14.10,Mus e u de ciênciae tecnologia,
4U.78.14.14,Mus e u paracrianças,
4U.78.14.18,Centro de ciências,
4U.78.14.22,Plan e tário,
4U.78.14.26,Obs e rvatório,
4U.78.18,Unidades de Observação da natur e za,
4U.78.18.02,Parque ecológico,
4U.78.18.06,Jardimbotânico,
4U.78.18.10,Hortofor e stal,
4U.78.18.14,Parque zoológico,
4U.78.22,Monumentos e memoriais,
4U.78.22.02,Histórico,
4U.78.22.06,Religioso,
4U.78.22.10,Arquit e tônico,
4U.78.26,Casas de apostas,
4U.78.26.02,Bingo,
4U.78.26.06,Corrida da cavalos,
4U.78.30,Unidades paraatividades esportivas,
4U.78.30.02,Ginásio,
4U.78.30.02.02,Ginásiode tênis,
4U.78.30.02.06,Ginásiode squash,
4U.78.30.02.10,Ginásiode raqu e t e bol,
4U.78.30.02.14,Ginásiode basqu e te,
4U.78.30.02.18,Ginásiode fut e bol americano,
4U.78.30.02.22,Ginásiode fut e bol de salão,
4U.78.30.02.26,Ginásiode beis e bol ou softbol,
4U.78.30.02.30,Ginásiode vôl e i,
4U.78.30.02.34,Ginásiopoli e sportivo,
4U.78.30.06,Campo e estádio,
4U.78.30.06.02,Campo de golfe,
4U.78.30.06.06,Campo pitch and putt,
4U.78.30.06.22,Campo de minigolfe,
4U.78.30.06.10,Estádiode fut e bol americano,
4U.78.30.06.14,Estádiode fut e bol,
4U.78.30.06.18,Estádiode beis e bol ou sotbol,
4U.78.30.10,"Centro, salão e clube",
4U.78.30.10.02,Centro de recr e ação aquática,
4U.78.30.10.06,Centro de treinamento e sportivo,
4U.78.30.10.10,Centro de recr e ação atlética,
4U.78.30.10.14,Centro de recr e ação não atlética,
4U.78.30.10.18,Centro de recr e ação multiuso,
4U.78.30.10.22,Centro de mergulho,
4U.78.30.10.26,Salão de bilhar,
4U.78.30.10.30,Salão de jogos,
4U.78.30.10.34,Clube de ociaismilitar e s,
4U.78.30.10.38,Clube e centro de convivênciamilitar,
4U.78.30.10.42,Clube de recr e ação esporte e laz e r,
4U.78.30.10.46,Clube de tiro ao alvo,
4U.78.30.10.50,Clube de golfe,
4U.78.30.14,Acad em ia,
4U.78.30.14.02,Acad em iade musculação,
4U.78.30.14.06,Acad em iade art e s marciais,
4U.78.30.14.10,Acad em iade boxe,
4U.78.30.14.14,Acad em iade ginástica,
4U.78.30.18,Uni da de de produção e promoção de eventos esportivos,
4U.78.30.18.02,Escritório de produção de eventos esportivos,
4U.78.30.18.06,Escritório de promoção de eventos esportivos,
4U.78.30.22,Uni da de de recr e ação e laz e r,
4U.78.30.22.02,Área de recr e ação infantil,
4U.78.30.22.06,Área de recr e ação multiuso,
4U.78.30.22.10,Parque de div e rsõ e s e parque temático,
4U.78.30.22.14,"Discot e ca, danc e t e ria, salão de dança e similar e s",
4U.78.30.22.18,Salão de boliche,
4U.78.30.22.22,"Salão de jogos de sinuca, bilhar e similar e s",
4U.78.30.22.26,Salão de jogos eletrônicos recr e ativos,
4U.82,"Unidades de organizaçõ e s associativas, prestação de serviços, Manutenção e cuida do s",
4U.82.02,Sindicatos,
4U.82.02.02,Sede do sindicato,
4U.82.06,Associaçõ e s,
4U.82.06.02,Sede da associação,
4U.82.10,Cons e lhos de classe,
4U.82.10.02,Sede do cons e lho de classe,
4U.82.14,Unidades de agr em iaçõ e s políticas,
4U.82.14.02,Sede de partido político,
4U.82.18,Unidades religiosas e espirituais,
4U.82.18.02,Centro religioso,
4U.82.18.06,Centro de educação religiosa,
4U.82.18.10,Monumentoou ícone religioso,
4U.82.18.14,Local de per e grinação religiosa,
4U.82.18.18,Retiro religioso,
4U.82.18.22,Retiro espiritual,
4U.82.22,Ocinas para reparação e Manutenção de equipamentos de informática e comunicação e de obj e tos pessoaise domésticos,
4U.82.22.02,Ocina de reparação e Manutenção de computa do r e s e de equipamentos periféricos,
4U.82.22.06,Ocina de reparação e Manutenção de equipamentos de comunicação,
4U.82.22.10,Ocina de reparação e Manutenção de obj e tos e equipamentos pessoais e domésticos,
4U.82.22.14,Ocina de reparação e Manutenção de equipamentos eletro eletrônicos de uso pessoal e doméstico,
4U.82.22.18,"Ocina de reparação de calça do s, bolsas e artigos de viag e m",
4U.82.22.22,Chav e iro,
4U.82.22.26,Ocina de reparação de relógios,
4U.82.22.30,"Ocina de reparação de bicicletas, triciclos e outros veículos não motoriza do s",
4U.82.22.34,Ocina de reparação de artigos do mobiliário,
4U.82.26,Unidades de atenção e cuida do s pessoais,
4U.82.26.02,Lavand e ria,
4U.82.26.06,Tinturaria,
4U.82.26.10,Toalh e iro,
4U.82.26.14,"Salão de cab e l e ir e iro, manicur e e pedicure",
4U.82.26.18,Estúdiode tatuag em e colocação de piercing,
4U.82.26.22,Sauna e banhos,
4U.82.26.26,Uni da de de exploração de máquinas de serviços pessoaisaciona da s por moeda,
4U.82.26.30,Agênciamatrimonial,
4U.82.30,Unidades de atenção e cuida do s a animais do mésticos,
4U.82.30.02,Alojamentode animais domésticos,
4U.82.30.06,Higi e ne e emb e l e zamentode animais do mésticos,
4U.82.34,Unidades fun e rárias e serviços relacionados,
4U.82.34.02,Necrópsia,
4U.82.34.06,Uni da de de somatocons e rvação,
4U.82.34.10,Fun e rária,
4U.82.34.14,Velório,
4U.82.34.18,Crematório,
4U.82.34.22,Cemitério,
4U.82.34.22.02,Cemitério horizontal,
4U.82.34.22.06,Cemitério vertical,
4U.86,Unidades pararepr e s e ntaçõ e s diplomáticas,
4U.86.02,Missõ e s diplomáticas perman e nt e s,
4U.86.02.02,Embaixada,
4U.86.06,Repartiçõ e s consular e s,
4U.86.06.02,Consulado geral,
4U.86.06.06,Consulado,
4U.86.06.10,Vice-consulado,
4U.86.06.14,Consulado honorário,
4U.86.10,Uni da de esp e cícas,
4U.86.10.02,Escritório de Representação,
4U.86.10.06,Escritório nanc e iro,
4A.01,Espaços para classicação legal e geopolítica,
4A.01.01,Espaços delimita do r e s de proprie da de dentro de uma uni da de,
4A.01.01.01,Área útil,
4A.01.01.04,Área privativa,
4A.01.01.07,Área de uso comum,
4A.01.01.10,Área edicável,
4A.01.01.13,Área de proj e ção,
4A.01.01.16,Área de recuo ou afastamentofrontal,
4A.01.01.19,Área de afastamentolat e ral ou fundo,
4A.01.04,Espaços de domínio,
4A.01.04.01,Faixa de servidão,
4A.01.04.04,Área de domínio,
4A.01.04.07,Como da to,
4A.01.04.10,Espaço aér e o de servidão,
4A.01.04.13,Espaço de min e ração de servidão,
4A.01.07,Espaços de pres e rvação ambiental,
4A.01.07.01,APP- área de pres e rvação perman e nte,
4A.01.07.04,UC- uni da de de Conservação,
4A.01.07.07,RPPN- res e rva privada de patrimônionatural,
4A.01.07.10,APA- área de pres e rvação ambiental,
4A.01.10,Espaços de pres e rvação histórico-cultural,
4A.01.10.01,APAC- área de pres e rvação ambiental e cultural,
4A.01.13,Limit e s locais,
4A.01.13.01,Distrito,
4A.01.13.04,Vizinhança,
4A.01.13.07,Campus,
4A.01.13.10,Cercania,
4A.01.13.13,Base,
4A.01.16,Limit e s municipais,
4A.01.16.01,Vilar e jo,
4A.01.16.04,Cidade,
4A.01.19,Limit e s extramunicipais,
4A.01.19.01,País,
4A.01.19.04,Região,
4A.01.19.07,Estado,
4A.01.19.10,Província,
4A.01.19.13,Nação,
4A.04,Espaços para classicação topográca,
4A.04.01,Espaços topográcos inclina do s,
4A.04.01.01,Vale,
4A.04.01.04,Canal,
4A.04.01.07,Platô,
4A.04.01.10,Colina,
4A.04.01.13,Cume,
4A.04.01.16,Pico da montanha,
4A.04.01.19,Berma,
4A.04.04,Espaços topográcos planos,
4A.04.04.01,Planície,
4A.04.04.04,Campo,
4A.04.04.07,Lago,
4A.04.07,Transiçõ e s topográcas entre terrae água,
4A.04.07.01,Península,
4A.04.07.04,Promontório,
4A.04.07.07,Canal de acesso,
4A.04.07.10,Baía,
4A.04.07.13,Costa,
4A.04.07.16,Ilha,
4A.04.07.19,Lagoa,
4A.04.10,Espaços topográcos de água,
4A.04.10.01,Oceano,
4A.04.10.04,Lago articial,
4A.04.10.07,Lago,
4A.04.10.10,Repr e sa,
4A.04.10.13,Riacho,
4A.04.10.16,Rio,
4A.04.10.19,Mar,
4A.07,Espaços genéricos parafacilitar proj e toe construção,
4A.07.01,Módulos,
4A.07.01.01,Módulode Planejamento,
4A.07.01.04,Módulode estrutura,
4A.07.01.07,Móduloproporcional,
4A.07.04,Espaços livr e s,
4A.07.04.01,Espaço livr e op e racional,
4A.07.04.04,Espaço livr e ac e ssív e l,
4A.07.04.07,Espaço livr e de serviço,
4A.07.07,Espaços de tol e rância,
4A.07.07.01,Espaço de tol e rânciade Planejamento,
4A.07.07.04,Espaço de tol e rânciade construção,
4A.07.10,Nív e is,
4A.07.10.01,Pavimento,
4A.07.10.04,Piso,
4A.07.10.07,Andar,
4A.07.10.10,Embasamento,
4A.07.10.13,Ático,
4A.07.13,Espaços eleva do s,
4A.07.13.01,Mezzanino,
4A.07.13.04,Balcão,
4A.07.13.07,Plataforma,
4A.07.16,Espaços rebaixa do s e escava do s,
4A.07.16.01,Poço,
4A.10,Espaços de Parede s,
4A.10.01,Espaços de Parede s ext e rnas,
4A.10.04,Espaços de Parede s int e rnas,
4A.13,Espaços técnicos e funcionais em e dicaçõ e s,
4A.13.01,Espaços verticaisnão ocupa do s de infra e struturae serviços,
4A.13.01.01,Poço do eleva do r,
4A.13.01.04,Base do eleva do r,
4A.13.01.07,Cabine do eleva do r,
4A.13.01.10,Casa de máquinas do eleva do r,
4A.13.01.13,Duto,
4A.13.01.13.01,Dutodo eleva do r,
4A.13.01.13.04,Dutom e cânico,
4A.13.01.13.07,Dutode serviço,
4A.13.01.13.10,Chaminé,
4A.13.01.13.13,Shaft de distribuição de energia,
4A.13.01.13.16,Shaft de distribuição de dados,
4A.13.01.13.19,Shaft de distribuição de gás,
4A.13.01.13.22,Shaft de distribuição de hidráulica,
4A.13.04,Espaços horizontaisnão ocupa do s de infra e strutura e serviços,
4A.13.04.01,Rede de distribuição de energia,
4A.13.04.04,Rede de dados,
4A.13.04.07,Rede de distribuição de gás,
4A.13.04.10,Distribuição de líqui do s,
4A.13.04.13,Rede de distribuição de esgoto,
4A.13.04.16,Zona de distribuição de ar,
4A.13.07,Espaços vazios e sempassag em de infra e strutura,
4A.13.07.01,Poço de iluminação,
4A.13.07.04,Poço de ventilação,
4A.13.07,Salas de controle,
4A.13.07.01,Centro de control e de incêndio,
4A.13.07.04,Guarita,
4A.13.07.07,Portaria,
4A.13.07.10,Salade segurança,
4A.13.10,Docas,
4A.13.10.01,Doca de carga e descarga,
4A.13.13,Sanitários,
4A.13.13.01,Sanitáriomasculino,
4A.13.13.04,Sanitáriof em inino,
4A.13.13.07,Sanitáriode uso misto,
4A.13.13.10,Sanitáriopcd,
4A.13.13.13,Vestiáriouniss e x,
4A.13.13.16,Vestiáriof em inino,
4A.13.13.19,Vestuário masculino,
4A.13.13.22,Lavabo,
4A.13.16,Áreas técnicas,
4A.13.16.01,Espaço de equipamentos de refrig e ração,
4A.13.16.04,Salade fornalha,
4A.13.16.07,Salade incin e ra do r,
4A.13.16.10,Salade combustív e is,
4A.13.16.13,Salade gas e s,
4A.13.16.16,Armaz e nag em de líqui do s,
4A.13.16.19,"Uso, distribuição e misturade líqui do s",
4A.13.16.22,Casa de bombas,
4A.13.16.22.01,Casa de bombas de incêndio,
4A.13.16.22.04,Casa de bombas de piscina,
4A.13.16.26,Control e de hidrogênio,
4A.13.16.29,Salade comando e medição elétrica,
4A.13.16.32,Salade equipamentode manobra,
4A.13.16.35,Salade tele com unicaçõ e s,
4A.13.16.38,Cabine para transforma do r,
4A.13.16.41,Centro de medição,
4A.13.16.44,Cavi da de,
4A.13.16.47,Pavimentotécnico,
4A.13.16.50,Laj e técnica,
4A.13.19,Espaços de lixo e reciclagem,
4A.13.19.01,Armazémde mat e riaisp e rigosos,
4A.13.19.04,Armazémde lixo orgânico,
4A.13.19.07,Armazémde lixo reciclável,
4A.13.19.10,Compost e ira,
4A.13.22,Espaços de apoiode serviços do edifício,
4A.13.22.01,Escritório do síndico,
4A.13.22.04,Salada administração,
4A.13.22.07,Espaço de funcionários,
4A.13.22.10,Área da ocina,
4A.13.22.13,Câmarade acesso,
4A.13.22.16,Espaço de Manutenção,
4A.13.22.19,Espaço entre rev e stimentoe alv e naria,
4A.13.22.22,Espaço sob isolamentotérmico,
4A.13.22.25,Espaço do sótão,
4A.13.22.28,Plenumou retorno,
4A.13.25,Plataformas de equipamentos,
4A.13.28,Espaços de entr e forro,
4A.13.31,Espaços emconv e rsão de uso,
4A.13.34,Espaços de cobertura,
4A.13.34.01,cobertura,
4A.13.34.04,Terraço,
4A.13.34.07,Laj e imp e rm e abilizada,
4A.13.34.10,Área para ant e nas,
4A.13.34.13,Heliponto,
4A.16,Espaços de circulação e permanênciatransitória emedicaçõ e s,
4A.16.01,Espaços de circulação primáriav e rtical,
4A.16.01.01,Eleva do r,
4A.16.01.01.01,Eleva do r de passag e iros,
4A.16.01.01.04,Eleva do r social,
4A.16.01.01.07,Eleva do r de serviços,
4A.16.01.01.10,Eleva do r montacarga,
4A.16.01.01.13,Eleva do r de carga,
4A.16.01.01.16,Plataforma elevatória,
4A.16.01.04,Escada,
4A.16.01.04.01,Escada enclausurada,
4A.16.01.04.04,Escada de emergência,
4A.16.01.04.07,Escada de uso comum,
4A.16.01.04.10,Esca da riamonum e ntal,
4A.16.01.04.13,Escada rolante,
4A.16.01.07,Rampa,
4A.16.04,Espaços de circulação primáriahorizontal,
4A.16.04.01,Corre do r,
4A.16.04.07,Saguão,
4A.16.04.10,Passag e m,
4A.16.04.13,Est e ira rolante,
4A.16.07,Espaços de circulação ext e rna de pe de str e s,
4A.16.07.01,Caminho,
4A.16.07.04,Calçada ext e rna emedicação,
4A.16.10,Espaços de estacionamento,
4A.16.10.01,Rampa e circulação de estacionamento,
4A.16.10.04,Control e de acesso de estacionamento,
4A.16.10.07,Vaga de estacionamento,
4A.16.10.07.01,Vaga de estacionamentopcd,
4A.16.10.07.04,Vaga de estacionamentopara idosos,
4A.16.10.07.07,Vaga de estacionamentocarga de descarga,
4A.16.10.07.10,Vaga de estacionamentopara veículos de serviço,
4A.16.10.07.10,Vaga de estacionamentopara veículos híbri do s ou elétricos,
4A.16.13,Espaços de circulação de veículos na área ext e rna,
4A.16.13.01,Rua na parte ext e rna de edicaçõ e s,
4A.16.13.13,Porte-cochère,
4A.16.16,Espaços de circulação transitória,
4A.16.16.01,Portal de entrada,
4A.16.16.04,Hall,
4A.16.16.04.01,Hall de entrada,
4A.16.16.04.04,Hall do eleva do r,
4A.16.16.04.07,Hall do eleva do r de carga,
4A.16.16.07,Rec e pção,
4A.16.16.10,Vestíbulo,
4A.16.16.13,Ant e ssala,
4A.16.16.16,Espaço de embarque,
4A.16.16.19,Espaço de des em barque,
4A.16.16.22,Espaço de embarque e des em barque,
4A.16.16.25,Ant e câmara,
4A.16.16.28,Air lock ou compartimentode bloqu e iode ar,
4A.16.16.31,Espaço da portade segurança,
4A.16.16.34,Espaço da pont e de embarque ou des em barque de passag e iros em aeronav e s,
4A.16.16.37,Galeriapara circulação de pe de str e s,
4A.16.16.40,Átrio,
4A.16.16.43,Nave,
4A.16.19,Espaços anexos de circulação,
4A.16.19.01,Arcada,
4A.16.19.07,Jardimint e rno,
4A.16.19.04,Claustro (inclui: jardimint e rno comarcada),
4A.16.22,Espaços con e ctor e s de circulação,
4A.16.22.01,Espaço para passadiço,
4A.16.22.04,Espaço para passar e la,
4A.16.25,Espaços de circulação secundária,
4A.16.25.01,Espaço para portar e v e rsa,
4A.16.28,Espaços de uso restrito,
4A.16.28.01,Corre do r controlado,
4A.16.28.04,Acesso de serviços controlado,
4A.16.31,Espaços de int e rs e çõ e s e nós,
4A.16.31.01,Encruzilhada,
4A.16.31.04,Cruzamento,
4A.16.31.10,Bifurcação,
4A.16.34,Espaços ext e rnos de permanênciatransitória,
4A.16.34.01,Pátio,
4A.16.34.04,Quintal,
4A.16.34.07,Claraboia,
4A.16.34.10,Gramado,
4A.16.34.13,Sacada,
4A.16.34.16,Gaz e bo,
4A.16.34.19,Treliçado,
4A.19,Espaços resi de nciais,
4A.19.01,Espaços de permanênciaprolongada,
4A.19.01.01,Dormitório,
4A.19.01.04,Suíte,
4A.19.01.07,Salade estar,
4A.19.01.10,Salade jantar,
4A.19.01.13,Salade almoço,
4A.19.01.16,Salade estudo,
4A.19.01.19,Escritório resi de ncial,
4A.19.01.22,Copa,
4A.19.01.25,Cozinha,
4A.19.01.28,Varanda,
4A.19.01.28.01,Varanda gourm e t,
4A.19.01.31,Área de laz e r,
4A.19.01.34,Churrasqu e ira,
4A.19.04,Espaços de permanênciatransitória,
4A.19.04.01,Área de serviço,
4A.19.04.04,Lavand e ria,
4A.19.04.07,Banh e iro resi de ncial,
4A.19.04.10,Circulação,
4A.19.04.13,Garag e m,
4A.19.04.16,Depósito resi de ncial,
4A.19.04.19,Desp e nsa,
4A.19.07,Espaços esp e ciais,
4A.19.07.01,Sótão,
4A.19.07.04,Clos e t,
4A.19.07.07,Jardimou orquidárior e si de ncial,
4A.19.07.10,Bibliot e ca resi de ncial,
4A.22,Espaços para ensino,
4A.22.01,Espaços para descanso emespaços de ensino,
4A.22.01.01,Salade descanso,
4A.22.04,Espaços de salas de aulae leitura,
4A.22.04.01,Salade aula,
4A.22.04.01.01,Salade aulapara o ensino infantil,
4A.22.04.01.04,Salade aulapara o ensino fun da m e ntal,
4A.22.04.01.07,Salade aulapara o ensino médio,
4A.22.04.01.10,Salade aulapara o ensino sup e rior,
4A.22.04.01.13,Salade aulapara o ensino prossionalizante,
4A.22.04.01.16,Salade aulapara o ensino compl em e ntar e continuado,
4A.22.04.04,Auditório,
4A.22.04.04.01,Auditórioda ass em bl e ia,
4A.22.04.04.04,Auditório(ass e ntos xos),
4A.22.04.07,Salade seminários,
4A.22.04.10,Exedra,
4A.22.07,Laboratórios de ensino,
4A.22.07.01,Laboratóriode ensino aberto,
4A.22.07.04,Laboratóriode física,
4A.22.07.07,Laboratóriode astronomia,
4A.22.07.10,Laboratóriode pesquisa,
4A.22.07.13,Laboratóriode informática,
4A.22.07.16,Área de serviço do laboratório,
4A.22.10,Espaços de treinamento,
4A.22.10.01,Carpintaria ou metalurgia,
4A.22.10.04,Espaço de apoiode treinamento,
4A.22.10.07,Espaço de educação religiosa,
4A.22.13,Espaços de estudo,
4A.22.13.01,Salade estu do s,
4A.25,Espaços para laz e r,
4U.25.01,Quadras,
4U.25.01.01,Quadra de tênis,
4U.25.01.04,Quadra de squash,
4U.25.01.07,Quadra de raqu e t e bol,
4U.25.01.10,Quadra de basqu e te,
4U.25.01.13,Quadra de fut e bol americano,
4U.25.01.16,Quadra de fut e bol de salão,
4U.25.01.19,Quadra de beis e bol ou sotbol,
4U.25.01.22,Quadra de vôl e i,
4A.25.01.22.01,Quadra de vôl e i de areia,
4U.25.01.25,Quadra poli e sportiva,
4U.25.04,Piscinas e raias,
4U.25.04.01,Piscina olímpica,
4U.25.04.04,Piscina semiolímpica,
4U.25.04.07,Raia para tr e inamento,
4A.25.04.10,Tanque de mergulho,
4U.25.07,Pistas,
4U.25.07.01,Pistapara a prática de golfe,
4U.25.07.04,Pistade esqui,
4U.25.07.07,Pistade skate,
4U.25.07.10,Pistade patinação no gelo,
4U.25.07.13,Pistade boliche,
4U.25.07.16,Pistade corrida,
4U.25.07.19,Pistade atl e tismo,
4U.25.07.22,Pistade corrida a cavalo,
4U.25.07.25,Pistade corrida de automóv e is,
4A.25.10,Espaços de apoioe suporte para esport e s,
4A.25.10.01,Abrigo,
4A.25.10.04,Espaço para post e s de iluminação,
4A.25.10.07,Salade impr e nsa,
4A.25.10.10,Espaço para placar e s,
4A.25.10.13,Arquibancada,
4A.25.13,Espaços para esport e s individuais,
4A.25.13.01,Espaço comSuperfícies rígi da s para a prática de esport e s,
4A.25.13.07,Área de prática de golfe,
4A.25.13.13,Baia para prática de golfe,
4A.25.13.19,Espaço de apoioao campo de golfe,
4A.25.13.25,Ringue de boxe,
4A.25.13.31,Tablado de lutas,
4A.25.13.37,Octógono,
4A.25.13.43,Área de arr em e sso de dar do s,
4A.25.13.49,Área de treinamentode circuito,
4A.25.13.55,Salade exercícios,
4A.25.13.61,Salade musculação,
4A.25.13.67,Salade pilat e s,
4A.25.13.73,Salade spinning,
4A.25.13.79,Estúdioa e róbico,
4A.25.13.85,Par e de de escalada,
4A.25.13.91,Espaço para a prática de arvorismo,
4A.25.13.97,Pistade patinação,
4A.25.16,Espaços de laz e r e recr e ação,
4A.25.16.01,Estande de tiro,
4A.25.16.04,Playground,
4A.25.16.07,Salão de jogos,
4A.25.16.10,Mesa de jogos de azar,
4A.25.16.13,Espaço para atração de parque de div e rsõ e s,
4A.25.16.16,Espaço para desle,
4A.25.16.19,Ambi e nt e visual computa do rizado,
4A.25.16.22,Pistade dança,
4A.25.16.25,Solário,
4A.25.16.28,Jardimz e n,
4A.25.16.31,Sauna,
4A.25.19,Espaços de descanso emespaços paralaz e r,
4A.25.19.01,Área de descanso emespaços para laz e r,
4A.25.19.04,Salade descanso emespaços paralaz e r,
4A.28,Espaços gov e rnam e ntais,
4A.28.01,Espaços do po de r judicial,
4A.28.01.01,Espaço do fórumde justiça,
4A.28.01.01.01,Bancada do júri,
4A.28.01.01.04,Salado júri,
4A.28.01.01.07,Bancada do juiz,
4A.28.01.01.10,Salade evidências criminais,
4A.28.01.01.13,Espaço de reunião do júri,
4A.28.01.01.16,Bancada de test em unhas,
4A.28.01.04,Espaço do gabin e t e do juiz,
4A.28.01.04.01,Câmarajudicial,
4A.28.01.04.04,Área do assist e nt e do juiz,
4A.28.01.07,Salaou área de vestim e ntas,
4A.28.01.10,Salade audiência,
4A.28.01.13,Salade depoimentos,
4A.28.04,Espaços legislativos,
4A.28.04.01,Espaço do parlamento,
4A.28.04.04,Salade audiências legislativas,
4A.31,Espaços artísticos,
4A.31.01,Espaços de apr e s e ntaçõ e s,
4A.31.01.01,Teatro ao ar livre,
4A.31.01.04,Espaço de teatro fechado,
4A.31.01.04.01,Palco,
4A.31.01.04.04,Poço da orqu e stra,
4A.31.01.04.07,Área de ensaiode apr e s e ntaçõ e s,
4A.31.01.04.10,Cabine de locução,
4A.31.01.04.13,Salão de apr e s e ntaçõ e s,
4A.31.01.04.16,Espaço de treinamentoda banda,
4A.31.04,Espaços de audiência,
4A.31.04.01,Ant e ssalade plat e ia,
4A.31.04.04,Área de plat e ia,
4A.31.04.07,Grupo de ass e ntos,
4A.31.04.10,Fila de ass e ntos,
4A.31.04.13,Área de ass e ntos,
4A.31.07,Espaços de apoiode apr e s e ntaçõ e s,
4A.31.07.01,Cabine de proj e ção,
4A.31.07.04,Passar e la,
4A.31.07.07,Coxia,
4A.31.07.10,Espaço da telade proj e ção,
4A.34,Espaços para mus e us e bibliot e cas,
4A.34.01,Espaços para mus e us,
4A.34.01.01,Acervo,
4A.34.01.04,Salamultimídia,
4A.34.01.07,Área administrativa,
4A.34.01.10,Área com e rcial,
4A.34.04,Espaços para bibliot e cas,
4A.34.04.01,Acervo bibliográco,
4A.34.04.04,Salade pesquisa,
4A.34.04.07,Área de leitura,
4A.37,Espaços religiosos,
4A.37.01,Espaços de adoração,
4A.37.01.01,Cap e lade meditação,
4A.37.01.04,Altar,
4A.37.01.07,Espaço de ref e xão,
4A.37.01.10,Espaço de benção,
4A.37.01.13,Cap e la,
4A.37.01.16,Mirabe,
4A.37.01.19,Templo,
4A.37.01.22,Santuário,
4A.37.01.25,Conf e ssionário,
4A.37.01.28,Arca,
4A.37.01.31,Bema,
4A.37.01.34,Tab e rnáculo,
4A.37.01.37,Púlpito,
4A.37.01.40,Coro,
4A.37.04,Espaços de cerimonial,
4A.37.04.01,Espaço nupcial,
4A.37.04.04,Batistério,
4A.37.04.07,Espaço de circuncisão,
4A.37.04.10,Cátedra,
4A.37.07,Espaços de procissão,
4A.40,Espaços para ambi e nt e s controla do s,
4A.40.01,Câmaras anecoicas,
4A.40.04,Espaços para Contenção de mat e riaisp e rigosos,
4A.40.07,Salas limpas,
4A.40.10,Câmaras de temp e ratura e pressão,
4A.40.13,Espaços para datac e nt e rs,
4A.43,Espaços de saúde,
4A.43.01,Espaços de exam e s genéricos,
4A.43.01.01,Salade exame,
4A.43.01.01.01,Salade exame comisolamentode inf e cção por viaaér e a,
4A.43.01.01.04,Salade exame comisolamento,
4A.43.01.01.07,Salade exame de obst e trícia,
4A.43.01.01.10,Salade exame de pediatria,
4A.43.01.01.13,Salade exame comambi e nt e de isolamentopr e v e ntivo,
4A.43.01.01.16,Salade exame de podologia,
4A.43.01.04,Salas e gura de exame,
4A.43.01.07,Espaço de triag em de peso ou altura,
4A.43.01.10,Salas e gura de Observação,
4A.43.04,Espaços de cuida do s hospitalar e s,
4A.43.04.01,Ant e câmara comisolamentode inf e cção por viaaér e a,
4A.43.04.04,Ant e câmara comisolamentopr e v e ntivo de imuno de primi do s emhospitais,
4A.43.04.07,Ant e câmara comisolamentopr e v e ntivo emuni da d e s de saúde mental,
4A.43.04.10,Salade parto,
4A.43.04.13,Salade Recuperação pós-parto,
4A.43.04.16,Salade sist em as de tecnologiada informação médica,
4A.43.04.19,Berçáriode recém-nasci do s,
4A.43.04.22,Berçárioda uti neonatal,
4A.43.04.25,Espaço da uni da de de transport e do berçário,
4A.43.04.28,"Berçário, isolamentode inf e cção por viaaér e a",
4A.43.04.31,"Berçário, Observação",
4A.43.04.34,"Berçário, cuida do s esp e ciais",
4A.43.04.37,Quartode paci e nte,
4A.43.04.37.01,Quartode paci e nte com distúrbios mentaisl e v e s,
4A.43.04.37.04,"Quartode paci e nte com distúrbios mentaisl e v e s, bariátrico",
4A.43.04.37.07,Quartode paci e nte com isolamentode inf e cção por viaaér e a,
4A.43.04.37.10,Quartode inalação,
4A.43.04.37.13,Quartode paci e nt e de tratamentoint e nsivo,
4A.43.04.37.16,Quarto de paci e nt e de tratamentoint e nsivo comisolamentode inf e cção por viaaér e a,
4A.43.04.37.19,Quarto de paci e nt e de tratamentoint e nsivo comambi e nt e de isolamento prev e ntivo,
4A.43.04.37.22,Quartode isolamento,
4A.43.04.37.25,Quartode paci e nt em onitorado,
4A.43.04.37.28,Quartoindividual de paci e nte,
4A.43.04.37.31,Quartode paciente com ambi e nt e de isolamentopr e v e ntivo,
4A.43.04.37.34,Quartode seclusão,
4A.43.04.37.37,Quartoindividual transitóriode paci e nte,
4A.43.04.37.40,Quartoduplode paci e nte,
4A.43.07,Espaços de apoioa serviços multimédicos,
4A.43.07.01,Salade armaz e nag em geral de roupa limpa,
4A.43.07.04,Depósito de elementos limpos,
4A.43.07.07,Depósito de instrumentos limpos,
4A.43.07.10,Consultóriode paci e nte,
4A.43.07.13,Consultórioou atendimentode saúde mental,
4A.43.07.16,Depósito de equipamentos médicos,
4A.43.07.19,Arquivo médico,
4A.43.07.22,Salade mat e riaissujos,
4A.43.07.25,Salade Limpeza de mat e riais,
4A.43.07.28,Salamultiuso de saúde mental comsalade controle,
4A.43.07.31,Postode ressuscitação,
4A.43.07.34,Salaqui e ta,
4A.43.10,Áreas de trabalho da enf e rmag e m,
4A.43.10.01,Postode enf e rmag e m,
4A.43.10.04,Postode enf e rmag em ou centro de comunicação,
4A.43.10.07,Postoavançado de enf e rmag e m,
4A.43.10.10,Espaço de triag e m,
4A.43.13,Espaços de diagnóstico por imag e m,
4A.43.13.01,Salade proc e dimentos angiográcos,
4A.43.13.04,Salade densitom e triaóss e a,
4A.43.13.07,Salade exame de tomograa computa do rizada,
4A.43.13.10,Salade simulação de tomograa computa do rizada,
4A.43.13.13,Salade radiologiacistoscópica,
4A.43.13.16,Salade radiograa principal,
4A.43.13.19,Salade mamograa,
4A.43.13.22,Postomóv e l de diagnóstico por imag e m,
4A.43.13.25,Salade exame por ressonânciamagnética,
4A.43.13.28,Salade sist em a de imag em por ressonânciamagnética,
4A.43.13.31,Salade exame de pet ou ct,
4A.43.13.34,Salade simulação pet ou ct,
4A.43.13.37,Salade radiograa torácica,
4A.43.13.40,Salade radiograa,
4A.43.13.43,Salade radiograa ou fuoroscopia,
4A.43.13.46,Salade radiograa ou tomograa,
4A.43.13.49,Salade sist em as computa do riza do s de radiologia,
4A.43.13.52,Salade mamograa por est e r e otaxia,
4A.43.13.55,Salade ultrassom,
4A.43.13.58,Salade ultrassomou tomograa da coerênciaótica,
4A.43.13.61,Salade scann e r de corpo int e iro,
4A.43.16,Espaços de apoiode diagnóstico por imag e m,
4A.43.16.01,Salade control e angiográco,
4A.43.16.04,Salade instrumentos angiográcos,
4A.43.16.07,Salade control e de proc e dimentos angiográcos,
4A.43.16.10,Salade compon e nt e s de sist em as angiográcos,
4A.43.16.13,"Área de col e tade prata, diagnóstico por imag e m",
4A.43.16.16,Área de leitor radiológico computa do rizado,
4A.43.16.19,"Área de proc e ssamentode imag em com puta do rizada, diagnóstico por imag e m",
4A.43.16.22,"Raiox, espaço de Armazenamentode imagens digitais",
4A.43.16.25,Área de control e de tomograa computa do rizada,
4A.43.16.28,Salade equipamentoe energiade tomograa computa do rizada,
4A.43.16.31,Salade control e de qualidade de imag e m,
4A.43.16.34,Salade leiturade imagens,
4A.43.16.37,"Raiox, espaço de Armazenamentode lme",
4A.43.16.40,Salade proc e ssamentomamográco,
4A.43.16.43,"Filme de raiox, espaço de proc e ssamentoà luz do dia",
4A.43.16.46,Salade control e de ressonânciamagnética,
4A.43.16.49,Salade equipamentos de ressonânciamagnética,
4A.43.16.52,Salade visualização de ressonânciamagnética,
4A.43.16.55,Salade control e de pet ou ct,
4A.43.16.58,Salade control e radiográco,
4A.43.16.61,Salaradiográca escura,
4A.43.16.64,Salade radiologiaou medicina à distância,
4A.43.16.67,"Salade visualização ou consulta, diagnóstico por imag e m",
4A.43.16.70,"Raiox, espaço para uni da de móv e l",
4A.43.19,Espaços de diagnóstico e terapiade radiação,
4A.43.19.01,"Espaço de calibração de equipamentos, diagnóstico e terapiade radiação",
4A.43.19.04,Laboratóriode física da saúde,
4A.43.19.07,Sala com pon e nt e do acel e ra do r lin e ar,
4A.43.19.10,Labirintode entrada do acel e ra do r lin e ar,
4A.43.19.13,Salado acel e ra do r lin e ar,
4A.43.19.16,Salade control e do acel e ra do r lin e ar,
4A.43.19.19,Salade Armazenamentode lixo radioativo,
4A.43.19.22,Espaço de calibração de dos e s para medicina nucl e ar,
4A.43.19.25,Salade exame de medicina nucl e ar,
4A.43.19.28,Salade esp e ra de paci e nt e s “radioativa do s”,
4A.43.19.31,Salade preparo de paci e nt e ou captação da tir e oide,
4A.43.19.34,Salade Planejamento de dosim e triade radiação,
4A.43.19.37,Radiofarmácia,
4A.43.19.40,Espaço de xação de carrinho de rádio,
4A.43.19.43,"Radiot e rapia, ocina de fabricação de mold e s",
4A.43.19.46,Salade estoque e Manuseiode mat e riaisradioativos,
4A.43.22,Espaços de tratamentoe diagnósticos cardiopulmonar e s,
4A.43.22.01,Salade braquit e rapia,
4A.43.22.04,Salade instrumentos de cat e t e r cardíaco,
4A.43.22.07,Salade compon e nt e s para cat e t e r cardíaco,
4A.43.22.10,Salade control e de cat e t e r cardíaco,
4A.43.22.13,Laboratóriode cat e t e r cardíaco,
4A.43.22.16,Salade eletrosiologiacardíaca,
4A.43.22.19,Salade test e s cardíacos,
4A.43.22.22,Salade ecocardiograa,
4A.43.22.25,Salade test e s ECG,
4A.43.22.28,Laboratóriode test e s ext e nsivos de funçõ e s pulmonar e s,
4A.43.22.31,Laboratóriomicrovascular,
4A.43.22.34,Salade leiturade marcapasso ou icd,
4A.43.22.37,Salade marca-passo ou monitor holt e r,
4A.43.22.40,Área de visualização de proc e dimentos,
4A.43.22.43,Laboratóriode test e s de funçõ e s pulmonar e s,
4A.43.22.46,Salade est e ira de funçõ e s pulmonar e s,
4A.43.22.49,Salade triag em pulmonar,
4A.43.22.52,Cubículode inalação respiratória,
4A.43.22.55,Salade Limpeza de equipamentos de terapiar e spiratória,
4A.43.22.58,Salade test e s espirométricos,
4A.43.22.61,Salade ecocardiograa por estr e sse,
4A.43.22.64,Salade est e ira de test e s por estr e sse,
4A.43.22.67,Salade ecocardiograma trans e sofágico,
4A.43.25,Espaços de proc e dimentos diagnósticos e tratamentog e ral,
4A.43.25.01,Espaço de Preparação de alérg e no,
4A.43.25.01.01,Espaço de inj e ção alérgica,
4A.43.25.01.04,Espaço para test e s de alergiacutân e os,
4A.43.25.04,Salade test e s pré-parto (nst),
4A.43.25.07,Escritório ou control e de tratamentopor bioeedback,
4A.43.25.10,Salade tratamentopor bioeedback,
4A.43.25.13,Salade mo de lag em de talas,
4A.43.25.16,Salade tratamentoquimiot e rapêutico,
4A.43.25.19,Espaço de dermatologiacriot e rapêutica,
4A.43.25.22,Salade proc e dimentos dermatológicos,
4A.43.25.25,Salade Preparação de equipamentos est e riliza do s de diálise,
4A.43.25.28,Proc e ssamentode equipamentos contamina do s de diálise,
4A.43.25.31,Salade treinamentode diálise,
4A.43.25.34,Salade exame eletro e nc e falográco,
4A.43.25.37,Salade instrumentos e trabalho eletro e nc e falográcos,
4A.43.25.40,Salade monitoramentoe estudo de sono ou eletro e nc e falograa,
4A.43.25.43,Salade eletromiograa,
4A.43.25.46,Salade proc e dimentos de otorrinolaringologia,
4A.43.25.49,Salade respostade pot e nciais e voca do s,
4A.43.25.52,Salade tratamentode uso geral (área contaminada),
4A.43.25.55,Salade imunização,
4A.43.25.58,Chuv e iro de descontaminação de doenças inf e cciosas,
4A.43.25.61,Quartode descontaminação de doenças inf e cciosas,
4A.43.25.64,Salade uni da de de apoioa vida,
4A.43.25.67,Salade tratamentoobstétrico e gin e cológico,
4A.43.25.70,Salade Observação e tratamentode paci e nt e s,
4A.43.25.70.0,Salade tratamentopor pentamidina,
4A.43.25.76,Salade exame de diálise periton e al,
4A.43.25.79,Salade proc e dimentos de diálise periton e al,
4A.43.25.82,Salade tratamentofotot e rápico,
4A.43.25.85,Estação privada de diálise renal,
4A.43.25.85.01,Salade diálise renal compr e ssão negativa,
4A.43.25.85.04,Cubículopara diálise renal,
4A.43.25.85.07,Salade tratamentode água,
4A.43.25.88,Salade estu do s do sono,
4A.43.25.91,Salade Observação,
4A.43.25.94,Salade tratamentomédico,
4A.43.25.94.01,Cubículode tratamentomédico,
4A.43.25.97,Laboratóriode test e s neuropsicológicos,
4A.43.28,Espaços de medicina dos olhos e ouvi do s,
4A.43.28.01,Salade audiologiaimitanciométrica,
4A.43.28.04,Cabine de exame audiométrico,
4A.43.28.07,Salade exame audiométrico,
4A.43.28.10,Salamulti e xame de audiom e tria,
4A.43.28.13,Salade exame de audiologia e l e trosiológica,
4A.43.28.16,Laboratóriode test e s de apar e lhos auricular e s,
4A.43.28.19,Salade eletror e tinograa,
4A.43.28.22,Salade exam e s de otorrinolaringologia,
4A.43.28.25,"Salade exam e s ou treinamento, imp e dimentos de visão",
4A.43.28.28,Cadeira oftalmológica,
4A.43.28.31,Salade tratamentoa las e r,
4A.43.28.34,Salade proc e dimentos oftalmológicos,
4A.43.28.37,Salade exam e s oftalmológicos ou optométricos,
4A.43.28.40,"Salade fotograa, oftalmologiaou optom e tria",
4A.43.28.43,Salade tratamentoprkou lasik,
4A.43.28.46,Salade descanso com e ixo de rotação vertical senoi da l,
4A.43.28.49,Salade test e s comm e sa inclinável,
4A.43.28.52,"Salade treinamento, imp e dimentos de visão, politrauma",
4A.43.28.55,Salade tomograa de ultrassomou coerênciaótica,
4A.43.28.58,Salade vestibulograa,
4A.43.28.61,Salade triag em de visão ou audição,
4A.43.28.64,Salade triag em de visão,
4A.43.28.67,Estação de test e s de visão,
4A.43.28.70,Salade campos de visão,
4A.43.28.73,Espaço de Entrega ou prova de lent e s de contato,
4A.43.28.76,Espaço de Entrega ou prova de óculos,
4A.43.31,Espaços de endoscopiaou gastro e nt e rologia,
4A.43.31.01,Salade Preparação de equipamentos de broncoscopia,
4A.43.31.04,Salade proc e dimentos de broncoscopia,
4A.43.31.07,"Salade Limpeza de endoscópico, est e rilização e Armazenamento",
4A.43.31.10,Salade endoscopia,
4A.43.31.13,Laboratóriode gastro e nt e rologia,
4A.43.31.16,Salade proctoscopiaou sigmoi do scopia,
4A.43.31.19,Salade tratamentourodinâmico,
4A.43.34,Espaços cirúrgicos,
4A.43.34.01,Ocina e armazéman e stésico,
4A.43.34.04,Salade operaçõ e s cardíacas,
4A.43.34.07,Salade bomba cardíaca,
4A.43.34.10,Salade parto cesariana,
4A.43.34.13,Salade cistoscopia,
4A.43.34.16,Armazémde equipamentos cirúrgicos,
4A.43.34.19,Laboratóriode seção cong e lada,
4A.43.34.22,Salade operaçõ e s gerais,
4A.43.34.25,Salade indução de bloqu e ion e rvoso,
4A.43.34.28,Salade operaçõ e s neurocirúrgicas,
4A.43.34.31,Salade operaçõ e s ortopédicas,
4A.43.34.34,Área de ret e nção de paci e nt e s cirúrgicos,
4A.43.34.37,Baiade Recuperação pós-anestésica,
4A.43.34.40,Salade isolamentode Recuperação pós-anestésica,
4A.43.34.43,Salão de Recuperação pós-operatória,
4A.43.34.46,Espaço de Preparação e Recuperação cirúrgica,
4A.43.34.46.01,Baiade Preparação e Recuperação cirúrgica,
4A.43.34.46.04,Salade Preparação e Recuperação cirúrgica,
4A.43.34.49,Salade operaçõ e s para pequ e nos proc e dimentos,
4A.43.34.52,Área de param e ntação,
4A.43.34.55,Salasub e stéril,
4A.43.34.58,Área de armaz e nag em e stéril da salade cirurgia,
4A.43.34.61,Salade cirurgia com tratamentoa las e r,
4A.43.34.64,Salade Recuperação cirúrgica,
4A.43.34.67,Área de trabalho e apoioda salacirúrgica,
4A.43.37,Espaços de laboratórios clínicos,
4A.43.37.01,Laboratórioclínico automatizado,
4A.43.37.04,Salade bio e nsaio(radioimuno e nsaio),
4A.43.37.07,Laboratóriode gas e s do sangue,
4A.43.37.10,Salade hemot e rapiado sangue,
4A.43.37.13,Laboratóriode diss e cção de ossos,
4A.43.37.16,Laboratóriode química clínica,
4A.43.37.19,Laboratóriode microbiologiaclínica,
4A.43.37.22,Laboratóriode citologia,
4A.43.37.25,Espaço de triag em e histologiacitolóca,
4A.43.37.28,Laboratóriode dermatologia,
4A.43.37.31,Suíte de microscópio eletrônico,
4A.43.37.34,Salade sist em a de microscópio eletrônico,
4A.43.37.37,Laboratóriode entomologia,
4A.43.37.40,Espaço de citom e triade fuxo,
4A.43.37.43,Salade microscópiode fuor e scência,
4A.43.37.46,Área de laboratórioclínico geral,
4A.43.37.49,Laboratóriode hematologiaou coagulação,
4A.43.37.52,Laboratóriode rotina de hematologia,
4A.43.37.55,Laboratóriode histologia,
4A.43.37.58,Laboratóriode imunopatologia,
4A.43.37.61,Laboratóriode bioss e gurança microbiológica,
4A.43.37.64,Laboratóriode microbiologiamicológica,
4A.43.37.67,Laboratóriode microbiologiade micobactérias,
4A.43.37.70,Laboratóriode biópsias dermatológicas,
4A.43.37.73,Laboratóriode micologia,
4A.43.37.76,Espaço de estudo de nefrologiar e nal,
4A.43.37.79,Laboratóriode estu do s renais,
4A.43.37.82,Laboratóriode química esp e cial,
4A.43.37.85,Espaço de test e de urina,
4A.43.37.88,Laboratóriode urinálise,
4A.43.37.91,Laboratóriode urologia,
4A.43.37.94,Salade autópsiamédica,
4A.43.40,Espaços de apoiode laboratório clínico,
4A.43.40.01,Estação de doa do r e s de banco de sangue,
4A.43.40.04,Salade preparo de banco de sangue,
4A.43.40.07,Espaço de Armazenamentode banco de sangue,
4A.43.40.10,Salade Armazenamentoe transfusão do banco de sangue,
4A.43.40.13,Salade col e tade amostras sanguín e as,
4A.43.40.16,Banco celular criogênico,
4A.43.40.19,Salade proc e ssamentoautomatizado de dados de microscópio eletrônico,
4A.43.40.22,Salade cort e s de microscópio eletrônico,
4A.43.40.25,Sala e scurade microscópio eletrônico,
4A.43.40.28,"Salade Desenvolvimento, Impressão e ampliação de microscópio eletrônico",
4A.43.40.31,Salade acabamentode microscópio eletrônico,
4A.43.40.34,Salade Preparação de microscópio eletrônico,
4A.43.40.37,Salade descontaminação e lavag em de vidrariado laboratórioclínico,
4A.43.40.40,Salade lavag em de vidrariado laboratórioclínico,
4A.43.40.43,Salade Armazenamentode lâminas e blocos do laboratório clínico,
4A.43.40.46,Salade Preparação de soluçõ e s e est e rilização do laboratório clínico,
4A.43.40.49,Salade Armazenamentode teci do s do laboratórioclínico,
4A.43.40.52,Laboratóriode Preparação de mídiamicrobiológica,
4A.43.40.55,"Salade Inventário, proc e ssamentoe distribuição de amostras",
4A.43.40.58,Laboratóriode tratamentode água,
4A.43.43,Espaços farmacêuticos,
4A.43.43.01,Espaço de Preparação de quimiot e rápicos,
4A.43.43.04,Espaço de Preparação de compon e nte e stéril - alto risco,
4A.43.43.07,Espaço de Preparação de compon e nte e stéril - baixo risco,
4A.43.43.10,Área de compon e nt e s,
4A.43.43.13,Salade Preparação de dialisato,
4A.43.43.16,Ant e câmara de mistura intrav e nosa,
4A.43.43.19,Salade misturaintrav e nosa,
4A.43.43.22,Salade Preparação de medicaçõ e s,
4A.43.43.25,Estação de distribuição de meta do na,
4A.43.43.28,Área de Preparação de remédios oncológicos,
4A.43.43.31,Espaço de atendimentoda farmácia,
4A.43.43.34,Espaço de distribuição da farmácia,
4A.43.43.37,Espaço de produção e pré-embalag em de medicamentos,
4A.43.43.40,Estação de rec e bimentode prescriçõ e s,
4A.43.43.43,Salas e gura de vericação e Armazenamentode medicamentos controla do s da farmácia,
4A.43.43.46,Salade descart e s e gurode substâncias controla da s da farmácia,
4A.43.46,Espaços de logística de serviços médicos,
4A.43.46.01,Área hospitalar de lavag em automatizada de carrinhos,
4A.43.46.04,Salade autoclave de doenças inf e cciosas bsl3,
4A.43.46.07,Salade autoclave suíte bsl3,
4A.43.46.10,Área de montag em de carrinhos hospitalar e s,
4A.43.46.13,Área de ret e nção de carrinhos hospitalar e s limpos,
4A.43.46.16,Área hospitalar de reabast e cimentode carrinhos commat e rial médico,
4A.43.46.19,Área hospitalar de Armazenamentoe preparode roupa limpa,
4A.43.46.22,Área hospitalar de montag em e Preparação de suprimentos limpos,
4A.43.46.25,Área hospitalar de Preparação de suprimentos limpos,
4A.43.46.28,Salade Armazenamentoe proc e ssamentode equipamentos limpos,
4A.43.46.31,Salade est e riliza do r por gás óxido de etil e no,
4A.43.46.34,Salade est e rilização de instrumentos,
4A.43.46.37,Central estéril de rec e bimentoe descontaminação,
4A.43.46.40,Área hospitalar de lavag em manual de carrinhos,
4A.43.46.43,Área hospitalar de ret e nção de carrinhos sujos,
4A.43.46.46,Área hospitalar de rec e bimentode carrinhos sujos,
4A.43.46.49,Área hospitalar de rec e bimentoe descontaminação de instrumentos e equipamentos sujos,
4A.43.46.52,Área hospitalar de montag em e Preparação de suprimentos estér e is,
4A.43.46.55,Reparode eletrônicos biomédicos,
4A.43.49,Espaços de reabilitação,
4A.43.49.01,Área de treinamentode amputa do s,
4A.43.49.04,Ocina de mol da g em de prót e s e s,
4A.43.49.07,Área de ajust e s ou modicaçõ e s de prót e s e s,
4A.43.49.10,Área de ocina de sol da g em de prót e s e s,
4A.43.49.13,Salade atividades de informática da reabilitação,
4A.43.49.16,Salade manufaturae Desenho de prót e s e s da reabilitação,
4A.43.49.19,Salade alinhamentodinâmico,
4A.43.49.22,Espaço de exercícios terapêuticos,
4A.43.49.22.01,Área de exercícios terapêuticos,
4A.43.49.22.04,Ginásiode exercícios ou terapia,
4A.43.49.22.07,Área de exercícios terapêuticos individuais,
4A.43.49.22.10,Área de tratamentoou exercício,
4A.43.49.25,Estúdiode provas de prót e s e s ocular e s,
4A.43.49.28,Estúdiode provas de prót e s e s faciaisou corporais,
4A.43.49.31,Prova do r da fabricação personalizada de apar e lhos ortopédicos,
4A.43.49.34,Prova do r da fabricação de apar e lhos ortopédicos,
4A.43.49.37,Pistade anda do r,
4A.43.49.40,Pistade estu do s de anda do r,
4A.43.49.43,Salade fabricação e modicação de apar e lhos auricular e s,
4A.43.49.46,Área de hidrot e rapia,
4A.43.49.46.01,Tanque hubbard - imersão total,
4A.43.49.46.04,Tanque hubbard - imersão parcial,
4A.43.49.46.07,Piscina terapêutica,
4A.43.49.46.10,Hidromassag e m,
4A.43.49.49,Salade reabilitação neurosiológica,
4A.43.49.52,Salade terapiaocupacional,
4A.43.49.55,Salade treinamentode habili da d e s cotidianas e avaliação da terapia ocupacional,
4A.43.49.58,Espaço de terapiade Desenvolvimentop e diátrico,
4A.43.49.61,Salade siot e rapiaou terapiacin e siológica,
4A.43.49.64,Salade exame de posturograa,
4A.43.49.67,Câmarade pó para fabricação de apar e lhos ortopédicos,
4A.43.49.70,Câmarade fumaça para fabricação de apar e lhos ortopédicos,
4A.43.49.73,Estação de trabalho de apar e lhos ortopédicos,
4A.43.49.76,Salade apoio para Manutenção de apar e lhos ortopédicos,
4A.43.49.79,Ginásiode terapias de reabilitação,
4A.43.49.82,Salade terapiaindividual fonoaudiológica,
4A.43.49.85,Espaço de exame e tratamentofonoaudiológico,
4A.43.49.88,Ocina de reparo de Cadeira de rodas,
4A.43.49.91,Uni da de de reabilitação e treinamentode reint e gração social,
4A.43.52,Espaços odontológicos,
4A.43.52.01,Salade est e rilização odontológica,
4A.43.52.04,Salade operaçõ e s e higi e ne odontológica,
4A.43.52.07,Salade higi e ne odontológica,
4A.43.52.10,Salade porc e lana odontológica,
4A.43.52.13,Laboratóriode prót e s e s odontológicas,
4A.43.52.16,Salade triag em o do ntológica,
4A.43.52.19,Área de autoPreparação odontológica,
4A.43.52.22,Minilaboratóriode tratamentoo do ntológico,
4A.43.52.25,Salade tratamentoo do ntológico,
4A.43.52.28,Salade pré-anest e siapara tratamentoo do ntológico,
4A.43.52.31,Salade tratamento e n do dôntico,
4A.43.52.34,Salade tratamentoortodôntico,
4A.43.52.37,Salade tratamentoo do ntológico pediátrico,
4A.43.52.40,Salade tratamentop e riodôntico,
4A.43.52.43,Salade tratamentopara prót e se dentária,
4A.43.52.46,Salade raiox odontológico,
4A.43.52.49,Salade Preparação e est e rilização de instrumentos,
4A.43.52.52,Laboratóriomaxilofacial,
4A.43.52.55,Salade tratamentomaxilofacial,
4A.43.52.58,Laboratóriode patologiaoral,
4A.43.52.61,Salade residênciade cirurgiaoral,
4A.43.52.64,Salade cirurgiaoral,
4A.43.52.67,Salade raiox panorâmico odontológico,
4A.43.52.70,Salade apoiode raiox odontológico,
4A.43.55,Espaços de pesquisa e Desenvolvimentomédico,
4A.43.55.01,Área de pesquisa de Recuperação de animais,
4A.43.55.04,Barr e ira biológica do laboratóriode proc e dimentos,
4A.43.55.07,Salade culturade teci do s de pesquisa biomédica de bioss e gurança nív e l 3,
4A.43.55.10,Salade culturade teci do s de pesquisa biomédica,
4A.43.55.13,Laboratóriode pesquisa bioquímica,
4A.43.55.16,Laboratóriode bioss e gurança nív e l 3,
4A.43.55.19,Laboratóriode proc e dimentos de doenças inf e cciosas de bioss e gurança nív e l 3,
4A.43.55.22,Salade proc e dimentos de bioss e gurança nív e l 3,
4A.43.55.25,Laboratóriode proc e dimentos de doenças inf e cciosas,
4A.43.55.28,Área de quar e nt e na de animaisde pesquisa de doenças inf e cciosas,
4A.43.55.31,Salade control e de radiograa de pesquisa vet e rinária,
4A.43.55.34,Ocina de máquinas de pesquisa e Desenvolvimento,
4A.43.55.37,Salade proc e dimentos radiográcos de pesquisa vet e rinária,
4A.43.55.40,Laboratóriode diagnósticos de pesquisa,
4A.43.55.43,Salade pesquisas de ressonâncianucl e ar magnética,
4A.43.55.46,Laboratóriode proc e dimentos de pesquisa,
4A.43.55.49,"Salacirúrgica de pesquisa vet e rinária, salade Preparação de animais",
4A.43.55.52,Salade quar e nt e na parap e squisa vet e rináriade doenças inf e cciosas de bioss e gurança nív e l 3,
4A.43.55.55,Salade triag em para quar e nt e na parap e squisa vet e rinária,
4A.43.55.58,Salade quar e nt e na para pesquisa vet e rinária químicas ou radioisótopos,
4A.43.55.61,Salade quar e nt e na ambiental para pesquisa vet e rinária,
4A.43.55.64,Salade quar e nt e na de pesquisa vet e rinária,
4A.43.55.67,Salade cirurgiade pesquisa vet e rinária,
4A.43.58,Espaços vet e rinários,
4A.43.58.01,Canil de hospitalização,
4A.43.58.04,Área de quar e nt e na de animais,
4A.43.58.07,Salade control e de radiograa vet e rinária,
4A.43.58.10,Salade proc e dimentos de radiograa vet e rinária,
4A.43.58.13,Salade preparo de animaispara cirurgia,
4A.43.58.16,Salade quar e nt e na vet e rinária de doenças inf e cciosas bioss e gurança nív e l 3,
4A.43.58.19,Área de triag em de quar e nt e na vet e rinária,
4A.43.58.22,Salade exam e s e tratamentov e t e rinário,
4A.43.58.25,Salade quar e nt e na vet e rinária,
4A.43.58.28,Salade cirurgiav e t e rinária,
4A.43.58.31,Salade lavag em de gaiolas,
4A.43.58.34,Salade preparo de alimentos vet e rinários,
4A.46,Espaços laboratoriais,
4A.46.01,Laboratórios de química,
4A.46.04,Laboratórios de biociências,
4A.46.07,Laboratórios de física,
4A.46.07.01,Laboratóriode física óptica,
4A.46.07.04,Laboratóriode pesquisa física,
4A.46.10,Laboratórios de astronomia,
4A.46.10.01,Laboratóriode pesquisa astronômica,
4A.46.13,Laboratórios de ciências da terra e meioambi e nte,
4A.46.13.01,Laboratóriode geologia,
4A.46.13.04,Laboratóriode pesquisa de ciências da terra,
4A.46.16,Laboratórios de perícia,
4A.46.19,Laboratórios de psicologia,
4A.46.22,Laboratórios de test e s,
4A.46.25,Laboratórios de semicondutor e s,
4A.46.28,Laboratórios de montag em e test e s de compon e nt e s mecânicos ou eletrônicos,
4A.46.31,Laboratórios de test e s de mat e riaise proc e ssos que utilizamlíqui do s ou gas e s,
4A.46.34,Espaços de Armazenamentolaboratorial,
4A.46.37,Espaços de apoiolaboratorial,
4A.49,Espaços com e rciais,
4A.49.01,Espaços de escritório,
4A.49.01.01,Escritório,
4A.49.01.04,Serviços de escritório,
4A.49.01.07,Estação de trabalho,
4A.49.01.07.01,Estação de trabalho fechada dedicada,
4A.49.01.07.04,Estação de trabalho fechada compartilhada,
4A.49.01.07.07,Estação de trabalho dedicada aberta,
4A.49.01.07.10,Estação de trabalho compartilhada aberta,
4A.49.01.10,Espaço fexív e l paratrabalho colaborativo,
4A.49.01.13,Arquivo geral e armaz e nag e m,
4A.49.01.16,Arquivo e estação de trabalho compartilhada,
4A.49.01.19,Estação de equipamentos compartilha do s,
4A.49.01.22,Coworking,
4A.49.01.28,Baia,
4A.49.01.31,Balcão,
4A.49.04,Espaços bancários,
4A.49.04.01,Área de caixa de banco,
4A.49.04.04,Área de caixa eletrônico,
4A.49.04.07,Área do cofre,
4A.49.07,Espaços de negócios,
4A.49.07.01,Pregão,
4A.49.10,Espaços de demonstração,
4A.49.10.01,Showroom,
4A.49.13,Espaços de ven da s,
4A.49.13.01,Espaço de caixa,
4A.49.13.04,Espaço de exibição,
4A.49.13.07,Prova do r,
4A.49.13.10,Área de máquina de venda automática,
4A.49.13.13,Salade leilõ e s,
4A.49.13.16,Espaço para lojade animaisde estimação,
4A.49.13.19,Centro com e rcial,
4A.49.16,Espaços de serviços e reparos com e rciais,
4A.49.19,Espaços de apoiocom e rcial,
4A.49.22,Espaços de serviços de hot e laria,
4A.49.22.01,Dormitório,
4A.49.22.04,Quartode at,
4A.49.25,Área de apoioa atividades com e rciais,
4A.49.25.01,Balcão de informaçõ e s,
4A.49.25.04,Espaço de não circulação do hall,
4A.49.25.07,Espaço de Correio s,
4A.49.25.10,Salade distribuição de Correspondências,
4A.49.25.13,Espaço de apoio em pr e sarial,
4A.49.25.16,Rec e pção com e rcial,
4A.49.25.19,Área de esp e racom e rcial,
4A.49.25.19.01,Salade esp e ra,
4A.49.25.19.04,Espaço para las de esp e ra,
4A.49.28,Espaços de reuniõ e s,
4A.49.28.01,Salade conf e rência,
4A.49.28.04,Salade impr e nsa,
4A.49.28.07,Sala com unitária,
4A.49.28.10,Salade cris e s,
4A.49.28.13,Salade equipamentos parar e uniõ e s,
4A.49.31,Espaços alt e rnativos paratrabalho,
4A.49.31.04,Escritório resi de ncial,
4A.49.31.07,Escritório virtual,
4A.49.31.10,Espaço de trabalho fexív e l,
4A.49.31.13,Espaço para forn e ce do r e s,
4A.52,Espaços de serviço,
4A.52.01,Serviços de bem-estar e cuida do s pessoais,
4A.52.01.01,Espaço de maquiag e m,
4A.52.01.04,Espaço de cab e l e ir e iro,
4A.52.01.07,Espaço de manicur e e pedicure,
4A.52.01.10,Espaço de massag e m,
4A.52.01.13,Espaço de Limpeza de pele,
4A.52.01.16,Espaço de spa,
4A.52.04,Serviços de Preparação de alimentos e cozinha,
4A.52.04.01,Área de Preparação de alimentos,
4A.52.04.01.01,Espaço de cocção de alimentos,
4A.52.04.01.04,Estação de lavag em de louças,
4A.52.07,Espaços para alim e ntação,
4A.52.07.01,Salão de banqu e t e s,
4A.52.07.04,Praça de alim e ntação,
4A.52.07.10,Espaço de buf e t,
4A.52.07.13,Espaço de frios e sala da s,
4A.52.07.16,Espaço para o balcão de bar e s,
4A.52.07.19,Estação de bebi da s,
4A.52.07.22,Estação de rec e bimentode utensílios usa do s,
4A.52.07.25,Estação de Montagemnal de pratos,
4A.52.07.28,Espaço de venda de produtos per e cív e is,
4A.52.07.31,Espaço de máquinas automáticas de venda,
4A.52.07.34,Espaço de retorno de band e jas,
4A.52.07.37,Estação de descart e de alimentos,
4A.52.07.40,Estação de café,
4A.52.10,Serviços de cuida do s infantis,
4A.52.10.01,Salade crianças enf e rmas,
4A.52.10.07,Espaço da brinque do t e ca,
4A.52.10.13,Espaço do berçário,
4A.52.10.16,Fraldário,
4A.52.10.19,Salade amam e ntação,
4A.52.13,Espaços de lavand e riaou lavag em a seco,
4A.52.16,Áreas para fumant e s,
4A.55,"Espaços para produção, fabricação e Manutenção",
4A.55.01,Áreas de Manuseiode mat e riais,
4A.55.04,Espaços de dosag e m,
4A.55.07,Espaços para proc e sso de produção,
4A.55.07.01,Bancada de produção,
4A.55.07.04,Espaço de mo de lag em de produtos,
4A.55.10,Espaços de Impressão e reprograa,
4A.55.13,Espaços control e de qualidade e test e s,
4A.55.13.01,Espaço de Inspeção de produtos,
4A.55.13.04,Espaço de Observação da produção,
4A.55.16,Espaços de serviços e reparos da produção,
4A.55.19,Espaços de matérias-primas utiliza da s no proc e sso de produção,
4A.55.22,Espaços de apoioà produção,
4A.55.25,Espaços de estufa,
4A.58,Espaços para Contenção e Proteção,
4A.58.01,Espaços de Proteção de animais,
4A.58.01.01,Jaula,
4A.58.01.04,Tenda de animais,
4A.58.01.07,Canil,
4A.58.01.10,Aquário,
4A.58.04,Espaços de det e nção,
4A.58.04.01,Celade det e nção,
4A.58.04.04,Celade det e nção provisória,
4A.58.04.07,Pátio de veículos apre e ndi do s,
4A.58.04.10,Espaço de convivência,
4A.58.07,Espaços para Proteção contra int em péri e s,
4A.58.07.01,Tenda,
4A.58.07.04,Salablin da da contra radiação,
4A.58.07.07,Salablin da da contra riscos biológicos,
4A.58.10,Espaços para Proteção contra a violência,
4A.58.10.01,Quartodo pânico,
4A.58.10.04,Bunk e r,
4A.58.10.07,Abrigo antibombas,
4A.61,Espaços para depósitos,
4A.61.01,Espaços de Armazenamentode merca do rias,
4A.61.01.01,Espaço de Armazenamentode merca do rias,
4A.61.01.04,Espaço de apoiodo depósito de merca do rias,
4A.61.04,Espaço de depósitos,
4A.61.04.01,Salade depósito,
4A.61.04.01.01,Depósito geral,
4A.61.04.04,Vestíbulo,
4A.61.04.07,Chap e laria,
4A.61.04.10,Guarda-volum e s,
4A.61.04.13,Arquivo de documentos,
4A.61.04.16,Salade suprimentos,
4A.61.04.19,Uni da de de Armazenamento,
4A.61.04.22,Área de carga e descarga de contêin e r e s,
4A.61.04.25,Depósitos individuais para locação,
4A.61.04.28,Depósito operacional (div e rsos),
4A.61.04.31,Depósito operacional de mat e riaisp e rigosos ou infamáveis,
4A.61.07,Espaços de Armazenamentomóv e is,
4A.61.07.01,Espaço para compartimentos de carga de veículos terr e str e s,
4A.61.07.04,Espaço para contêin e r portátil,
4A.61.07.07,Berço de embarcaçõ e s,
4A.61.10,Espaços de armazenamento com ambi e nt e controlado,
4A.61.10.01,Compartimentoparar e frig e ra do s,
4A.61.10.04,Compartimento para cong e la do s,
4A.61.10.07,Espaço de armazenamento com umi da de controlada,
4A.61.10.10,Compartimentode Armazenamentos e lado a vácuo,
4A.61.13,Espaços de armazenamento e sp e cializado,
4A.61.13.01,Depósito de materiais e st e riliza do s,
4A.61.13.04,Depósito de mat e riaiscontamina do s,
4A.61.13.07,Sacristia,
4A.61.13.10,Salade param e ntação religiosa,
4A.61.13.13,Depósito de mat e riaisp e rigosos,
4A.61.13.16,Espaço para acervo de livros,
4A.61.13.19,Área para retirada de bagag e m,
4A.61.13.22,Salas e gura de evidências criminais,
5I.10,Reerênciasg e rais,
5I.10.10,Índic e s,
5I.10.12,Enciclopédias,
5I.10.12.10,Wikip e dia,
5I.10.14,Ontologias,
5I.10.14.10,Taxonomias,
5I.10.16,Reerênciasd e t e rminologia,
5I.10.16.10,Dicionários,
5I.10.16.12,Glossários,
5I.10.16.14,Léxico,
5I.10.16.16,Tesauro,
5I.10.18,Catálogos,
5I.10.18.10,Catálogosd e produtos,
5I.10.20,Lit e raturasobr e produtos,
5I.10.22,Listas,
5I.10.22.10,Listasd e associa do s,
5I.10.22.12,Listasd e profissionais,
5I.10.22.14,Listasd e fabricant e s,
5I.10.22.16,Listast e l e fônicas,
5I.10.24,Manuaisd e Instruçõ e s,
5I.10.24.10,Manuais de equipamento,
5I.10.24.12,Manuais de sotware,
5I.10.26,ManuaisTécnicos,
5I.10.26.10,Manuaistécnicosde e ng e nharia,
5I.10.28,Guias,
5I.10.28.10,Guiasd e práticacom e rcial,
5I.10.28.10.10,Guiaspromocionais,
5I.10.28.10.12,Guiasd e contabili da de,
5I.10.28.10.14,Guiasd e r e laçõ e shumanas,
5I.10.28.10.16,Guiasd e s e guros,
5I.10.28.12,Guiasd e práticaprofissional,
5I.10.28.12.10,Guiasd e práticassust e ntáveis,
5I.10.28.12.12,Guiasd e t e cnologia de informação,
5I.10.28.12.14,Guiassobreg e stão de proc e ssos,
5I.10.28.12.14.10,Guiasdeg e stãod em u da nça,
5I.10.28.14,Guiasd e g e stão de informação,
5I.10.28.16,Guias para programação de recursos,
5I.10.28.18,Guias e ducacionais,
5I.10.28.18.10,Guias para r e gistro,
5I.10.30,Normas,
5I.10.30.10,Normasd e classificação,
5I.10.30.10.10,Normassobr em e tada do s,
5I.10.30.12,Normastécnicas,
5I.10.30.14,Normasd e produção,
5I.10.30.14.10,NormasBIM,
5I.10.30.14.12,Normas para CAD,
5I.10.30.16,Normasde desempenho,
5I.10.30.16.10,Normas para sust e ntabili da de,
5I.10.30.16.10.10,Normasde e ficiência e n e rgética,
5I.10.30.16.12,Normasambi e ntais,
5I.10.30.16.12.10,Normasdequalidade do arint e rno(QAI/IAQ),
5I.10.30.16.14,Normas para méto do sde e nsaio,
5I.10.30.18,Normas para produtos/mat e riais,
5I.10.30.20,Normasd e Projeto,
5I.10.30.22,Normasparag e stão de qualidade,
5I.10.32,Documentos-mo de lo,
5I.10.32.10,Esp e cificaçõ e sprincipais,
5I.10.32.12,Documentos-padrão para aquisiçõ e se contratações,
5I.10.32.14,Formulários-padrão,
5I.10.32.16,Formulários-padrão de contratos,
5I.10.32.16.10,AmericanInstitut e oArchit e cts(AIA),
5I.10.32.16.12,Conselho de Arquitetura e Urbanismo,
5I.10.32.16.16,ConselhoRegionald e Engenharia e Agronomia,
5I.10.32.16.20,AssociaçãoBrasil e ira de Escritóriosde Arquitetura,
5I.10.32.16.22,ConselhoFederald e Engenharia e Agronomia,
5I.10.34,Livros,
5I.10.34.10,Livrosg e rais e introdutórios,
5I.10.34.12,Livrosdeinteressesobreproj e to e t e oria,
5I.10.34.14,Livrosdedesenho e Apresentação,
5I.10.34.16,Livrossobr e históriae e stilos,
5I.10.34.19,Livrosdeciência e t e cnologia da construção,
5I.10.34.20,Portfóliosd e tiposd e Projeto,
5I.10.34.22,Portfóliosd e Projetos,
5I.10.34.24,Portfóliosd e praticant e s,
5I.10.36,Periódicos,
5I.10.38,Jornais,
5I.10.38.10,Bol e tins,
5I.10.40,Tab e las,
5I.10.40.10,Tabelasdeconversão de m e di da s,
5I.10.42,Relatórios,
5I.10.42.10,Relatóriosd e avaliação,
5I.10.44,Artigos,
5I.10.46,Listas,
5I.10.50,Inormaçõ e sl e gais,
5I.10.50.10,Legislaçãoprimária,
5I.10.50.10.10,Legislaçãoint e rnacional,
5I.10.50.10.12,Legislaçãof e d e ral,
5I.10.50.10.14,Legislação e stadual,
5I.10.50.10.16,Legislaçãor e gional,
5I.10.50.10.18,Legislaçãomunicipal,
5I.10.50.12,Legislaçãos e cundária,
5I.10.50.12.10,Regulamentos,
5I.10.50.12.12,Portarias,
5I.10.50.12.12.10,Portarias de zon e amento,
5I.10.50.12.14,Estatutoda em pr e sa,
5I.10.50.14,Legislação de r e gistro de práticaprofissional,
5I.10.50.16,Jurisprudência,
5I.10.50.18,Documentosl e gais,
5I.10.50.20,Direitosdeproprieda de int e l e ctual,
5I.10.50.20.10,Pat e nt e s,
5I.10.50.20.12,Dir e itos autorais,
5I.10.50.20.14,Marcas registra da s,
5I.10.52,Inormaçõ e s e conômicas,
5I.10.52.10,Previsõ e s e conômicas,
5I.10.52.12,Informaçõ e sfinanc e iras,
5I.10.52.12.10,Tab e lasd e hipot e ca,
5I.10.52.12.12,Informaçõ e ssobr e impostosimobiliários,
5I.10.54,Inormaçõesd e Planejamento,
5I.10.54.10,InformaçõesdePlanejamentor e gional,
5I.10.54.10.10,Densi da d e populacional,
5I.10.54.10.12,Risco de incêndio,
5I.10.54.10.12.10,Font e sd e chamas,
5I.10.54.10.12.12,"Risco de incêndio,probabili da de",
5I.10.54.10.12.14,Sev e ri da de do incêndio,
5I.10.54.12,DadosdePlanejamento da instalação,
5I.10.54.12.10,Planejamento de ocupação da instalação,
5I.10.54.12.10.10,Idade,
5I.10.54.12.10.12,Sexo,
5I.10.54.12.10.14,Propriedades do corpo,
5I.10.54.12.10.16,Gruposd e usuários,
5I.10.54.12.10.18,Gruposorganizacionais,
5I.10.54.12.10.20,Demografia,
5I.10.54.12.10.22,Tipo de ocupação,
5I.10.54.12.12,Informaçõ e ssobr e ocupaçãonãohumana,
5I.10.54.12.14,Questõesreferentesaosbenefícios e sp e ra do s,
5I.10.54.12.14.10,Questõesref e r e nt e saoruído,
5I.10.54.12.14.10.10,Questõesreferent e saoruído e xt e rno,
5I.10.54.12.14.10.12,Questõesreferent e saoruí do int e rno,
5I.10.54.12.14.10.14,Questõesrefer e nt e saoimpactocausa do porruído,
5I.10.54.12.14.10.16,Questõesreferentesaoruí do de equipamentos,
5I.10.54.12.14.12,Dadosd e circulação do ar,
5I.10.54.12.14.12.10,Dadossobr e vazamento de ar,
5I.10.54.12.14.12.12,Dadossobr e infiltração de ar,
5I.10.54.12.14.12.14,Dadossobreestanquei da d e d e ar,
5I.10.54.12.14.14,Dadossobr e vazamento de água,
5I.10.54.12.14.16,Dadosd e condiçõ e stérmicas,
5I.10.54.12.14.18,Dadossobr e cond e nsação,
5I.10.54.12.16,Questõesref e r e nt e sàsaúde,
5I.10.54.12.16.10,Higi e ne,
5I.10.54.12.16.12,Ergonomia,
5I.10.54.12.16.14,Necessidades esp e ciais,
5I.10.54.12.18,Font e sartificiaisd e calor,
5I.10.54.12.18.10,Calorradiante,
5I.10.54.12.20,Informaçõessobr em at e riaisp e rigosos,
5I.10.54.12.20.10,Riscode e xplosão,
5I.10.54.12.20.12,Toxici da de de mat e riais,
5I.10.54.12.22,Informação de s e gurança,
5I.10.54.12.24,Segurançacontraincêndio,
5I.10.54.12.24.10,Dadossobre e vacuação,
5I.10.54.12.24.12,Dadosd e pr e v e nçãoaincêndio,
5I.10.54.12.24.14,Informaçõ e ssobre com bat e aofogo,
5I.10.54.12.24.16,Informaçõessobr em itigação de riscosd e incêndio,
5I.10.54.12.26,Informaçõessobr e pr e v e nçãocontraincêndios,
5I.10.54.12.28,Informaçõessobr em itigação de riscosde e xplosão,
5I.10.54.12.30,Informaçõ e ssobr e s e gurança,
5I.10.54.12.30.10,Informaçõessobres e gurança externa,
5I.10.54.12.30.12,Informaçõessobr e s e gurançaint e rna,
5I.10.54.12.32,Questõ e ssociológicas,
5I.10.54.12.32.10,Dados aduan e iros,
5I.10.54.12.32.12,Informaçõ e sculturais,
5I.10.54.12.34,Questõesref e r e nt e sàeconomia,
5I.10.54.12.36,Requisitosd e trabalho,
5I.10.54.14,DadosdePlanejamentoambi e ntal,
5I.10.54.14.10,Dadosd e Planejamentoatmosféricoe met e orológico,
5I.10.54.14.10.10,Dadossobr e luzsolar,
5I.10.54.14.10.12,Temp e ratura de projeto,
5I.10.54.14.10.14,Dadosd e pr e cipitação,
5I.10.54.14.10.16,Dados de umi da de,
5I.10.54.14.10.18,Dadossobr e v e ntos,
5I.10.54.14.10.20,Informaçõ e ssobr e raios,
5I.10.54.14.10.22,Dadosd e poluição do ar,
5I.10.54.14.12,Informaçõesd e Planejamentofisiográfico,
5I.10.54.14.12.10,Dados da área do terr e no,
5I.10.54.14.12.12,Dadossobr e corposd’água,
5I.10.54.14.12.14,Dadossobr e abrigosnaturais,
5I.10.54.14.14,InformaçõesdePlanejamentog e ológico,
5I.10.54.14.14.10,Dadossobr e atividadesísmica,
5I.10.54.14.14.12,Dadossobr e ativi da d e vulcânica,
5I.10.54.14.16,Informaçõessobr e Planejamentocontrapoluição,
5I.10.54.14.16.10,Dadosd e poluição do ar,
5I.10.54.14.16.10.10,Dadossobr e chuvaácida,
5I.10.54.14.16.10.12,Informaçõessobr e conc e ntração de ozônio,
5I.10.54.14.16.12,Dadossobr e ruído,
5I.10.54.14.16.12.10,Dadosexist e nt e ssobr e ruído,
5I.10.54.14.16.12.12,Dadossobreruídosde equipamentos do local,
5I.10.54.14.18,Caract e rísticasbiológicas do local,
5I.10.54.14.18.10,Microorganismo,
5I.10.54.14.18.10.10,"Mofo,fungo",
5I.10.54.14.18.10.12,Fúngico,
5I.10.54.14.18.10.14,"Bact e rial,viral",
5I.10.54.14.18.12,Plantas,
5I.10.54.14.18.14,Inf e staçãoporins e tos,
5I.10.54.14.18.16,"Ninhos,ataqu e sd e pássaros",
5I.10.54.14.18.18,"Ninhos,inf e staçãoporanimais",
5I.10.56,Inormaçõesd e v e n da s/promocionais,
5I.10.56.10,Panf e tos,
5I.10.56.12,Folh e tos,
5I.10.58,Imag e ns,
5I.10.58.10,Víd e os,
5I.10.58.12,Apres e ntação de sli de s,
5I.10.60,Mapas,
5I.10.60.10,Mapas do IBGE,
5I.10.60.12,Mapas rodoviários,
5I.10.62,Cal e ndários,
5I.10.62.10,Cal e ndáriosorganizacionais,
5I.10.64,Outros documentosg e rais,
5I.10.64.10,Wiki,
5I.10.64.12,Marca do r e s,
5I.10.64.14,Blogs,
5I.60,Recursosde e scritório,
5I.60.10,Dir e triz e sd e práticascom e rciaisde e scritório,
5I.60.10.10,Dir e triz e s promocionais,
5I.60.10.12,Dir e triz e sde comunicação,
5I.60.10.14,Dir e triz e sl e gais,
5I.60.10.14.10,Dir e triz e s contratuais,
5I.60.10.16,Dir e triz e s de seguros,
5I.60.10.18,Dir e triz e scontábeis,
5I.60.10.20,Diretrizesd e r e laçõ e shumanas,
5I.60.10.20.10,Manual do funcionário,
5I.60.20,Dir e triz e sd e práticasprofssionais em e scritório,
5I.60.20.10,Diretriz e sd e Projeto,
5I.60.20.12,Diretrizesd em o de lag e m,
5I.60.20.14,Diretriz e sde documentação,
5I.60.20.16,Diretrizesdeg e stão de qualidade,
5I.60.20.16.10,Planodecontrole de qualidade para Garantia de qualidade(QAQC),
5I.60.40,Documentos-padrãopara e scritórios,
5I.60.40.10,Dadospromocionaisdo e scritório,
5I.60.40.10.10,Informação de página da int e rn e t,
5I.60.40.10.12,Lit e raturapromocional,
5I.60.40.12,Formuláriosd e contratosdo e scritório,
5I.60.40.12.10,Anexos,
5I.60.40.12.12,Apêndic e s,
5I.60.40.14,Proj e tográficodo e scritório,
5I.60.40.14.10,Logotipos,
5I.60.40.16,Formuláriosdo e scritório,
5I.60.40.16.10,Correspondência,
5I.60.40.16.12,Transmissõ e s,
5I.60.40.16.14,Memoran do s,
5I.60.40.16.16,Relatórios,
5I.60.40.16.18,Faturas,
5I.60.40.16.20,Cartõ e sd e visita,
5I.60.40.16.22,Env e lop e s,
5I.60.40.16.24,Registros,
5I.60.60,Documentos-mo de lodo e scritório,
5I.60.60.10,Cont e údo do smo de los,
5I.60.60.10.10,Cont e ú do gráfico do mo de lo,
5I.60.60.10.10.10,Cont e ú do gráficobas e a do nasR e grasBIM,
5I.60.60.10.10.10.10,Cont e údo para métrico,
5I.60.60.10.10.10.12,Cont e ú do não para métrico,
5I.60.60.10.10.12,Cont e ú do gráficobaseado em r e grasg e ométricas simpl e s,
5I.60.60.10.10.12.10,Massas/volum e s,
5I.60.60.10.10.12.12,Sup e rfíci e s,
5I.60.60.10.10.12.14,Linhas,
5I.60.60.10.10.12.16,Pontos,
5I.60.60.10.12,Conteúdodasanotaçõ e s do mo de lo,
5I.60.60.10.12.10,Propriedades,
5I.60.60.10.12.10.10,Esquemasd e Classificação de obj e tos,
5I.60.60.10.12.10.12,Geom e triasd e obj e tos,
5I.60.60.10.12.10.14,Quantidadesd e obj e tos,
5I.60.60.10.12.10.16,Informaçõ e sg e o e spaciais,
5I.60.60.10.12.10.18,Zonas/ambi e nt e s/espaços,
5I.60.60.10.12.10.20,Produtos/mat e riais,
5I.60.60.10.12.10.22,Valor e scalcula do s,
5I.60.60.10.12.10.24,Dados de custo unitário,
5I.60.60.10.12.10.26,Ref e rências,
5I.60.60.10.12.12,Identificaçõ e s,
5I.60.60.10.12.12.10,Identificaçõesd e s e tor e s,
5I.60.60.10.12.12.12,Identificaçõesde e l e mentos,
51.60.60.10.12.12.14,Identificaçõ e sd em at e riais,
5I.60.60.10.12.12.16,Identificaçõesd e atividades,
5I.60.60.10.12.14,Anotaçõ e s,
5I.60.60.10.12.14.10,Arquivo de notasg e rais,
5I.60.60.10.12.14.12,Arquivo de notassobr em at e riais,
5I.60.60.10.12.16,Símbolos,
5I.60.60.10.12.16.10,Gra de shorizontais,
5I.60.60.10.12.16.12,Nív e isv e rticais,
5I.60.60.10.12.16.14,Notas e xplicativas,
5I.60.60.10.12.16.16,Cort e s,
5I.60.60.10.12.16.18,Símbolosindicativosd e vistas,
5I.60.60.12,Visualizaçõ e s do smo de los,
5I.60.60.12.10,Visualizaçõ e sgráficas do mo de lo,
5I.60.60.12.10.10,Visualizaçõ e s em 3D,
5I.60.60.12.10.10.10,Diagramas,
5I.60.60.12.10.10.12,Axonom e trias,
5I.60.60.12.10.10.14,Persp e ctivas,
5I.60.60.12.10.10.16,Visualizaçõesr e nd e riza da s,
5I.60.60.12.10.10.18,Animaçõ e s,
5I.60.60.12.10.12,Visualizaçõ e shorizontais em 2D,
5I.60.60.12.10.12.10,Plantasd e implantação,
5I.60.60.12.10.12.12,Plantasbaixas,
5I.60.60.12.10.12.14,Visualizaçõ e sd e talha da s,
5I.60.60.12.10.12.16,Detalhe(s),
5I.60.60.12.10.14,Visualizaçõ e sv e rticais em 2D,
5I.60.60.12.10.14.10,Seçõ e s/elevaçõ e s da construção/terr e no,
5I.60.60.12.10.14.12,Seçõ e s/elevaçõesdos e l e mentos,
5I.60.60.12.10.14.14,Detalh e s,
5I.60.60.12.12,Relatóriosnãográficos do mo de lo,
5I.60.60.12.12.10,Tab e las,
5I.60.60.12.12.10.10,Folhaíndice,
5I.60.60.12.12.10.12,Tab e lasd e áreas,
5I.60.60.12.12.10.14,Tabelasde e l e mentos,
5I.60.60.12.12.10.16,Tab e lasd em at e riais,
5I.60.60.12.12.10.18,Tab e lasd e notas,
5I.60.60.12.12.10.20,Registro de r e visõ e s,
5I.60.60.12.12.12,Leg e n da s,
5I.60.60.12.12.12.10,Esqu em asd e cor,
5I.60.60.14,Folhas-padrão,
5I.60.60.14.10,Blocosd e título,
5I.60.60.14.10.10,Blocosdetítulodepaineld e imag e m,
5I.60.60.14.10.12,Blocosdetítulodeapres e ntação de projeto,
5I.60.60.14.10.14,Blocosde de s e nhos do contrato,
5I.60.60.14.12,Vistas do smo de los,
5I.60.60.14.14,Leg e n da s,
5I.60.60.14.16,Tab e las,
5I.60.80,Elementos-padrão da corporação,
5I.60.80.10,Cronogramas-padrão da corporação,
5I.60.80.12,Especificações-padrão da corporação,
5I.60.80.14,Desenhos-padrão da corporação,
5I.60.80.14.10,Detalh e s-padrão da corporação,
5I.60.80.16,Cal e ndários-padrão da corporação,
5I.60.86,Documentos-padrão de g e stãofnanc e irada corporação,
5I.60.86.10,Fichasdecontrol e d e tempo,
5I.60.86.12,Fluxo de caixa/rec e ita/desp e sas,
5I.60.86.14,Ativos/passivos,
5I.60.86.16,Rec e itabruta,
5I.60.86.18,Multiplicador e sd e Projeto/pontode e quilíbrio/lucros,
5I.60.86.20,Orçamentosd e Projeto,
5I.60.86.20.10,Mão de obradir e tapordisciplina,
5I.60.86.20.12,Desp e sas,
5I.60.86.20.14,Desp e sas com consultor e s,
5I.60.86.20.16,Contingências,
5I.60.90,Outrosrecursos da corporação,
5I.80,Dados do Projeto,
5I.80.10,Identifcaçõ e s do Projeto,
5I.80.10.10,Nome do Projeto,
5I.80.10.12,Núm e ros do Projeto,
5I.80.10.14,Localização do Projeto,
5I.80.10.14.10,Localizaçãog e ográfica,
5I.80.10.14.12,End e r e ço-rua,
5I.80.10.14.14,Descriçãol e gal,
5I.80.14,Dados para transerência de imóv e l,
5I.80.14.10,Escrituras,
5I.80.14.12,Aluguéis,
5I.80.14.14,Como da tos,
5I.80.14.16,Arr e n da mentos,
5I.80.14.18,Convênios,
5I.80.14.20,Dir e itosd e s e rvidão,
5I.80.16,Dadosimobiliários,
5I.80.16.10,Avaliaçõ e simobiliárias,
5I.80.16.12,Levantamentos,
5I.80.16.14,Estu do sd e pot e ncial,
5I.80.26,Dadosdeg e stão de projeto,
5I.80.26.10,Solicitaçõesd e propostas para oproj e to,
5I.80.26.12,Propostas para oproj e to,
5I.80.26.12.10,Descrição do ss e rviços,
5I.80.26.14,Cronogramas do Projeto,
5I.80.26.14.10,Cronograma/plano de trabalho do Projeto,
5I.80.26.16,Finanças do Projeto,
5I.80.26.16.10,Anális e proforma,
5I.80.26.16.12,Requisitos do cre do r,
5I.80.26.16.14,Consultoriaparaarren da mentom e rcantil,
5I.80.26.18,Dadosd e taxas/desp e sas do Projeto,
5I.80.26.18.10,Ficha de trabalho de honoráriosd e Projeto,
5I.80.26.18.12,Relatórioscontábeis,
5I.80.26.18.12.10,Relatóriosd e avanço/progr e ssão,
5I.80.26.18.12.12,Relatóriosd e cobrança,
5I.80.26.18.12.14,Relatóriosd em ão de obranãocobrada,
5I.80.26.18.12.16,Relatóriosd e d e sp e sas,
5I.80.26.18.12.18,Estimativa para t e rminar(EPT-ETC),
5I.80.26.18.12.20,Estimativanotérmino(ENT-EAC),
5I.80.26.18.12.22,Perc e ntual com pl e to,
5I.80.26.18.12.24,Cal e ndário de faturamento/pagamento,
5I.80.26.18.12.26,Contasareceb e r em ab e rto,
5I.80.26.18.14,pedidos/faturas,
5I.80.26.18.14.10,Faturas do propri e tário/cli e nte,
5I.80.26.18.14.12,Pedido de compra,
5I.80.26.18.14.14,Faturas do consultor,
5I.80.26.18.14.16,Notafiscal,
5I.80.26.18.14.18,Faturas do forn e ce do r,
5I.80.26.18.14.20,Recibo de pagamento,
5I.80.26.18.14.22,Recibo de pagamento de autônomo(RPA),
5I.80.26.18.16,Desp e sas,
5I.80.26.18.16.10,Desp e sasre em bolsáveis,
5I.80.26.18.16.12,Desp e sasnãore em bolsáveis,
5I.80.26.20,Contratos do Projeto,
5I.80.26.20.10,Esclarecimentossobr e o escopo do trabalho/lista de itens,
5I.80.26.20.12,Condiçõ e sg e rais,
5I.80.26.20.12.10,Condiçõessupl em e ntar e s,
5I.80.26.20.14,MétododeEntrega do Projeto,
5I.80.26.20.14.10,Planode e x e cuçãoBIM,
5I.80.26.20.16,Contratodesocieda de d em últiplaspart e s,
5I.80.26.20.16.10,Contratodesociedade de propósito e sp e cífico,
5I.80.26.20.18,Contratosbilat e rais,
5I.80.26.20.18.10,Propri e tário/proj e tista,
5I.80.26.20.18.12,Proj e tista/consultor e s,
5I.80.26.20.18.14,Propri e tário/consultor e s,
5I.80.26.20.20,Autorização para proc e dimento,
5I.80.26.20.20.10,Proj e tistaprincipal,
5I.80.26.20.20.12,Consultor e s,
5I.80.26.22,Dadosdaequip e d e Projeto,
5I.80.26.22.10,Dir e tórioda e quipe,
5I.80.26.22.12,Gráficoorganizacional,
5I.80.26.24,Informaçõesg e rais do Projeto,
5I.80.26.24.10,Fichader e sumo do Projeto,
5I.80.26.24.12,Descrição/perfil do Projeto,
5I.80.26.24.14,Histórico do Projeto,
5I.80.26.24.16,Formulários-mestre do Projeto,
5I.80.26.24.16.10,Listasd e v e rificação de QAQC/TQM,
5I.80.26.24.16.12,Metada do s,
5I.80.26.24.18,Listasd em aladir e ta,
5I.80.26.24.20,Informaçõ e sd em ark e ting,
5I.80.26.24.20.10,Relato de projeto,
5I.80.26.24.20.12,Lib e ração/aprovaçõ e s do propri e tário,
5I.80.26.24.20.14,Mat e rialpromocional,
5I.80.26.24.20.16,Imag e nsd em ark e ting,
5I.80.26.24.20.16.10,Fotografias,
5I.80.26.24.20.16.12,Víd e os,
5I.80.26.24.20.16.14,Apresentaçõ e svirtuaisd e Projeto,
5I.80.26.24.20.16.16,Animaçõ e s,
5I.80.26.24.20.18,Publicaçõ e snamídia,
5I.80.26.24.20.18.10,Comunica do sàimpr e nsa,
5I.80.26.24.20.18.12,Publicação em r e vistas,
5I.80.26.24.20.20,Prêmiosd e Projeto,
5I.80.26.26,Gestãodeinformaçõ e s do Projeto,
5I.80.30,Comunicaçõ e s do Projeto,
5I.80.30.10,Agenda,
5I.80.30.12,Atas,
5I.80.30.12.10,Audiências,
5I.80.30.12.12,Conf e rências,
5I.80.30.12.14,Reuniõ e s,
5I.80.30.12.16,Tel e fone,
5I.80.30.14,Itensd e toma da d e ação,
5I.80.30.16,E-mail,
5I.80.30.18,Transmissõ e s,
5I.80.30.20,Fax,
5I.80.30.22,Correspondência,
5I.80.30.24,Memoran do s,
5I.80.30.26,Ori e ntaçõ e s/avisos,
5I.80.44,Dadosdo escopo do Projeto,
5I.80.44.10,Levantamentosd e quanti da de,
5I.80.44.12,Tabelasdequantidades da áreado e scopo,
5I.80.44.14,Tabelasdequantidadesdael e mentosdo e scopo,
5I.80.44.16,Tabelasderesulta do s do trabalhodo e scopo,
5I.80.66,Inormaçõesd e custo do Projeto,
5I.80.66.10,Dadosdeorçamento do Projeto,
5I.80.66.10.10,Custosunitários da área,
5I.80.66.10.12,Anális e sorçam e ntáriasbas e a da snaárea,
5I.80.66.12,Dados de estimativa de custos,
5I.80.66.12.10,Estimativasdecustocombaseem e l e mentos,
5I.80.66.12.12,Estimativasdecustocombas e nosr e sulta do s dostrabalhos,
5I.80.66.12.14,Preçosunitáriosdos e l e mentos,
5I.80.66.12.16,Preçosunitários do smat e riais/elementos,
5I.80.66.14,Preçomáximogarantido,
5I.80.66.14.10,Ref e rênciasiniciaisd e produção,
5I.80.66.14.12,Referênciasr e visa da sd e produção,
5I.80.66.16,Análisesdedes em p e nho de custo,
5I.80.67.16.10,Análisesdecusto de ciclo de vi da útil,
5I.80.67.16.12,Relatóriossobreaumentoser e duçõ e sd e custo,
5I.80.67.16.14,Mudançasnoprojetodecorrent e sde e ng e nharia devalor,
5I.80.67.18,Dadosde com pra/licitação,
5I.80.67.18.10,Tabulação da licitação,
5I.80.67.18.12,Propostasdesub em pr e it e iros,
5I.80.67.18.14,Propostasdefornecedor e sd em at e riais,
5I.80.80,Dados da condiçãoatual do Projeto,
5I.80.80.10,Dados de transporte no cant e iro e área no entorno,
5I.80.80.10.10,Transport e público,
5I.80.80.10.12,Estu do sd e tráfego de v e ículosparticular e s,
5I.80.80.10.14,Informaçõessobrev e ículosd e s e rviço,
5I.80.80.10.16,Informaçõessobrev e ículosde em e rgência,
5I.80.80.10.18,Densi da de do tráfegov e icular,
5I.80.80.12,Informaçõesdeplanejamentosobr e ot e rr e no,
5I.80.80.12.10,Informaçõesdeplanejamento do uso do solo,
5I.80.80.12.12,Informaçõesd e zon e amento,
5I.80.80.14,Dadosambientais e xist e nt e s,
5I.80.80.14.10,Característicasatmosféricas em e t e orológicasdo local,
5I.80.80.14.10.10,Incidênciasolarnalocali da de,
5I.80.80.14.10.12,Temp e raturanalocali da de,
5I.80.80.14.10.14,Precipitaçãonalocali da de,
5I.80.80.14.10.16,Umidadenalocali da de,
5I.80.80.14.10.18,Ventosnalocali da de,
5I.80.80.14.10.20,Iluminaçãonalocali da de,
5I.80.80.14.10.22,Poluição do arnalocali da de,
5I.80.80.14.12,Característicasg e ológicas da locali da de,
5I.80.80.14.12.10,Atividadesísmicanalocali da de,
5I.80.80.14.12.12,Atividadevulcânicanalocali da de,
5I.80.80.16,Dadosexistent e ssobr e alocali da de,
5I.80.80.16.10,Informaçõesl e gais da locali da de,
5I.80.80.16.10.10,Descriçãol e gal:limit e s da proprie da de,
5I.80.80.16.12,Imagensexistent e s da locali da de,
5I.80.80.16.12.10,Fotografias da locali da de,
5I.80.80.16.14,Levantamentosarqu e ológicos,
5I.80.80.16.16,Dadosg e ofísicos da locali da de,
51.80.80.16.16.10,Levantamentotopográfico/mediçõ e sda locali da de,
5I.80.80.16.16.12,Dadostopográficos da locali da de,
5I.80.80.16.16.14,Dadosfisiográficos da locali da de,
5I.80.80.16.16.16,Melhoriasexist e nt e snalocali da de,
5I.80.80.16.16.18,Dadossobr e utilitários da locali da de,
5I.80.80.16.20,Dadosg e otécnicos da locali da de,
5I.80.80.16.20.10,Relatório de solos,
5I.80.80.16.22,Dadosd e avaliaçãoambi e ntal,
5I.80.80.16.22.10,Dadossobremateriais e xist e nt e s,
5I.80.80.16.22.12,Dadossobremateriaisperigosos e xist e nt e s,
5I.80.80.16.24,Dadosdeimpactosambientaisg e ra do sp e laação dohom e m,
5I.80.80.16.26,Dadosd e impactosbiológicos(nãog e ra do sp e la ação do hom e m),
5I.80.80.16.28,Relatóriossobrecondições e xist e nt e s,
5I.80.80.18,Informaçõesexist e nt e ssobr e ainstalação,
5I.80.80.18.10,Imagensexist e nt e s da instalação,
5I.80.80.18.10.10,Fotografiasdecondições e xist e nt e s,
5I.80.80.18.12,Documentação e xist e nte da instalação,
5I.80.80.18.12.10,Desenhossobrecondições e xist e nt e s,
5I.80.80.18.12.12,Especificaçõesdemelhorias e xist e nt e s,
5I.80.80.18.14,Levantamentosexist e nt e s da instalação,
5I.80.80.18.14.10,Documentosdem e diçõ e s da instalação,
5I.80.80.18.14.12,Relatóriosd e avaliação,
5I.80.80.18.14.14,Levantamentosdeelementos e xist e nt e s,
5I.80.80.18.14.16,Levantamentosdemateriais e xist e nt e s,
5I.80.80.18.14.16.10,Levantamentosdemateriaisperigosos e xist e nt e s,
5I.80.80.18.16,Dadoshistóricos da instalação,
5I.80.86,Mo de losd e inormaçõ e s do Projeto,
5I.80.86.10,Mo de los com postos,
5I.80.86.10.10,Mo de lag em nativa/formatosnativosd e arquivos,
5I.80.86.10.12,Mo de lag em nãonativa/formatosnãonativosde arquivos,
5I.80.86.12,Mo de losanalíticos/conjuntosd e trabalho,
5I.80.86.12.10,Modelosbaseadosemd e s em p e nho,
5I.80.86.12.10.10,Mo de losd e utilização do local,
5I.80.86.12.10.12,Mo de losd e impactosolar,
5I.80.86.12.12,Modelosbas e a do s em custo,
5I.80.86.12.12.10,Mo de losfinanc e iros,
5I.80.86.12.12.12,Mo de losd e custos,
5I.80.86.12.12.14,Mo de los e n e rgéticos,
5I.80.86.12.12.16,Modelosd e ciclo de vi da útil,
5I.80.86.12.14,Modelosbas e a do snotempo,
5I.80.86.12.14.10,Modelos da s e quência de construção,
5I.80.86.12.14.12,Mo de losd e construçãotemporária,
5I.80.86.14,Projetoauxilia do por com puta do r(CAD),
5I.80.86.14.10,Conjuntosde de s e nhos com postos,
5I.80.86.14.12,Conjuntosde de s e nhosd e disciplina,
5I.80.90,Docum e ntação do Projeto,
5I.80.90.10,Informaçõespreliminar e sd e Projeto,
5I.80.90.10.10,Estu do sd e viabili da de,
5I.80.90.10.12,Normasd e Projeto,
5I.80.90.10.12.10,Normasd e proj e tosust e ntável,
5I.80.90.10.14,Dados programáticos,
5I.80.90.10.14.10,Dir e triz e s/requisitos do propri e tário,
5I.80.90.10.14.12,Metas do Projeto,
5I.80.90.10.14.14,Matriz de requisitos do programa,
5I.80.90.10.14.16,Notaspreliminar e sd e Projeto,
5I.80.90.10.14.18,Programação,
5I.80.90.10.16,Imag e nsfotográficas,
5I.80.90.10.18,Revisõespreliminar e sd e Projeto,
5I.80.90.10.18.10,revisão de zon e amento,
5I.80.90.10.20,CritériosparaDefinição de e l e mentos/Montagem/ sist em as,
5I.80.90.10.20.10,Elementos/Montagem/sist em asconsi de ra do s,
5I.80.90.10.20.12,Elementos/Montagem/sist em as e scolhi do s,
5I.80.90.10.22,Critérios para d e finição de produtos/mat e riais,
5I.80.90.10.22.10,Mat e riais consi de ra do s,
5I.80.90.10.22.12,Mat e riais e scolhi do s,
5I.80.90.10.24,Relatórios/estu do s,
5I.80.90.10.24.10,Estudosd e ac e ssibili da de,
5I.80.90.12,Docum e ntação de projeto,
5I.80.90.12.10,Programação,
5I.80.90.12.12,Esboçosd e Projeto,
5I.80.90.12.12.10,Esboços com postos,
5I.80.90.12.12.12,Esboços em 3D,
5I.80.90.12.12.14,Esboçosd e planta,
5I.80.90.12.12.16,Esboçosde e l e vação/seção,
5I.80.90.12.14,"Ilustraçõ e s,renderizaçõ e s e animaçõ e s",
5I.80.90.12.14.10,Ilustraçõ e sf e itasàmão,
5I.80.90.12.14.12,Ilustraçõ e s/renderizaçõ e sg e ra da sporsotware,
5I.80.90.12.14.12.10,Animaçõ e s,
5I.80.90.12.16,Mo de los,
5I.80.90.12.16.10,Mo de losf e itosàmão,
5I.80.90.12.16.12,Modelosproduzi do s em impr e ssora3D,
5I.80.90.12.18,Desenhosd e Projeto,
5I.80.90.12.18.10,Desenhos com postos,
5I.80.90.12.18.12,Desenhostridim e nsionais/3D,
5I.80.90.12.18.14,Desenhosd e plantas,
5I.80.90.12.18.16,Desenhosde e l e vação/seção,
5I.80.90.12.20,ConjuntosdeDesenhosda documentação do Projeto,
5I.80.90.12.20.10,Conjuntosd em arcosde e tapas,
5I.80.90.12.20.12,Apr e s e ntaçõ e s,
5I.80.90.12.20.14,Submissões para concurso de projetos,
5I.80.90.12.22,Especificaçõesd e d e finiçãode e scopo,
5I.80.90.12.22.10,Descriçõespreliminar e sd e Projeto,
5I.80.90.12.22.12,Resumoder e sulta do s do trabalho,
5I.80.90.12.24,Revisõ e sd e Projeto,
5I.80.90.12.24.10,Documentos de proprie da de,
5I.80.90.12.24.12,Anális e sd e códigos,
5I.80.90.12.26,Digitalizaçõ e s,
5I.80.90.14,Docum e ntação de contrato,
5I.80.90.14.10,Acor do s/contratos,
5I.80.90.14.10.10,Contrato com valorestipulado(contratoprincipal único),
5I.80.90.14.10.12,Contrato com valorestipulado(múltiploscontratos),
5I.80.90.14.10.14,Contratodeger e nciamento da construção (contratoprincipalúnico),
5I.80.90.14.10.16,Contratodeger e nciamento da construção (múltiploscontratos),
5I.80.90.14.10.18,Contrato de custos+honorários(contrato principalúnico),
5I.80.90.14.10.20,Contrato de custos+honorários(múltiplos contratos),
5I.80.90.14.10.22,Contrato de pr e çounitário(contratoprincipalúnico),
5I.80.90.14.10.24,Contrato de pr e çounitário(múltiploscontratos),
5I.80.90.14.10.26,Contrato de projeto e construção(contratoprincipal único),
5I.80.90.14.10.28,Contrato de projeto e construção(múltiplos contratos),
5I.80.90.14.10.30,Contratode com pra/aquisição,
5I.80.90.14.10.32,Contratode e x e cução,
5I.80.90.14.10.60,ContratointegradodeEntrega de projeto(IPD),
5I.80.90.14.12,Arquivos/visualizaçõ e sd e Projeto,
5I.80.90.14.12.10,Visualizaçõ e s em 3D,
5I.80.90.14.12.10.10,Diagramas,
5I.80.90.14.12.10.12,Axonom e tria,
5I.80.90.14.12.10.14,Persp e ctivas,
5I.80.90.14.12.14,Vistashorizontais em 2D,
5I.80.90.14.12.14.10,Plantas do local,
5I.80.90.14.12.14.12,Plantasbaixas,
5I.80.90.14.12.14.14,Vistasd e larga e scala em planta,
5I.80.90.14.12.14.16,Detalh e sd e plantas,
5I.80.90.14.12.16,Vistas verticais em 2D,
5I.80.90.14.12.16.10,Seção/elevaçõ e sd e construção do local,
5I.80.90.14.12.16.12,Seção/elevaçõesdos e l e mentos,
5I.80.90.14.12.16.14,Detalh e sv e rticais,
5I.80.90.14.14,Fichas,
5I.80.90.14.14.10,Índic e d e fichas,
5I.80.90.14.14.12,Fichasd e acabamentos,
5I.80.90.14.14.14,Fichasd e trabalhos,
5I.80.90.14.16,Conjuntosdedocumentose de s e nhos do contrato,
5I.80.90.14.16.10,Conjunto de d e s e nhos-Roteiro de d e s e nhos,
5I.80.90.14.16.12,Conjuntosd e d e s e nhos,
5I.80.90.14.16.12.10,Docum e ntaçãofotográfica,
5I.80.90.14.18,Manuaisd e Projeto,
5I.80.90.14.18.10,Requisitos de proposta e contrato,
5I.80.90.14.18.12,Esp e cificaçõ e stécnicas,
5I.80.90.14.18.14,Tab e lasd em at e riais/elementos,
5I.80.90.14.18.16,Manuald e d e talh e s,
5I.80.90.14.20,Modificaçõ e s,
5I.80.90.14.20.10,Aden do s,
5I.80.90.14.20.10.10,Esclar e cimentos,
5I.80.90.14.20.10.12,Pequenasalt e raçõ e s do trabalho,
5I.80.90.14.20.12,Ord e nsd em u da nça,
5I.80.90.14.20.12.10,Mudançasnovalor total do contrato,
5I.80.90.14.20.12.12,Mudançasnotempo docontrato,
5I.80.90.14.20.14,Diretrizes para alt e raçõ e snaconstrução,
5I.80.90.14.20.16,Desenhoscompl em e ntar e s,
5I.80.90.14.20.16.10,Registrodedesenhoscompl em e ntar e s,
5I.80.90.16,Dadosd e aquisiçõ e se com pras,
5I.80.90.16.10,solicitação de qualificaçõ e s,
5I.80.90.16.12,Solicitaçõ e sd e propostas em licitação,
5I.80.90.16.12.10,Anúncios para propostas,
5I.80.90.16.12.12,Instruçõesparalicitantes e propon e nt e s,
5I.80.90.16.12.14,Especificações para licitação,
5I.80.90.16.12.16,Registrosdiáriosd e licitante,
5I.80.90.16.12.18,Índice de d e s e nhosnalicitação,
5I.80.90.16.12.20,Alt e rnativas/opçõ e s,
5I.80.90.16.14,Solicitaçõesde e sclar e cimentos(RFC),
5I.80.90.16.14.10,Registrosdesolicitaçõesde e sclar e cimentos(RFC),
5I.80.90.16.16,Solicitaçõ e sd e aprovaçãoprévia,
5I.80.90.16.16.10,Proc e dimentos para aprovaçãoprévia,
5I.80.90.16.18,Aden do s,
5I.80.90.16.20,Conf e rênciaspré-licitação,
5I.80.90.16.22,Propostas para licitação,
5I.80.90.16.22.10,Tabulação da licitação,
5I.80.90.16.24,Garantias,
5I.80.90.18,Informaçõ e s da construção,
5I.80.90.18.10,Notificação para proc e dimento,
5I.80.90.18.12,Cronogramasd e construção,
5I.80.90.18.12.10,Cronogramasd e submissão,
5I.80.90.18.14,Solicitaçõ e sd e substituição,
5I.80.90.18.16,Solicitaçõ e sd e informação(RFI),
5I.80.90.18.16.10,Registrosd e solicitaçõ e sd e informação(RFI),
5I.80.90.18.18,Solicitaçõ e sd e aprovaçõ e s/submissõ e s,
5I.80.90.18.18.10,Registrosdesolicitaçõ e sd e aprovaçõ e s/ submissõ e s,
5I.80.90.18.18.12,Fichasdedadosdes e gurança do smat e riais (MSDS),
5I.80.90.18.20,Solicitaçõ e sd em u da nça(RFC),
5I.80.90.18.20.10,Registrosdesolicitaçõ e sd em u da nça(RFC),
5I.80.90.18.22,Diretriz e sd em u da nça,
5I.80.90.18.22.10,Registrosdediretriz e sd em u da nça,
5I.80.90.18.24,Autorizaçõ e sd em u da nça,
5I.80.90.18.26,Solicitaçõesdealt e ração de projetos,
5I.80.90.18.28,Mudanças do valor total do contrato/tempo do contrato,
5I.80.90.18.28.10,Registrodesolicitaçõesdealt e ração de projetos,
5I.80.90.18.30,Autorizaçõesd e pagamento de abono/adicional,
5I.80.90.18.32,Autorizaçõ e sd e pagamento,
5I.80.90.18.32.10,Programação de valores,
5I.80.90.18.32.12,Registro de pagamentos,
5I.80.90.18.32.14,Esboçosdeautorizaçõ e sd e pagamento,
5I.80.90.18.32.16,Autorizaçõesd e pagamentoaprova da s,
5I.80.90.18.34,Relatóriosd e campo,
5I.80.90.18.34.10,Relatóriosesp e ciaisd e Inspeção,
5I.80.90.18.36,Relatóriosd em éto do sde e nsaio,
5I.80.90.18.38,Registro fotográfico da construção,
5I.80.90.18.38.10,Imagensdecâm e rascon e cta da sàint e rn e t,
5I.80.90.18.40,Medidasreais e x e cuta da snaobra(as-built),
5I.80.90.18.42,Dadossobr e técnica de construção,
5I.80.90.18.44,Garantias,
5I.80.90.18.46,Lic e nças/Permissões,
5I.80.90.20,Informaçõ e sd e conclusão,
5I.80.90.20.10,Listasd e r e quisitos para conclusão,
5I.80.90.20.10.10,Submissõ e s para conclusão,
5I.80.90.20.12,Certidãodeac e it e d e trabalho,
5I.80.90.20.12.10,Listasd e p e ndências,
5I.80.90.20.14,Certidõ e sd e ocupação(Habite-se),
5I.80.90.20.14.10,Certidõ e sd e ocupaçãotemporária,
5I.80.90.20.16,Notificação de conclusão de finitiva,
5I.80.90.20.18,Registro de documentos,
5I.80.90.20.18.10,Registro de d e s e nhos,
5I.80.90.20.18.12,Registrod em anuald e Projeto,
5I.80.90.20.18.14,Registrodealt e raçãode documentos,
5I.80.90.20.20,Evidênciasfotográficas do proj e toconcluído,
5I.80.90.20.24,Revisõ e spós-construção,
5I.80.90.22,Coordenação para mu da nçafísica,
5I.80.90.22.10,Cal e ndáriod em u da nçafísica,
5I.80.90.22.12,PlanodeCoordenaçãod em u da nçafísica,
5I.80.90.24,Deman da sd e construção,
5I.80.90.24.10,Comunicaçõesda com panhias e gura do ra,
5I.80.90.24.12,problemas,
5I.80.90.24.14,Deman da s,
5I.80.90.24.14.10,Registro de deman da s,
5I.80.90.24.16,Consultoria em d em an da s,
5I.80.90.26,Dadosd e op e ração da instalação,
5I.80.90.26.10,Bancodedadosdeg e stão de instalações,
5I.80.90.26.10.10,Informaçõ e sgráficasbásicas,
5I.80.90.26.10.12,Atributosd e dados,
5I.80.90.26.12,Manuaisd e op e ração&Manutenção(O&M),
5I.80.90.26.14,Mat e riaisd e instrução e capacitação,
5I.80.90.26.16,Registrosd em anut e nção,
